                                      1 ;--------------------------------------------------------
                                      2 ; File Created by SDCC : free open source ANSI-C Compiler
                                      3 ; Version 4.1.0 #12072 (Mac OS X x86_64)
                                      4 ;--------------------------------------------------------
                                      5 	.module stm8s_tim1
                                      6 	.optsdcc -mstm8
                                      7 	
                                      8 ;--------------------------------------------------------
                                      9 ; Public variables in this module
                                     10 ;--------------------------------------------------------
                                     11 	.globl _assert_failed
                                     12 	.globl _TIM1_DeInit
                                     13 	.globl _TIM1_TimeBaseInit
                                     14 	.globl _TIM1_OC1Init
                                     15 	.globl _TIM1_OC2Init
                                     16 	.globl _TIM1_OC3Init
                                     17 	.globl _TIM1_OC4Init
                                     18 	.globl _TIM1_BDTRConfig
                                     19 	.globl _TIM1_ICInit
                                     20 	.globl _TIM1_PWMIConfig
                                     21 	.globl _TIM1_Cmd
                                     22 	.globl _TIM1_CtrlPWMOutputs
                                     23 	.globl _TIM1_ITConfig
                                     24 	.globl _TIM1_InternalClockConfig
                                     25 	.globl _TIM1_ETRClockMode1Config
                                     26 	.globl _TIM1_ETRClockMode2Config
                                     27 	.globl _TIM1_ETRConfig
                                     28 	.globl _TIM1_TIxExternalClockConfig
                                     29 	.globl _TIM1_SelectInputTrigger
                                     30 	.globl _TIM1_UpdateDisableConfig
                                     31 	.globl _TIM1_UpdateRequestConfig
                                     32 	.globl _TIM1_SelectHallSensor
                                     33 	.globl _TIM1_SelectOnePulseMode
                                     34 	.globl _TIM1_SelectOutputTrigger
                                     35 	.globl _TIM1_SelectSlaveMode
                                     36 	.globl _TIM1_SelectMasterSlaveMode
                                     37 	.globl _TIM1_EncoderInterfaceConfig
                                     38 	.globl _TIM1_PrescalerConfig
                                     39 	.globl _TIM1_CounterModeConfig
                                     40 	.globl _TIM1_ForcedOC1Config
                                     41 	.globl _TIM1_ForcedOC2Config
                                     42 	.globl _TIM1_ForcedOC3Config
                                     43 	.globl _TIM1_ForcedOC4Config
                                     44 	.globl _TIM1_ARRPreloadConfig
                                     45 	.globl _TIM1_SelectCOM
                                     46 	.globl _TIM1_CCPreloadControl
                                     47 	.globl _TIM1_OC1PreloadConfig
                                     48 	.globl _TIM1_OC2PreloadConfig
                                     49 	.globl _TIM1_OC3PreloadConfig
                                     50 	.globl _TIM1_OC4PreloadConfig
                                     51 	.globl _TIM1_OC1FastConfig
                                     52 	.globl _TIM1_OC2FastConfig
                                     53 	.globl _TIM1_OC3FastConfig
                                     54 	.globl _TIM1_OC4FastConfig
                                     55 	.globl _TIM1_GenerateEvent
                                     56 	.globl _TIM1_OC1PolarityConfig
                                     57 	.globl _TIM1_OC1NPolarityConfig
                                     58 	.globl _TIM1_OC2PolarityConfig
                                     59 	.globl _TIM1_OC2NPolarityConfig
                                     60 	.globl _TIM1_OC3PolarityConfig
                                     61 	.globl _TIM1_OC3NPolarityConfig
                                     62 	.globl _TIM1_OC4PolarityConfig
                                     63 	.globl _TIM1_CCxCmd
                                     64 	.globl _TIM1_CCxNCmd
                                     65 	.globl _TIM1_SelectOCxM
                                     66 	.globl _TIM1_SetCounter
                                     67 	.globl _TIM1_SetAutoreload
                                     68 	.globl _TIM1_SetCompare1
                                     69 	.globl _TIM1_SetCompare2
                                     70 	.globl _TIM1_SetCompare3
                                     71 	.globl _TIM1_SetCompare4
                                     72 	.globl _TIM1_SetIC1Prescaler
                                     73 	.globl _TIM1_SetIC2Prescaler
                                     74 	.globl _TIM1_SetIC3Prescaler
                                     75 	.globl _TIM1_SetIC4Prescaler
                                     76 	.globl _TIM1_GetCapture1
                                     77 	.globl _TIM1_GetCapture2
                                     78 	.globl _TIM1_GetCapture3
                                     79 	.globl _TIM1_GetCapture4
                                     80 	.globl _TIM1_GetCounter
                                     81 	.globl _TIM1_GetPrescaler
                                     82 	.globl _TIM1_GetFlagStatus
                                     83 	.globl _TIM1_ClearFlag
                                     84 	.globl _TIM1_GetITStatus
                                     85 	.globl _TIM1_ClearITPendingBit
                                     86 ;--------------------------------------------------------
                                     87 ; ram data
                                     88 ;--------------------------------------------------------
                                     89 	.area DATA
                                     90 ;--------------------------------------------------------
                                     91 ; ram data
                                     92 ;--------------------------------------------------------
                                     93 	.area INITIALIZED
                                     94 ;--------------------------------------------------------
                                     95 ; absolute external ram data
                                     96 ;--------------------------------------------------------
                                     97 	.area DABS (ABS)
                                     98 
                                     99 ; default segment ordering for linker
                                    100 	.area HOME
                                    101 	.area GSINIT
                                    102 	.area GSFINAL
                                    103 	.area CONST
                                    104 	.area INITIALIZER
                                    105 	.area CODE
                                    106 
                                    107 ;--------------------------------------------------------
                                    108 ; global & static initialisations
                                    109 ;--------------------------------------------------------
                                    110 	.area HOME
                                    111 	.area GSINIT
                                    112 	.area GSFINAL
                                    113 	.area GSINIT
                                    114 ;--------------------------------------------------------
                                    115 ; Home
                                    116 ;--------------------------------------------------------
                                    117 	.area HOME
                                    118 	.area HOME
                                    119 ;--------------------------------------------------------
                                    120 ; code
                                    121 ;--------------------------------------------------------
                                    122 	.area CODE
                                    123 ;	../..//StdPeriph_Driver/STM8S_StdPeriph_Driver//src/stm8s_tim1.c: 58: void TIM1_DeInit(void)
                                    124 ;	-----------------------------------------
                                    125 ;	 function TIM1_DeInit
                                    126 ;	-----------------------------------------
      000000                        127 _TIM1_DeInit:
                                    128 ;	../..//StdPeriph_Driver/STM8S_StdPeriph_Driver//src/stm8s_tim1.c: 60: TIM1->CR1  = TIM1_CR1_RESET_VALUE;
      000000 35 00 52 50      [ 1]  129 	mov	0x5250+0, #0x00
                                    130 ;	../..//StdPeriph_Driver/STM8S_StdPeriph_Driver//src/stm8s_tim1.c: 61: TIM1->CR2  = TIM1_CR2_RESET_VALUE;
      000004 35 00 52 51      [ 1]  131 	mov	0x5251+0, #0x00
                                    132 ;	../..//StdPeriph_Driver/STM8S_StdPeriph_Driver//src/stm8s_tim1.c: 62: TIM1->SMCR = TIM1_SMCR_RESET_VALUE;
      000008 35 00 52 52      [ 1]  133 	mov	0x5252+0, #0x00
                                    134 ;	../..//StdPeriph_Driver/STM8S_StdPeriph_Driver//src/stm8s_tim1.c: 63: TIM1->ETR  = TIM1_ETR_RESET_VALUE;
      00000C 35 00 52 53      [ 1]  135 	mov	0x5253+0, #0x00
                                    136 ;	../..//StdPeriph_Driver/STM8S_StdPeriph_Driver//src/stm8s_tim1.c: 64: TIM1->IER  = TIM1_IER_RESET_VALUE;
      000010 35 00 52 54      [ 1]  137 	mov	0x5254+0, #0x00
                                    138 ;	../..//StdPeriph_Driver/STM8S_StdPeriph_Driver//src/stm8s_tim1.c: 65: TIM1->SR2  = TIM1_SR2_RESET_VALUE;
      000014 35 00 52 56      [ 1]  139 	mov	0x5256+0, #0x00
                                    140 ;	../..//StdPeriph_Driver/STM8S_StdPeriph_Driver//src/stm8s_tim1.c: 67: TIM1->CCER1 = TIM1_CCER1_RESET_VALUE;
      000018 35 00 52 5C      [ 1]  141 	mov	0x525c+0, #0x00
                                    142 ;	../..//StdPeriph_Driver/STM8S_StdPeriph_Driver//src/stm8s_tim1.c: 68: TIM1->CCER2 = TIM1_CCER2_RESET_VALUE;
      00001C 35 00 52 5D      [ 1]  143 	mov	0x525d+0, #0x00
                                    144 ;	../..//StdPeriph_Driver/STM8S_StdPeriph_Driver//src/stm8s_tim1.c: 70: TIM1->CCMR1 = 0x01;
      000020 35 01 52 58      [ 1]  145 	mov	0x5258+0, #0x01
                                    146 ;	../..//StdPeriph_Driver/STM8S_StdPeriph_Driver//src/stm8s_tim1.c: 71: TIM1->CCMR2 = 0x01;
      000024 35 01 52 59      [ 1]  147 	mov	0x5259+0, #0x01
                                    148 ;	../..//StdPeriph_Driver/STM8S_StdPeriph_Driver//src/stm8s_tim1.c: 72: TIM1->CCMR3 = 0x01;
      000028 35 01 52 5A      [ 1]  149 	mov	0x525a+0, #0x01
                                    150 ;	../..//StdPeriph_Driver/STM8S_StdPeriph_Driver//src/stm8s_tim1.c: 73: TIM1->CCMR4 = 0x01;
      00002C 35 01 52 5B      [ 1]  151 	mov	0x525b+0, #0x01
                                    152 ;	../..//StdPeriph_Driver/STM8S_StdPeriph_Driver//src/stm8s_tim1.c: 75: TIM1->CCER1 = TIM1_CCER1_RESET_VALUE;
      000030 35 00 52 5C      [ 1]  153 	mov	0x525c+0, #0x00
                                    154 ;	../..//StdPeriph_Driver/STM8S_StdPeriph_Driver//src/stm8s_tim1.c: 76: TIM1->CCER2 = TIM1_CCER2_RESET_VALUE;
      000034 35 00 52 5D      [ 1]  155 	mov	0x525d+0, #0x00
                                    156 ;	../..//StdPeriph_Driver/STM8S_StdPeriph_Driver//src/stm8s_tim1.c: 77: TIM1->CCMR1 = TIM1_CCMR1_RESET_VALUE;
      000038 35 00 52 58      [ 1]  157 	mov	0x5258+0, #0x00
                                    158 ;	../..//StdPeriph_Driver/STM8S_StdPeriph_Driver//src/stm8s_tim1.c: 78: TIM1->CCMR2 = TIM1_CCMR2_RESET_VALUE;
      00003C 35 00 52 59      [ 1]  159 	mov	0x5259+0, #0x00
                                    160 ;	../..//StdPeriph_Driver/STM8S_StdPeriph_Driver//src/stm8s_tim1.c: 79: TIM1->CCMR3 = TIM1_CCMR3_RESET_VALUE;
      000040 35 00 52 5A      [ 1]  161 	mov	0x525a+0, #0x00
                                    162 ;	../..//StdPeriph_Driver/STM8S_StdPeriph_Driver//src/stm8s_tim1.c: 80: TIM1->CCMR4 = TIM1_CCMR4_RESET_VALUE;
      000044 35 00 52 5B      [ 1]  163 	mov	0x525b+0, #0x00
                                    164 ;	../..//StdPeriph_Driver/STM8S_StdPeriph_Driver//src/stm8s_tim1.c: 81: TIM1->CNTRH = TIM1_CNTRH_RESET_VALUE;
      000048 35 00 52 5E      [ 1]  165 	mov	0x525e+0, #0x00
                                    166 ;	../..//StdPeriph_Driver/STM8S_StdPeriph_Driver//src/stm8s_tim1.c: 82: TIM1->CNTRL = TIM1_CNTRL_RESET_VALUE;
      00004C 35 00 52 5F      [ 1]  167 	mov	0x525f+0, #0x00
                                    168 ;	../..//StdPeriph_Driver/STM8S_StdPeriph_Driver//src/stm8s_tim1.c: 83: TIM1->PSCRH = TIM1_PSCRH_RESET_VALUE;
      000050 35 00 52 60      [ 1]  169 	mov	0x5260+0, #0x00
                                    170 ;	../..//StdPeriph_Driver/STM8S_StdPeriph_Driver//src/stm8s_tim1.c: 84: TIM1->PSCRL = TIM1_PSCRL_RESET_VALUE;
      000054 35 00 52 61      [ 1]  171 	mov	0x5261+0, #0x00
                                    172 ;	../..//StdPeriph_Driver/STM8S_StdPeriph_Driver//src/stm8s_tim1.c: 85: TIM1->ARRH  = TIM1_ARRH_RESET_VALUE;
      000058 35 FF 52 62      [ 1]  173 	mov	0x5262+0, #0xff
                                    174 ;	../..//StdPeriph_Driver/STM8S_StdPeriph_Driver//src/stm8s_tim1.c: 86: TIM1->ARRL  = TIM1_ARRL_RESET_VALUE;
      00005C 35 FF 52 63      [ 1]  175 	mov	0x5263+0, #0xff
                                    176 ;	../..//StdPeriph_Driver/STM8S_StdPeriph_Driver//src/stm8s_tim1.c: 87: TIM1->CCR1H = TIM1_CCR1H_RESET_VALUE;
      000060 35 00 52 65      [ 1]  177 	mov	0x5265+0, #0x00
                                    178 ;	../..//StdPeriph_Driver/STM8S_StdPeriph_Driver//src/stm8s_tim1.c: 88: TIM1->CCR1L = TIM1_CCR1L_RESET_VALUE;
      000064 35 00 52 66      [ 1]  179 	mov	0x5266+0, #0x00
                                    180 ;	../..//StdPeriph_Driver/STM8S_StdPeriph_Driver//src/stm8s_tim1.c: 89: TIM1->CCR2H = TIM1_CCR2H_RESET_VALUE;
      000068 35 00 52 67      [ 1]  181 	mov	0x5267+0, #0x00
                                    182 ;	../..//StdPeriph_Driver/STM8S_StdPeriph_Driver//src/stm8s_tim1.c: 90: TIM1->CCR2L = TIM1_CCR2L_RESET_VALUE;
      00006C 35 00 52 68      [ 1]  183 	mov	0x5268+0, #0x00
                                    184 ;	../..//StdPeriph_Driver/STM8S_StdPeriph_Driver//src/stm8s_tim1.c: 91: TIM1->CCR3H = TIM1_CCR3H_RESET_VALUE;
      000070 35 00 52 69      [ 1]  185 	mov	0x5269+0, #0x00
                                    186 ;	../..//StdPeriph_Driver/STM8S_StdPeriph_Driver//src/stm8s_tim1.c: 92: TIM1->CCR3L = TIM1_CCR3L_RESET_VALUE;
      000074 35 00 52 6A      [ 1]  187 	mov	0x526a+0, #0x00
                                    188 ;	../..//StdPeriph_Driver/STM8S_StdPeriph_Driver//src/stm8s_tim1.c: 93: TIM1->CCR4H = TIM1_CCR4H_RESET_VALUE;
      000078 35 00 52 6B      [ 1]  189 	mov	0x526b+0, #0x00
                                    190 ;	../..//StdPeriph_Driver/STM8S_StdPeriph_Driver//src/stm8s_tim1.c: 94: TIM1->CCR4L = TIM1_CCR4L_RESET_VALUE;
      00007C 35 00 52 6C      [ 1]  191 	mov	0x526c+0, #0x00
                                    192 ;	../..//StdPeriph_Driver/STM8S_StdPeriph_Driver//src/stm8s_tim1.c: 95: TIM1->OISR  = TIM1_OISR_RESET_VALUE;
      000080 35 00 52 6F      [ 1]  193 	mov	0x526f+0, #0x00
                                    194 ;	../..//StdPeriph_Driver/STM8S_StdPeriph_Driver//src/stm8s_tim1.c: 96: TIM1->EGR   = 0x01; /* TIM1_EGR_UG */
      000084 35 01 52 57      [ 1]  195 	mov	0x5257+0, #0x01
                                    196 ;	../..//StdPeriph_Driver/STM8S_StdPeriph_Driver//src/stm8s_tim1.c: 97: TIM1->DTR   = TIM1_DTR_RESET_VALUE;
      000088 35 00 52 6E      [ 1]  197 	mov	0x526e+0, #0x00
                                    198 ;	../..//StdPeriph_Driver/STM8S_StdPeriph_Driver//src/stm8s_tim1.c: 98: TIM1->BKR   = TIM1_BKR_RESET_VALUE;
      00008C 35 00 52 6D      [ 1]  199 	mov	0x526d+0, #0x00
                                    200 ;	../..//StdPeriph_Driver/STM8S_StdPeriph_Driver//src/stm8s_tim1.c: 99: TIM1->RCR   = TIM1_RCR_RESET_VALUE;
      000090 35 00 52 64      [ 1]  201 	mov	0x5264+0, #0x00
                                    202 ;	../..//StdPeriph_Driver/STM8S_StdPeriph_Driver//src/stm8s_tim1.c: 100: TIM1->SR1   = TIM1_SR1_RESET_VALUE;
      000094 35 00 52 55      [ 1]  203 	mov	0x5255+0, #0x00
                                    204 ;	../..//StdPeriph_Driver/STM8S_StdPeriph_Driver//src/stm8s_tim1.c: 101: }
      000098 81               [ 4]  205 	ret
                                    206 ;	../..//StdPeriph_Driver/STM8S_StdPeriph_Driver//src/stm8s_tim1.c: 111: void TIM1_TimeBaseInit(uint16_t TIM1_Prescaler,
                                    207 ;	-----------------------------------------
                                    208 ;	 function TIM1_TimeBaseInit
                                    209 ;	-----------------------------------------
      000099                        210 _TIM1_TimeBaseInit:
                                    211 ;	../..//StdPeriph_Driver/STM8S_StdPeriph_Driver//src/stm8s_tim1.c: 117: assert_param(IS_TIM1_COUNTER_MODE_OK(TIM1_CounterMode));
      000099 0D 05            [ 1]  212 	tnz	(0x05, sp)
      00009B 27 27            [ 1]  213 	jreq	00104$
      00009D 7B 05            [ 1]  214 	ld	a, (0x05, sp)
      00009F A1 10            [ 1]  215 	cp	a, #0x10
      0000A1 27 21            [ 1]  216 	jreq	00104$
      0000A3 7B 05            [ 1]  217 	ld	a, (0x05, sp)
      0000A5 A1 20            [ 1]  218 	cp	a, #0x20
      0000A7 27 1B            [ 1]  219 	jreq	00104$
      0000A9 7B 05            [ 1]  220 	ld	a, (0x05, sp)
      0000AB A1 40            [ 1]  221 	cp	a, #0x40
      0000AD 27 15            [ 1]  222 	jreq	00104$
      0000AF 7B 05            [ 1]  223 	ld	a, (0x05, sp)
      0000B1 A1 60            [ 1]  224 	cp	a, #0x60
      0000B3 27 0F            [ 1]  225 	jreq	00104$
      0000B5 4B 75            [ 1]  226 	push	#0x75
      0000B7 5F               [ 1]  227 	clrw	x
      0000B8 89               [ 2]  228 	pushw	x
      0000B9 4B 00            [ 1]  229 	push	#0x00
      0000BB 4Br00            [ 1]  230 	push	#<(___str_0+0)
      0000BD 4Bs00            [ 1]  231 	push	#((___str_0+0) >> 8)
      0000BF CDr00r00         [ 4]  232 	call	_assert_failed
      0000C2 5B 06            [ 2]  233 	addw	sp, #6
      0000C4                        234 00104$:
                                    235 ;	../..//StdPeriph_Driver/STM8S_StdPeriph_Driver//src/stm8s_tim1.c: 120: TIM1->ARRH = (uint8_t)(TIM1_Period >> 8);
      0000C4 7B 06            [ 1]  236 	ld	a, (0x06, sp)
      0000C6 C7 52 62         [ 1]  237 	ld	0x5262, a
                                    238 ;	../..//StdPeriph_Driver/STM8S_StdPeriph_Driver//src/stm8s_tim1.c: 121: TIM1->ARRL = (uint8_t)(TIM1_Period);
      0000C9 7B 07            [ 1]  239 	ld	a, (0x07, sp)
      0000CB C7 52 63         [ 1]  240 	ld	0x5263, a
                                    241 ;	../..//StdPeriph_Driver/STM8S_StdPeriph_Driver//src/stm8s_tim1.c: 124: TIM1->PSCRH = (uint8_t)(TIM1_Prescaler >> 8);
      0000CE 7B 03            [ 1]  242 	ld	a, (0x03, sp)
      0000D0 5F               [ 1]  243 	clrw	x
      0000D1 C7 52 60         [ 1]  244 	ld	0x5260, a
                                    245 ;	../..//StdPeriph_Driver/STM8S_StdPeriph_Driver//src/stm8s_tim1.c: 125: TIM1->PSCRL = (uint8_t)(TIM1_Prescaler);
      0000D4 7B 04            [ 1]  246 	ld	a, (0x04, sp)
      0000D6 C7 52 61         [ 1]  247 	ld	0x5261, a
                                    248 ;	../..//StdPeriph_Driver/STM8S_StdPeriph_Driver//src/stm8s_tim1.c: 128: TIM1->CR1 = (uint8_t)((uint8_t)(TIM1->CR1 & (uint8_t)(~(TIM1_CR1_CMS | TIM1_CR1_DIR)))
      0000D9 C6 52 50         [ 1]  249 	ld	a, 0x5250
      0000DC A4 8F            [ 1]  250 	and	a, #0x8f
                                    251 ;	../..//StdPeriph_Driver/STM8S_StdPeriph_Driver//src/stm8s_tim1.c: 129: | (uint8_t)(TIM1_CounterMode));
      0000DE 1A 05            [ 1]  252 	or	a, (0x05, sp)
      0000E0 C7 52 50         [ 1]  253 	ld	0x5250, a
                                    254 ;	../..//StdPeriph_Driver/STM8S_StdPeriph_Driver//src/stm8s_tim1.c: 132: TIM1->RCR = TIM1_RepetitionCounter;
      0000E3 AE 52 64         [ 2]  255 	ldw	x, #0x5264
      0000E6 7B 08            [ 1]  256 	ld	a, (0x08, sp)
      0000E8 F7               [ 1]  257 	ld	(x), a
                                    258 ;	../..//StdPeriph_Driver/STM8S_StdPeriph_Driver//src/stm8s_tim1.c: 133: }
      0000E9 81               [ 4]  259 	ret
                                    260 ;	../..//StdPeriph_Driver/STM8S_StdPeriph_Driver//src/stm8s_tim1.c: 154: void TIM1_OC1Init(TIM1_OCMode_TypeDef TIM1_OCMode,
                                    261 ;	-----------------------------------------
                                    262 ;	 function TIM1_OC1Init
                                    263 ;	-----------------------------------------
      0000EA                        264 _TIM1_OC1Init:
      0000EA 52 03            [ 2]  265 	sub	sp, #3
                                    266 ;	../..//StdPeriph_Driver/STM8S_StdPeriph_Driver//src/stm8s_tim1.c: 164: assert_param(IS_TIM1_OC_MODE_OK(TIM1_OCMode));
      0000EC 0D 06            [ 1]  267 	tnz	(0x06, sp)
      0000EE 27 2D            [ 1]  268 	jreq	00104$
      0000F0 7B 06            [ 1]  269 	ld	a, (0x06, sp)
      0000F2 A1 10            [ 1]  270 	cp	a, #0x10
      0000F4 27 27            [ 1]  271 	jreq	00104$
      0000F6 7B 06            [ 1]  272 	ld	a, (0x06, sp)
      0000F8 A1 20            [ 1]  273 	cp	a, #0x20
      0000FA 27 21            [ 1]  274 	jreq	00104$
      0000FC 7B 06            [ 1]  275 	ld	a, (0x06, sp)
      0000FE A1 30            [ 1]  276 	cp	a, #0x30
      000100 27 1B            [ 1]  277 	jreq	00104$
      000102 7B 06            [ 1]  278 	ld	a, (0x06, sp)
      000104 A1 60            [ 1]  279 	cp	a, #0x60
      000106 27 15            [ 1]  280 	jreq	00104$
      000108 7B 06            [ 1]  281 	ld	a, (0x06, sp)
      00010A A1 70            [ 1]  282 	cp	a, #0x70
      00010C 27 0F            [ 1]  283 	jreq	00104$
      00010E 4B A4            [ 1]  284 	push	#0xa4
      000110 5F               [ 1]  285 	clrw	x
      000111 89               [ 2]  286 	pushw	x
      000112 4B 00            [ 1]  287 	push	#0x00
      000114 4Br00            [ 1]  288 	push	#<(___str_0+0)
      000116 4Bs00            [ 1]  289 	push	#((___str_0+0) >> 8)
      000118 CDr00r00         [ 4]  290 	call	_assert_failed
      00011B 5B 06            [ 2]  291 	addw	sp, #6
      00011D                        292 00104$:
                                    293 ;	../..//StdPeriph_Driver/STM8S_StdPeriph_Driver//src/stm8s_tim1.c: 165: assert_param(IS_TIM1_OUTPUT_STATE_OK(TIM1_OutputState));
      00011D 0D 07            [ 1]  294 	tnz	(0x07, sp)
      00011F 27 15            [ 1]  295 	jreq	00121$
      000121 7B 07            [ 1]  296 	ld	a, (0x07, sp)
      000123 A1 11            [ 1]  297 	cp	a, #0x11
      000125 27 0F            [ 1]  298 	jreq	00121$
      000127 4B A5            [ 1]  299 	push	#0xa5
      000129 5F               [ 1]  300 	clrw	x
      00012A 89               [ 2]  301 	pushw	x
      00012B 4B 00            [ 1]  302 	push	#0x00
      00012D 4Br00            [ 1]  303 	push	#<(___str_0+0)
      00012F 4Bs00            [ 1]  304 	push	#((___str_0+0) >> 8)
      000131 CDr00r00         [ 4]  305 	call	_assert_failed
      000134 5B 06            [ 2]  306 	addw	sp, #6
      000136                        307 00121$:
                                    308 ;	../..//StdPeriph_Driver/STM8S_StdPeriph_Driver//src/stm8s_tim1.c: 166: assert_param(IS_TIM1_OUTPUTN_STATE_OK(TIM1_OutputNState));
      000136 0D 08            [ 1]  309 	tnz	(0x08, sp)
      000138 27 15            [ 1]  310 	jreq	00126$
      00013A 7B 08            [ 1]  311 	ld	a, (0x08, sp)
      00013C A1 44            [ 1]  312 	cp	a, #0x44
      00013E 27 0F            [ 1]  313 	jreq	00126$
      000140 4B A6            [ 1]  314 	push	#0xa6
      000142 5F               [ 1]  315 	clrw	x
      000143 89               [ 2]  316 	pushw	x
      000144 4B 00            [ 1]  317 	push	#0x00
      000146 4Br00            [ 1]  318 	push	#<(___str_0+0)
      000148 4Bs00            [ 1]  319 	push	#((___str_0+0) >> 8)
      00014A CDr00r00         [ 4]  320 	call	_assert_failed
      00014D 5B 06            [ 2]  321 	addw	sp, #6
      00014F                        322 00126$:
                                    323 ;	../..//StdPeriph_Driver/STM8S_StdPeriph_Driver//src/stm8s_tim1.c: 167: assert_param(IS_TIM1_OC_POLARITY_OK(TIM1_OCPolarity));
      00014F 0D 0B            [ 1]  324 	tnz	(0x0b, sp)
      000151 27 15            [ 1]  325 	jreq	00131$
      000153 7B 0B            [ 1]  326 	ld	a, (0x0b, sp)
      000155 A1 22            [ 1]  327 	cp	a, #0x22
      000157 27 0F            [ 1]  328 	jreq	00131$
      000159 4B A7            [ 1]  329 	push	#0xa7
      00015B 5F               [ 1]  330 	clrw	x
      00015C 89               [ 2]  331 	pushw	x
      00015D 4B 00            [ 1]  332 	push	#0x00
      00015F 4Br00            [ 1]  333 	push	#<(___str_0+0)
      000161 4Bs00            [ 1]  334 	push	#((___str_0+0) >> 8)
      000163 CDr00r00         [ 4]  335 	call	_assert_failed
      000166 5B 06            [ 2]  336 	addw	sp, #6
      000168                        337 00131$:
                                    338 ;	../..//StdPeriph_Driver/STM8S_StdPeriph_Driver//src/stm8s_tim1.c: 168: assert_param(IS_TIM1_OCN_POLARITY_OK(TIM1_OCNPolarity));
      000168 0D 0C            [ 1]  339 	tnz	(0x0c, sp)
      00016A 27 15            [ 1]  340 	jreq	00136$
      00016C 7B 0C            [ 1]  341 	ld	a, (0x0c, sp)
      00016E A1 88            [ 1]  342 	cp	a, #0x88
      000170 27 0F            [ 1]  343 	jreq	00136$
      000172 4B A8            [ 1]  344 	push	#0xa8
      000174 5F               [ 1]  345 	clrw	x
      000175 89               [ 2]  346 	pushw	x
      000176 4B 00            [ 1]  347 	push	#0x00
      000178 4Br00            [ 1]  348 	push	#<(___str_0+0)
      00017A 4Bs00            [ 1]  349 	push	#((___str_0+0) >> 8)
      00017C CDr00r00         [ 4]  350 	call	_assert_failed
      00017F 5B 06            [ 2]  351 	addw	sp, #6
      000181                        352 00136$:
                                    353 ;	../..//StdPeriph_Driver/STM8S_StdPeriph_Driver//src/stm8s_tim1.c: 169: assert_param(IS_TIM1_OCIDLE_STATE_OK(TIM1_OCIdleState));
      000181 7B 0D            [ 1]  354 	ld	a, (0x0d, sp)
      000183 A1 55            [ 1]  355 	cp	a, #0x55
      000185 27 13            [ 1]  356 	jreq	00141$
      000187 0D 0D            [ 1]  357 	tnz	(0x0d, sp)
      000189 27 0F            [ 1]  358 	jreq	00141$
      00018B 4B A9            [ 1]  359 	push	#0xa9
      00018D 5F               [ 1]  360 	clrw	x
      00018E 89               [ 2]  361 	pushw	x
      00018F 4B 00            [ 1]  362 	push	#0x00
      000191 4Br00            [ 1]  363 	push	#<(___str_0+0)
      000193 4Bs00            [ 1]  364 	push	#((___str_0+0) >> 8)
      000195 CDr00r00         [ 4]  365 	call	_assert_failed
      000198 5B 06            [ 2]  366 	addw	sp, #6
      00019A                        367 00141$:
                                    368 ;	../..//StdPeriph_Driver/STM8S_StdPeriph_Driver//src/stm8s_tim1.c: 170: assert_param(IS_TIM1_OCNIDLE_STATE_OK(TIM1_OCNIdleState));
      00019A 7B 0E            [ 1]  369 	ld	a, (0x0e, sp)
      00019C A1 2A            [ 1]  370 	cp	a, #0x2a
      00019E 27 13            [ 1]  371 	jreq	00146$
      0001A0 0D 0E            [ 1]  372 	tnz	(0x0e, sp)
      0001A2 27 0F            [ 1]  373 	jreq	00146$
      0001A4 4B AA            [ 1]  374 	push	#0xaa
      0001A6 5F               [ 1]  375 	clrw	x
      0001A7 89               [ 2]  376 	pushw	x
      0001A8 4B 00            [ 1]  377 	push	#0x00
      0001AA 4Br00            [ 1]  378 	push	#<(___str_0+0)
      0001AC 4Bs00            [ 1]  379 	push	#((___str_0+0) >> 8)
      0001AE CDr00r00         [ 4]  380 	call	_assert_failed
      0001B1 5B 06            [ 2]  381 	addw	sp, #6
      0001B3                        382 00146$:
                                    383 ;	../..//StdPeriph_Driver/STM8S_StdPeriph_Driver//src/stm8s_tim1.c: 174: TIM1->CCER1 &= (uint8_t)(~( TIM1_CCER1_CC1E | TIM1_CCER1_CC1NE 
      0001B3 C6 52 5C         [ 1]  384 	ld	a, 0x525c
      0001B6 A4 F0            [ 1]  385 	and	a, #0xf0
      0001B8 C7 52 5C         [ 1]  386 	ld	0x525c, a
                                    387 ;	../..//StdPeriph_Driver/STM8S_StdPeriph_Driver//src/stm8s_tim1.c: 178: TIM1->CCER1 |= (uint8_t)((uint8_t)((uint8_t)(TIM1_OutputState & TIM1_CCER1_CC1E)
      0001BB C6 52 5C         [ 1]  388 	ld	a, 0x525c
      0001BE 6B 01            [ 1]  389 	ld	(0x01, sp), a
      0001C0 7B 07            [ 1]  390 	ld	a, (0x07, sp)
      0001C2 A4 01            [ 1]  391 	and	a, #0x01
      0001C4 6B 03            [ 1]  392 	ld	(0x03, sp), a
                                    393 ;	../..//StdPeriph_Driver/STM8S_StdPeriph_Driver//src/stm8s_tim1.c: 179: | (uint8_t)(TIM1_OutputNState & TIM1_CCER1_CC1NE))
      0001C6 7B 08            [ 1]  394 	ld	a, (0x08, sp)
      0001C8 A4 04            [ 1]  395 	and	a, #0x04
      0001CA 1A 03            [ 1]  396 	or	a, (0x03, sp)
      0001CC 6B 02            [ 1]  397 	ld	(0x02, sp), a
                                    398 ;	../..//StdPeriph_Driver/STM8S_StdPeriph_Driver//src/stm8s_tim1.c: 180: | (uint8_t)( (uint8_t)(TIM1_OCPolarity  & TIM1_CCER1_CC1P)
      0001CE 7B 0B            [ 1]  399 	ld	a, (0x0b, sp)
      0001D0 A4 02            [ 1]  400 	and	a, #0x02
      0001D2 6B 03            [ 1]  401 	ld	(0x03, sp), a
                                    402 ;	../..//StdPeriph_Driver/STM8S_StdPeriph_Driver//src/stm8s_tim1.c: 181: | (uint8_t)(TIM1_OCNPolarity & TIM1_CCER1_CC1NP)));
      0001D4 7B 0C            [ 1]  403 	ld	a, (0x0c, sp)
      0001D6 A4 08            [ 1]  404 	and	a, #0x08
      0001D8 1A 03            [ 1]  405 	or	a, (0x03, sp)
      0001DA 1A 02            [ 1]  406 	or	a, (0x02, sp)
      0001DC 1A 01            [ 1]  407 	or	a, (0x01, sp)
      0001DE C7 52 5C         [ 1]  408 	ld	0x525c, a
                                    409 ;	../..//StdPeriph_Driver/STM8S_StdPeriph_Driver//src/stm8s_tim1.c: 184: TIM1->CCMR1 = (uint8_t)((uint8_t)(TIM1->CCMR1 & (uint8_t)(~TIM1_CCMR_OCM)) | 
      0001E1 C6 52 58         [ 1]  410 	ld	a, 0x5258
      0001E4 A4 8F            [ 1]  411 	and	a, #0x8f
                                    412 ;	../..//StdPeriph_Driver/STM8S_StdPeriph_Driver//src/stm8s_tim1.c: 185: (uint8_t)TIM1_OCMode);
      0001E6 1A 06            [ 1]  413 	or	a, (0x06, sp)
      0001E8 C7 52 58         [ 1]  414 	ld	0x5258, a
                                    415 ;	../..//StdPeriph_Driver/STM8S_StdPeriph_Driver//src/stm8s_tim1.c: 188: TIM1->OISR &= (uint8_t)(~(TIM1_OISR_OIS1 | TIM1_OISR_OIS1N));
      0001EB C6 52 6F         [ 1]  416 	ld	a, 0x526f
      0001EE A4 FC            [ 1]  417 	and	a, #0xfc
      0001F0 C7 52 6F         [ 1]  418 	ld	0x526f, a
                                    419 ;	../..//StdPeriph_Driver/STM8S_StdPeriph_Driver//src/stm8s_tim1.c: 190: TIM1->OISR |= (uint8_t)((uint8_t)( TIM1_OCIdleState & TIM1_OISR_OIS1 ) | 
      0001F3 C6 52 6F         [ 1]  420 	ld	a, 0x526f
      0001F6 6B 02            [ 1]  421 	ld	(0x02, sp), a
      0001F8 7B 0D            [ 1]  422 	ld	a, (0x0d, sp)
      0001FA A4 01            [ 1]  423 	and	a, #0x01
      0001FC 6B 03            [ 1]  424 	ld	(0x03, sp), a
                                    425 ;	../..//StdPeriph_Driver/STM8S_StdPeriph_Driver//src/stm8s_tim1.c: 191: (uint8_t)( TIM1_OCNIdleState & TIM1_OISR_OIS1N ));
      0001FE 7B 0E            [ 1]  426 	ld	a, (0x0e, sp)
      000200 A4 02            [ 1]  427 	and	a, #0x02
      000202 1A 03            [ 1]  428 	or	a, (0x03, sp)
      000204 1A 02            [ 1]  429 	or	a, (0x02, sp)
      000206 C7 52 6F         [ 1]  430 	ld	0x526f, a
                                    431 ;	../..//StdPeriph_Driver/STM8S_StdPeriph_Driver//src/stm8s_tim1.c: 194: TIM1->CCR1H = (uint8_t)(TIM1_Pulse >> 8);
      000209 7B 09            [ 1]  432 	ld	a, (0x09, sp)
      00020B C7 52 65         [ 1]  433 	ld	0x5265, a
                                    434 ;	../..//StdPeriph_Driver/STM8S_StdPeriph_Driver//src/stm8s_tim1.c: 195: TIM1->CCR1L = (uint8_t)(TIM1_Pulse);
      00020E 7B 0A            [ 1]  435 	ld	a, (0x0a, sp)
      000210 C7 52 66         [ 1]  436 	ld	0x5266, a
                                    437 ;	../..//StdPeriph_Driver/STM8S_StdPeriph_Driver//src/stm8s_tim1.c: 196: }
      000213 5B 03            [ 2]  438 	addw	sp, #3
      000215 81               [ 4]  439 	ret
                                    440 ;	../..//StdPeriph_Driver/STM8S_StdPeriph_Driver//src/stm8s_tim1.c: 217: void TIM1_OC2Init(TIM1_OCMode_TypeDef TIM1_OCMode,
                                    441 ;	-----------------------------------------
                                    442 ;	 function TIM1_OC2Init
                                    443 ;	-----------------------------------------
      000216                        444 _TIM1_OC2Init:
      000216 52 03            [ 2]  445 	sub	sp, #3
                                    446 ;	../..//StdPeriph_Driver/STM8S_StdPeriph_Driver//src/stm8s_tim1.c: 227: assert_param(IS_TIM1_OC_MODE_OK(TIM1_OCMode));
      000218 0D 06            [ 1]  447 	tnz	(0x06, sp)
      00021A 27 2D            [ 1]  448 	jreq	00104$
      00021C 7B 06            [ 1]  449 	ld	a, (0x06, sp)
      00021E A1 10            [ 1]  450 	cp	a, #0x10
      000220 27 27            [ 1]  451 	jreq	00104$
      000222 7B 06            [ 1]  452 	ld	a, (0x06, sp)
      000224 A1 20            [ 1]  453 	cp	a, #0x20
      000226 27 21            [ 1]  454 	jreq	00104$
      000228 7B 06            [ 1]  455 	ld	a, (0x06, sp)
      00022A A1 30            [ 1]  456 	cp	a, #0x30
      00022C 27 1B            [ 1]  457 	jreq	00104$
      00022E 7B 06            [ 1]  458 	ld	a, (0x06, sp)
      000230 A1 60            [ 1]  459 	cp	a, #0x60
      000232 27 15            [ 1]  460 	jreq	00104$
      000234 7B 06            [ 1]  461 	ld	a, (0x06, sp)
      000236 A1 70            [ 1]  462 	cp	a, #0x70
      000238 27 0F            [ 1]  463 	jreq	00104$
      00023A 4B E3            [ 1]  464 	push	#0xe3
      00023C 5F               [ 1]  465 	clrw	x
      00023D 89               [ 2]  466 	pushw	x
      00023E 4B 00            [ 1]  467 	push	#0x00
      000240 4Br00            [ 1]  468 	push	#<(___str_0+0)
      000242 4Bs00            [ 1]  469 	push	#((___str_0+0) >> 8)
      000244 CDr00r00         [ 4]  470 	call	_assert_failed
      000247 5B 06            [ 2]  471 	addw	sp, #6
      000249                        472 00104$:
                                    473 ;	../..//StdPeriph_Driver/STM8S_StdPeriph_Driver//src/stm8s_tim1.c: 228: assert_param(IS_TIM1_OUTPUT_STATE_OK(TIM1_OutputState));
      000249 0D 07            [ 1]  474 	tnz	(0x07, sp)
      00024B 27 15            [ 1]  475 	jreq	00121$
      00024D 7B 07            [ 1]  476 	ld	a, (0x07, sp)
      00024F A1 11            [ 1]  477 	cp	a, #0x11
      000251 27 0F            [ 1]  478 	jreq	00121$
      000253 4B E4            [ 1]  479 	push	#0xe4
      000255 5F               [ 1]  480 	clrw	x
      000256 89               [ 2]  481 	pushw	x
      000257 4B 00            [ 1]  482 	push	#0x00
      000259 4Br00            [ 1]  483 	push	#<(___str_0+0)
      00025B 4Bs00            [ 1]  484 	push	#((___str_0+0) >> 8)
      00025D CDr00r00         [ 4]  485 	call	_assert_failed
      000260 5B 06            [ 2]  486 	addw	sp, #6
      000262                        487 00121$:
                                    488 ;	../..//StdPeriph_Driver/STM8S_StdPeriph_Driver//src/stm8s_tim1.c: 229: assert_param(IS_TIM1_OUTPUTN_STATE_OK(TIM1_OutputNState));
      000262 0D 08            [ 1]  489 	tnz	(0x08, sp)
      000264 27 15            [ 1]  490 	jreq	00126$
      000266 7B 08            [ 1]  491 	ld	a, (0x08, sp)
      000268 A1 44            [ 1]  492 	cp	a, #0x44
      00026A 27 0F            [ 1]  493 	jreq	00126$
      00026C 4B E5            [ 1]  494 	push	#0xe5
      00026E 5F               [ 1]  495 	clrw	x
      00026F 89               [ 2]  496 	pushw	x
      000270 4B 00            [ 1]  497 	push	#0x00
      000272 4Br00            [ 1]  498 	push	#<(___str_0+0)
      000274 4Bs00            [ 1]  499 	push	#((___str_0+0) >> 8)
      000276 CDr00r00         [ 4]  500 	call	_assert_failed
      000279 5B 06            [ 2]  501 	addw	sp, #6
      00027B                        502 00126$:
                                    503 ;	../..//StdPeriph_Driver/STM8S_StdPeriph_Driver//src/stm8s_tim1.c: 230: assert_param(IS_TIM1_OC_POLARITY_OK(TIM1_OCPolarity));
      00027B 0D 0B            [ 1]  504 	tnz	(0x0b, sp)
      00027D 27 15            [ 1]  505 	jreq	00131$
      00027F 7B 0B            [ 1]  506 	ld	a, (0x0b, sp)
      000281 A1 22            [ 1]  507 	cp	a, #0x22
      000283 27 0F            [ 1]  508 	jreq	00131$
      000285 4B E6            [ 1]  509 	push	#0xe6
      000287 5F               [ 1]  510 	clrw	x
      000288 89               [ 2]  511 	pushw	x
      000289 4B 00            [ 1]  512 	push	#0x00
      00028B 4Br00            [ 1]  513 	push	#<(___str_0+0)
      00028D 4Bs00            [ 1]  514 	push	#((___str_0+0) >> 8)
      00028F CDr00r00         [ 4]  515 	call	_assert_failed
      000292 5B 06            [ 2]  516 	addw	sp, #6
      000294                        517 00131$:
                                    518 ;	../..//StdPeriph_Driver/STM8S_StdPeriph_Driver//src/stm8s_tim1.c: 231: assert_param(IS_TIM1_OCN_POLARITY_OK(TIM1_OCNPolarity));
      000294 0D 0C            [ 1]  519 	tnz	(0x0c, sp)
      000296 27 15            [ 1]  520 	jreq	00136$
      000298 7B 0C            [ 1]  521 	ld	a, (0x0c, sp)
      00029A A1 88            [ 1]  522 	cp	a, #0x88
      00029C 27 0F            [ 1]  523 	jreq	00136$
      00029E 4B E7            [ 1]  524 	push	#0xe7
      0002A0 5F               [ 1]  525 	clrw	x
      0002A1 89               [ 2]  526 	pushw	x
      0002A2 4B 00            [ 1]  527 	push	#0x00
      0002A4 4Br00            [ 1]  528 	push	#<(___str_0+0)
      0002A6 4Bs00            [ 1]  529 	push	#((___str_0+0) >> 8)
      0002A8 CDr00r00         [ 4]  530 	call	_assert_failed
      0002AB 5B 06            [ 2]  531 	addw	sp, #6
      0002AD                        532 00136$:
                                    533 ;	../..//StdPeriph_Driver/STM8S_StdPeriph_Driver//src/stm8s_tim1.c: 232: assert_param(IS_TIM1_OCIDLE_STATE_OK(TIM1_OCIdleState));
      0002AD 7B 0D            [ 1]  534 	ld	a, (0x0d, sp)
      0002AF A1 55            [ 1]  535 	cp	a, #0x55
      0002B1 27 13            [ 1]  536 	jreq	00141$
      0002B3 0D 0D            [ 1]  537 	tnz	(0x0d, sp)
      0002B5 27 0F            [ 1]  538 	jreq	00141$
      0002B7 4B E8            [ 1]  539 	push	#0xe8
      0002B9 5F               [ 1]  540 	clrw	x
      0002BA 89               [ 2]  541 	pushw	x
      0002BB 4B 00            [ 1]  542 	push	#0x00
      0002BD 4Br00            [ 1]  543 	push	#<(___str_0+0)
      0002BF 4Bs00            [ 1]  544 	push	#((___str_0+0) >> 8)
      0002C1 CDr00r00         [ 4]  545 	call	_assert_failed
      0002C4 5B 06            [ 2]  546 	addw	sp, #6
      0002C6                        547 00141$:
                                    548 ;	../..//StdPeriph_Driver/STM8S_StdPeriph_Driver//src/stm8s_tim1.c: 233: assert_param(IS_TIM1_OCNIDLE_STATE_OK(TIM1_OCNIdleState));
      0002C6 7B 0E            [ 1]  549 	ld	a, (0x0e, sp)
      0002C8 A1 2A            [ 1]  550 	cp	a, #0x2a
      0002CA 27 13            [ 1]  551 	jreq	00146$
      0002CC 0D 0E            [ 1]  552 	tnz	(0x0e, sp)
      0002CE 27 0F            [ 1]  553 	jreq	00146$
      0002D0 4B E9            [ 1]  554 	push	#0xe9
      0002D2 5F               [ 1]  555 	clrw	x
      0002D3 89               [ 2]  556 	pushw	x
      0002D4 4B 00            [ 1]  557 	push	#0x00
      0002D6 4Br00            [ 1]  558 	push	#<(___str_0+0)
      0002D8 4Bs00            [ 1]  559 	push	#((___str_0+0) >> 8)
      0002DA CDr00r00         [ 4]  560 	call	_assert_failed
      0002DD 5B 06            [ 2]  561 	addw	sp, #6
      0002DF                        562 00146$:
                                    563 ;	../..//StdPeriph_Driver/STM8S_StdPeriph_Driver//src/stm8s_tim1.c: 237: TIM1->CCER1 &= (uint8_t)(~( TIM1_CCER1_CC2E | TIM1_CCER1_CC2NE | 
      0002DF C6 52 5C         [ 1]  564 	ld	a, 0x525c
      0002E2 A4 0F            [ 1]  565 	and	a, #0x0f
      0002E4 C7 52 5C         [ 1]  566 	ld	0x525c, a
                                    567 ;	../..//StdPeriph_Driver/STM8S_StdPeriph_Driver//src/stm8s_tim1.c: 242: TIM1->CCER1 |= (uint8_t)((uint8_t)((uint8_t)(TIM1_OutputState & TIM1_CCER1_CC2E  ) | 
      0002E7 C6 52 5C         [ 1]  568 	ld	a, 0x525c
      0002EA 6B 01            [ 1]  569 	ld	(0x01, sp), a
      0002EC 7B 07            [ 1]  570 	ld	a, (0x07, sp)
      0002EE A4 10            [ 1]  571 	and	a, #0x10
      0002F0 6B 03            [ 1]  572 	ld	(0x03, sp), a
                                    573 ;	../..//StdPeriph_Driver/STM8S_StdPeriph_Driver//src/stm8s_tim1.c: 243: (uint8_t)(TIM1_OutputNState & TIM1_CCER1_CC2NE )) | 
      0002F2 7B 08            [ 1]  574 	ld	a, (0x08, sp)
      0002F4 A4 40            [ 1]  575 	and	a, #0x40
      0002F6 1A 03            [ 1]  576 	or	a, (0x03, sp)
      0002F8 6B 02            [ 1]  577 	ld	(0x02, sp), a
                                    578 ;	../..//StdPeriph_Driver/STM8S_StdPeriph_Driver//src/stm8s_tim1.c: 244: (uint8_t)((uint8_t)(TIM1_OCPolarity  & TIM1_CCER1_CC2P  ) | 
      0002FA 7B 0B            [ 1]  579 	ld	a, (0x0b, sp)
      0002FC A4 20            [ 1]  580 	and	a, #0x20
      0002FE 6B 03            [ 1]  581 	ld	(0x03, sp), a
                                    582 ;	../..//StdPeriph_Driver/STM8S_StdPeriph_Driver//src/stm8s_tim1.c: 245: (uint8_t)(TIM1_OCNPolarity & TIM1_CCER1_CC2NP )));
      000300 7B 0C            [ 1]  583 	ld	a, (0x0c, sp)
      000302 A4 80            [ 1]  584 	and	a, #0x80
      000304 1A 03            [ 1]  585 	or	a, (0x03, sp)
      000306 1A 02            [ 1]  586 	or	a, (0x02, sp)
      000308 1A 01            [ 1]  587 	or	a, (0x01, sp)
      00030A C7 52 5C         [ 1]  588 	ld	0x525c, a
                                    589 ;	../..//StdPeriph_Driver/STM8S_StdPeriph_Driver//src/stm8s_tim1.c: 248: TIM1->CCMR2 = (uint8_t)((uint8_t)(TIM1->CCMR2 & (uint8_t)(~TIM1_CCMR_OCM)) | 
      00030D C6 52 59         [ 1]  590 	ld	a, 0x5259
      000310 A4 8F            [ 1]  591 	and	a, #0x8f
                                    592 ;	../..//StdPeriph_Driver/STM8S_StdPeriph_Driver//src/stm8s_tim1.c: 249: (uint8_t)TIM1_OCMode);
      000312 1A 06            [ 1]  593 	or	a, (0x06, sp)
      000314 C7 52 59         [ 1]  594 	ld	0x5259, a
                                    595 ;	../..//StdPeriph_Driver/STM8S_StdPeriph_Driver//src/stm8s_tim1.c: 252: TIM1->OISR &= (uint8_t)(~(TIM1_OISR_OIS2 | TIM1_OISR_OIS2N));
      000317 C6 52 6F         [ 1]  596 	ld	a, 0x526f
      00031A A4 F3            [ 1]  597 	and	a, #0xf3
      00031C C7 52 6F         [ 1]  598 	ld	0x526f, a
                                    599 ;	../..//StdPeriph_Driver/STM8S_StdPeriph_Driver//src/stm8s_tim1.c: 254: TIM1->OISR |= (uint8_t)((uint8_t)(TIM1_OISR_OIS2 & TIM1_OCIdleState) | 
      00031F C6 52 6F         [ 1]  600 	ld	a, 0x526f
      000322 6B 02            [ 1]  601 	ld	(0x02, sp), a
      000324 7B 0D            [ 1]  602 	ld	a, (0x0d, sp)
      000326 A4 04            [ 1]  603 	and	a, #0x04
      000328 6B 03            [ 1]  604 	ld	(0x03, sp), a
                                    605 ;	../..//StdPeriph_Driver/STM8S_StdPeriph_Driver//src/stm8s_tim1.c: 255: (uint8_t)(TIM1_OISR_OIS2N & TIM1_OCNIdleState));
      00032A 7B 0E            [ 1]  606 	ld	a, (0x0e, sp)
      00032C A4 08            [ 1]  607 	and	a, #0x08
      00032E 1A 03            [ 1]  608 	or	a, (0x03, sp)
      000330 1A 02            [ 1]  609 	or	a, (0x02, sp)
      000332 C7 52 6F         [ 1]  610 	ld	0x526f, a
                                    611 ;	../..//StdPeriph_Driver/STM8S_StdPeriph_Driver//src/stm8s_tim1.c: 258: TIM1->CCR2H = (uint8_t)(TIM1_Pulse >> 8);
      000335 7B 09            [ 1]  612 	ld	a, (0x09, sp)
      000337 C7 52 67         [ 1]  613 	ld	0x5267, a
                                    614 ;	../..//StdPeriph_Driver/STM8S_StdPeriph_Driver//src/stm8s_tim1.c: 259: TIM1->CCR2L = (uint8_t)(TIM1_Pulse);
      00033A 7B 0A            [ 1]  615 	ld	a, (0x0a, sp)
      00033C C7 52 68         [ 1]  616 	ld	0x5268, a
                                    617 ;	../..//StdPeriph_Driver/STM8S_StdPeriph_Driver//src/stm8s_tim1.c: 260: }
      00033F 5B 03            [ 2]  618 	addw	sp, #3
      000341 81               [ 4]  619 	ret
                                    620 ;	../..//StdPeriph_Driver/STM8S_StdPeriph_Driver//src/stm8s_tim1.c: 281: void TIM1_OC3Init(TIM1_OCMode_TypeDef TIM1_OCMode,
                                    621 ;	-----------------------------------------
                                    622 ;	 function TIM1_OC3Init
                                    623 ;	-----------------------------------------
      000342                        624 _TIM1_OC3Init:
      000342 52 03            [ 2]  625 	sub	sp, #3
                                    626 ;	../..//StdPeriph_Driver/STM8S_StdPeriph_Driver//src/stm8s_tim1.c: 291: assert_param(IS_TIM1_OC_MODE_OK(TIM1_OCMode));
      000344 0D 06            [ 1]  627 	tnz	(0x06, sp)
      000346 27 2D            [ 1]  628 	jreq	00104$
      000348 7B 06            [ 1]  629 	ld	a, (0x06, sp)
      00034A A1 10            [ 1]  630 	cp	a, #0x10
      00034C 27 27            [ 1]  631 	jreq	00104$
      00034E 7B 06            [ 1]  632 	ld	a, (0x06, sp)
      000350 A1 20            [ 1]  633 	cp	a, #0x20
      000352 27 21            [ 1]  634 	jreq	00104$
      000354 7B 06            [ 1]  635 	ld	a, (0x06, sp)
      000356 A1 30            [ 1]  636 	cp	a, #0x30
      000358 27 1B            [ 1]  637 	jreq	00104$
      00035A 7B 06            [ 1]  638 	ld	a, (0x06, sp)
      00035C A1 60            [ 1]  639 	cp	a, #0x60
      00035E 27 15            [ 1]  640 	jreq	00104$
      000360 7B 06            [ 1]  641 	ld	a, (0x06, sp)
      000362 A1 70            [ 1]  642 	cp	a, #0x70
      000364 27 0F            [ 1]  643 	jreq	00104$
      000366 4B 23            [ 1]  644 	push	#0x23
      000368 4B 01            [ 1]  645 	push	#0x01
      00036A 5F               [ 1]  646 	clrw	x
      00036B 89               [ 2]  647 	pushw	x
      00036C 4Br00            [ 1]  648 	push	#<(___str_0+0)
      00036E 4Bs00            [ 1]  649 	push	#((___str_0+0) >> 8)
      000370 CDr00r00         [ 4]  650 	call	_assert_failed
      000373 5B 06            [ 2]  651 	addw	sp, #6
      000375                        652 00104$:
                                    653 ;	../..//StdPeriph_Driver/STM8S_StdPeriph_Driver//src/stm8s_tim1.c: 292: assert_param(IS_TIM1_OUTPUT_STATE_OK(TIM1_OutputState));
      000375 0D 07            [ 1]  654 	tnz	(0x07, sp)
      000377 27 15            [ 1]  655 	jreq	00121$
      000379 7B 07            [ 1]  656 	ld	a, (0x07, sp)
      00037B A1 11            [ 1]  657 	cp	a, #0x11
      00037D 27 0F            [ 1]  658 	jreq	00121$
      00037F 4B 24            [ 1]  659 	push	#0x24
      000381 4B 01            [ 1]  660 	push	#0x01
      000383 5F               [ 1]  661 	clrw	x
      000384 89               [ 2]  662 	pushw	x
      000385 4Br00            [ 1]  663 	push	#<(___str_0+0)
      000387 4Bs00            [ 1]  664 	push	#((___str_0+0) >> 8)
      000389 CDr00r00         [ 4]  665 	call	_assert_failed
      00038C 5B 06            [ 2]  666 	addw	sp, #6
      00038E                        667 00121$:
                                    668 ;	../..//StdPeriph_Driver/STM8S_StdPeriph_Driver//src/stm8s_tim1.c: 293: assert_param(IS_TIM1_OUTPUTN_STATE_OK(TIM1_OutputNState));
      00038E 0D 08            [ 1]  669 	tnz	(0x08, sp)
      000390 27 15            [ 1]  670 	jreq	00126$
      000392 7B 08            [ 1]  671 	ld	a, (0x08, sp)
      000394 A1 44            [ 1]  672 	cp	a, #0x44
      000396 27 0F            [ 1]  673 	jreq	00126$
      000398 4B 25            [ 1]  674 	push	#0x25
      00039A 4B 01            [ 1]  675 	push	#0x01
      00039C 5F               [ 1]  676 	clrw	x
      00039D 89               [ 2]  677 	pushw	x
      00039E 4Br00            [ 1]  678 	push	#<(___str_0+0)
      0003A0 4Bs00            [ 1]  679 	push	#((___str_0+0) >> 8)
      0003A2 CDr00r00         [ 4]  680 	call	_assert_failed
      0003A5 5B 06            [ 2]  681 	addw	sp, #6
      0003A7                        682 00126$:
                                    683 ;	../..//StdPeriph_Driver/STM8S_StdPeriph_Driver//src/stm8s_tim1.c: 294: assert_param(IS_TIM1_OC_POLARITY_OK(TIM1_OCPolarity));
      0003A7 0D 0B            [ 1]  684 	tnz	(0x0b, sp)
      0003A9 27 15            [ 1]  685 	jreq	00131$
      0003AB 7B 0B            [ 1]  686 	ld	a, (0x0b, sp)
      0003AD A1 22            [ 1]  687 	cp	a, #0x22
      0003AF 27 0F            [ 1]  688 	jreq	00131$
      0003B1 4B 26            [ 1]  689 	push	#0x26
      0003B3 4B 01            [ 1]  690 	push	#0x01
      0003B5 5F               [ 1]  691 	clrw	x
      0003B6 89               [ 2]  692 	pushw	x
      0003B7 4Br00            [ 1]  693 	push	#<(___str_0+0)
      0003B9 4Bs00            [ 1]  694 	push	#((___str_0+0) >> 8)
      0003BB CDr00r00         [ 4]  695 	call	_assert_failed
      0003BE 5B 06            [ 2]  696 	addw	sp, #6
      0003C0                        697 00131$:
                                    698 ;	../..//StdPeriph_Driver/STM8S_StdPeriph_Driver//src/stm8s_tim1.c: 295: assert_param(IS_TIM1_OCN_POLARITY_OK(TIM1_OCNPolarity));
      0003C0 0D 0C            [ 1]  699 	tnz	(0x0c, sp)
      0003C2 27 15            [ 1]  700 	jreq	00136$
      0003C4 7B 0C            [ 1]  701 	ld	a, (0x0c, sp)
      0003C6 A1 88            [ 1]  702 	cp	a, #0x88
      0003C8 27 0F            [ 1]  703 	jreq	00136$
      0003CA 4B 27            [ 1]  704 	push	#0x27
      0003CC 4B 01            [ 1]  705 	push	#0x01
      0003CE 5F               [ 1]  706 	clrw	x
      0003CF 89               [ 2]  707 	pushw	x
      0003D0 4Br00            [ 1]  708 	push	#<(___str_0+0)
      0003D2 4Bs00            [ 1]  709 	push	#((___str_0+0) >> 8)
      0003D4 CDr00r00         [ 4]  710 	call	_assert_failed
      0003D7 5B 06            [ 2]  711 	addw	sp, #6
      0003D9                        712 00136$:
                                    713 ;	../..//StdPeriph_Driver/STM8S_StdPeriph_Driver//src/stm8s_tim1.c: 296: assert_param(IS_TIM1_OCIDLE_STATE_OK(TIM1_OCIdleState));
      0003D9 7B 0D            [ 1]  714 	ld	a, (0x0d, sp)
      0003DB A1 55            [ 1]  715 	cp	a, #0x55
      0003DD 27 13            [ 1]  716 	jreq	00141$
      0003DF 0D 0D            [ 1]  717 	tnz	(0x0d, sp)
      0003E1 27 0F            [ 1]  718 	jreq	00141$
      0003E3 4B 28            [ 1]  719 	push	#0x28
      0003E5 4B 01            [ 1]  720 	push	#0x01
      0003E7 5F               [ 1]  721 	clrw	x
      0003E8 89               [ 2]  722 	pushw	x
      0003E9 4Br00            [ 1]  723 	push	#<(___str_0+0)
      0003EB 4Bs00            [ 1]  724 	push	#((___str_0+0) >> 8)
      0003ED CDr00r00         [ 4]  725 	call	_assert_failed
      0003F0 5B 06            [ 2]  726 	addw	sp, #6
      0003F2                        727 00141$:
                                    728 ;	../..//StdPeriph_Driver/STM8S_StdPeriph_Driver//src/stm8s_tim1.c: 297: assert_param(IS_TIM1_OCNIDLE_STATE_OK(TIM1_OCNIdleState));
      0003F2 7B 0E            [ 1]  729 	ld	a, (0x0e, sp)
      0003F4 A1 2A            [ 1]  730 	cp	a, #0x2a
      0003F6 27 13            [ 1]  731 	jreq	00146$
      0003F8 0D 0E            [ 1]  732 	tnz	(0x0e, sp)
      0003FA 27 0F            [ 1]  733 	jreq	00146$
      0003FC 4B 29            [ 1]  734 	push	#0x29
      0003FE 4B 01            [ 1]  735 	push	#0x01
      000400 5F               [ 1]  736 	clrw	x
      000401 89               [ 2]  737 	pushw	x
      000402 4Br00            [ 1]  738 	push	#<(___str_0+0)
      000404 4Bs00            [ 1]  739 	push	#((___str_0+0) >> 8)
      000406 CDr00r00         [ 4]  740 	call	_assert_failed
      000409 5B 06            [ 2]  741 	addw	sp, #6
      00040B                        742 00146$:
                                    743 ;	../..//StdPeriph_Driver/STM8S_StdPeriph_Driver//src/stm8s_tim1.c: 301: TIM1->CCER2 &= (uint8_t)(~( TIM1_CCER2_CC3E | TIM1_CCER2_CC3NE | 
      00040B C6 52 5D         [ 1]  744 	ld	a, 0x525d
      00040E A4 F0            [ 1]  745 	and	a, #0xf0
      000410 C7 52 5D         [ 1]  746 	ld	0x525d, a
                                    747 ;	../..//StdPeriph_Driver/STM8S_StdPeriph_Driver//src/stm8s_tim1.c: 305: TIM1->CCER2 |= (uint8_t)((uint8_t)((uint8_t)(TIM1_OutputState  & TIM1_CCER2_CC3E   ) |
      000413 C6 52 5D         [ 1]  748 	ld	a, 0x525d
      000416 6B 01            [ 1]  749 	ld	(0x01, sp), a
      000418 7B 07            [ 1]  750 	ld	a, (0x07, sp)
      00041A A4 01            [ 1]  751 	and	a, #0x01
      00041C 6B 03            [ 1]  752 	ld	(0x03, sp), a
                                    753 ;	../..//StdPeriph_Driver/STM8S_StdPeriph_Driver//src/stm8s_tim1.c: 306: (uint8_t)(TIM1_OutputNState & TIM1_CCER2_CC3NE  )) | 
      00041E 7B 08            [ 1]  754 	ld	a, (0x08, sp)
      000420 A4 04            [ 1]  755 	and	a, #0x04
      000422 1A 03            [ 1]  756 	or	a, (0x03, sp)
      000424 6B 02            [ 1]  757 	ld	(0x02, sp), a
                                    758 ;	../..//StdPeriph_Driver/STM8S_StdPeriph_Driver//src/stm8s_tim1.c: 307: (uint8_t)((uint8_t)(TIM1_OCPolarity   & TIM1_CCER2_CC3P   ) | 
      000426 7B 0B            [ 1]  759 	ld	a, (0x0b, sp)
      000428 A4 02            [ 1]  760 	and	a, #0x02
      00042A 6B 03            [ 1]  761 	ld	(0x03, sp), a
                                    762 ;	../..//StdPeriph_Driver/STM8S_StdPeriph_Driver//src/stm8s_tim1.c: 308: (uint8_t)(TIM1_OCNPolarity  & TIM1_CCER2_CC3NP  )));
      00042C 7B 0C            [ 1]  763 	ld	a, (0x0c, sp)
      00042E A4 08            [ 1]  764 	and	a, #0x08
      000430 1A 03            [ 1]  765 	or	a, (0x03, sp)
      000432 1A 02            [ 1]  766 	or	a, (0x02, sp)
      000434 1A 01            [ 1]  767 	or	a, (0x01, sp)
      000436 C7 52 5D         [ 1]  768 	ld	0x525d, a
                                    769 ;	../..//StdPeriph_Driver/STM8S_StdPeriph_Driver//src/stm8s_tim1.c: 311: TIM1->CCMR3 = (uint8_t)((uint8_t)(TIM1->CCMR3 & (uint8_t)(~TIM1_CCMR_OCM)) | 
      000439 C6 52 5A         [ 1]  770 	ld	a, 0x525a
      00043C A4 8F            [ 1]  771 	and	a, #0x8f
                                    772 ;	../..//StdPeriph_Driver/STM8S_StdPeriph_Driver//src/stm8s_tim1.c: 312: (uint8_t)TIM1_OCMode);
      00043E 1A 06            [ 1]  773 	or	a, (0x06, sp)
      000440 C7 52 5A         [ 1]  774 	ld	0x525a, a
                                    775 ;	../..//StdPeriph_Driver/STM8S_StdPeriph_Driver//src/stm8s_tim1.c: 315: TIM1->OISR &= (uint8_t)(~(TIM1_OISR_OIS3 | TIM1_OISR_OIS3N));
      000443 C6 52 6F         [ 1]  776 	ld	a, 0x526f
      000446 A4 CF            [ 1]  777 	and	a, #0xcf
      000448 C7 52 6F         [ 1]  778 	ld	0x526f, a
                                    779 ;	../..//StdPeriph_Driver/STM8S_StdPeriph_Driver//src/stm8s_tim1.c: 317: TIM1->OISR |= (uint8_t)((uint8_t)(TIM1_OISR_OIS3 & TIM1_OCIdleState) | 
      00044B C6 52 6F         [ 1]  780 	ld	a, 0x526f
      00044E 6B 02            [ 1]  781 	ld	(0x02, sp), a
      000450 7B 0D            [ 1]  782 	ld	a, (0x0d, sp)
      000452 A4 10            [ 1]  783 	and	a, #0x10
      000454 6B 03            [ 1]  784 	ld	(0x03, sp), a
                                    785 ;	../..//StdPeriph_Driver/STM8S_StdPeriph_Driver//src/stm8s_tim1.c: 318: (uint8_t)(TIM1_OISR_OIS3N & TIM1_OCNIdleState));
      000456 7B 0E            [ 1]  786 	ld	a, (0x0e, sp)
      000458 A4 20            [ 1]  787 	and	a, #0x20
      00045A 1A 03            [ 1]  788 	or	a, (0x03, sp)
      00045C 1A 02            [ 1]  789 	or	a, (0x02, sp)
      00045E C7 52 6F         [ 1]  790 	ld	0x526f, a
                                    791 ;	../..//StdPeriph_Driver/STM8S_StdPeriph_Driver//src/stm8s_tim1.c: 321: TIM1->CCR3H = (uint8_t)(TIM1_Pulse >> 8);
      000461 7B 09            [ 1]  792 	ld	a, (0x09, sp)
      000463 C7 52 69         [ 1]  793 	ld	0x5269, a
                                    794 ;	../..//StdPeriph_Driver/STM8S_StdPeriph_Driver//src/stm8s_tim1.c: 322: TIM1->CCR3L = (uint8_t)(TIM1_Pulse);
      000466 7B 0A            [ 1]  795 	ld	a, (0x0a, sp)
      000468 C7 52 6A         [ 1]  796 	ld	0x526a, a
                                    797 ;	../..//StdPeriph_Driver/STM8S_StdPeriph_Driver//src/stm8s_tim1.c: 323: }
      00046B 5B 03            [ 2]  798 	addw	sp, #3
      00046D 81               [ 4]  799 	ret
                                    800 ;	../..//StdPeriph_Driver/STM8S_StdPeriph_Driver//src/stm8s_tim1.c: 338: void TIM1_OC4Init(TIM1_OCMode_TypeDef TIM1_OCMode,
                                    801 ;	-----------------------------------------
                                    802 ;	 function TIM1_OC4Init
                                    803 ;	-----------------------------------------
      00046E                        804 _TIM1_OC4Init:
      00046E 89               [ 2]  805 	pushw	x
                                    806 ;	../..//StdPeriph_Driver/STM8S_StdPeriph_Driver//src/stm8s_tim1.c: 345: assert_param(IS_TIM1_OC_MODE_OK(TIM1_OCMode));
      00046F 0D 05            [ 1]  807 	tnz	(0x05, sp)
      000471 27 2D            [ 1]  808 	jreq	00107$
      000473 7B 05            [ 1]  809 	ld	a, (0x05, sp)
      000475 A1 10            [ 1]  810 	cp	a, #0x10
      000477 27 27            [ 1]  811 	jreq	00107$
      000479 7B 05            [ 1]  812 	ld	a, (0x05, sp)
      00047B A1 20            [ 1]  813 	cp	a, #0x20
      00047D 27 21            [ 1]  814 	jreq	00107$
      00047F 7B 05            [ 1]  815 	ld	a, (0x05, sp)
      000481 A1 30            [ 1]  816 	cp	a, #0x30
      000483 27 1B            [ 1]  817 	jreq	00107$
      000485 7B 05            [ 1]  818 	ld	a, (0x05, sp)
      000487 A1 60            [ 1]  819 	cp	a, #0x60
      000489 27 15            [ 1]  820 	jreq	00107$
      00048B 7B 05            [ 1]  821 	ld	a, (0x05, sp)
      00048D A1 70            [ 1]  822 	cp	a, #0x70
      00048F 27 0F            [ 1]  823 	jreq	00107$
      000491 4B 59            [ 1]  824 	push	#0x59
      000493 4B 01            [ 1]  825 	push	#0x01
      000495 5F               [ 1]  826 	clrw	x
      000496 89               [ 2]  827 	pushw	x
      000497 4Br00            [ 1]  828 	push	#<(___str_0+0)
      000499 4Bs00            [ 1]  829 	push	#((___str_0+0) >> 8)
      00049B CDr00r00         [ 4]  830 	call	_assert_failed
      00049E 5B 06            [ 2]  831 	addw	sp, #6
      0004A0                        832 00107$:
                                    833 ;	../..//StdPeriph_Driver/STM8S_StdPeriph_Driver//src/stm8s_tim1.c: 346: assert_param(IS_TIM1_OUTPUT_STATE_OK(TIM1_OutputState));
      0004A0 0D 06            [ 1]  834 	tnz	(0x06, sp)
      0004A2 27 15            [ 1]  835 	jreq	00124$
      0004A4 7B 06            [ 1]  836 	ld	a, (0x06, sp)
      0004A6 A1 11            [ 1]  837 	cp	a, #0x11
      0004A8 27 0F            [ 1]  838 	jreq	00124$
      0004AA 4B 5A            [ 1]  839 	push	#0x5a
      0004AC 4B 01            [ 1]  840 	push	#0x01
      0004AE 5F               [ 1]  841 	clrw	x
      0004AF 89               [ 2]  842 	pushw	x
      0004B0 4Br00            [ 1]  843 	push	#<(___str_0+0)
      0004B2 4Bs00            [ 1]  844 	push	#((___str_0+0) >> 8)
      0004B4 CDr00r00         [ 4]  845 	call	_assert_failed
      0004B7 5B 06            [ 2]  846 	addw	sp, #6
      0004B9                        847 00124$:
                                    848 ;	../..//StdPeriph_Driver/STM8S_StdPeriph_Driver//src/stm8s_tim1.c: 347: assert_param(IS_TIM1_OC_POLARITY_OK(TIM1_OCPolarity));
      0004B9 0D 09            [ 1]  849 	tnz	(0x09, sp)
      0004BB 27 15            [ 1]  850 	jreq	00129$
      0004BD 7B 09            [ 1]  851 	ld	a, (0x09, sp)
      0004BF A1 22            [ 1]  852 	cp	a, #0x22
      0004C1 27 0F            [ 1]  853 	jreq	00129$
      0004C3 4B 5B            [ 1]  854 	push	#0x5b
      0004C5 4B 01            [ 1]  855 	push	#0x01
      0004C7 5F               [ 1]  856 	clrw	x
      0004C8 89               [ 2]  857 	pushw	x
      0004C9 4Br00            [ 1]  858 	push	#<(___str_0+0)
      0004CB 4Bs00            [ 1]  859 	push	#((___str_0+0) >> 8)
      0004CD CDr00r00         [ 4]  860 	call	_assert_failed
      0004D0 5B 06            [ 2]  861 	addw	sp, #6
      0004D2                        862 00129$:
                                    863 ;	../..//StdPeriph_Driver/STM8S_StdPeriph_Driver//src/stm8s_tim1.c: 348: assert_param(IS_TIM1_OCIDLE_STATE_OK(TIM1_OCIdleState));
      0004D2 7B 0A            [ 1]  864 	ld	a, (0x0a, sp)
      0004D4 A1 55            [ 1]  865 	cp	a, #0x55
      0004D6 27 13            [ 1]  866 	jreq	00134$
      0004D8 0D 0A            [ 1]  867 	tnz	(0x0a, sp)
      0004DA 27 0F            [ 1]  868 	jreq	00134$
      0004DC 4B 5C            [ 1]  869 	push	#0x5c
      0004DE 4B 01            [ 1]  870 	push	#0x01
      0004E0 5F               [ 1]  871 	clrw	x
      0004E1 89               [ 2]  872 	pushw	x
      0004E2 4Br00            [ 1]  873 	push	#<(___str_0+0)
      0004E4 4Bs00            [ 1]  874 	push	#((___str_0+0) >> 8)
      0004E6 CDr00r00         [ 4]  875 	call	_assert_failed
      0004E9 5B 06            [ 2]  876 	addw	sp, #6
      0004EB                        877 00134$:
                                    878 ;	../..//StdPeriph_Driver/STM8S_StdPeriph_Driver//src/stm8s_tim1.c: 351: TIM1->CCER2 &= (uint8_t)(~(TIM1_CCER2_CC4E | TIM1_CCER2_CC4P));
      0004EB C6 52 5D         [ 1]  879 	ld	a, 0x525d
      0004EE A4 CF            [ 1]  880 	and	a, #0xcf
      0004F0 C7 52 5D         [ 1]  881 	ld	0x525d, a
                                    882 ;	../..//StdPeriph_Driver/STM8S_StdPeriph_Driver//src/stm8s_tim1.c: 353: TIM1->CCER2 |= (uint8_t)((uint8_t)(TIM1_OutputState & TIM1_CCER2_CC4E ) |  
      0004F3 C6 52 5D         [ 1]  883 	ld	a, 0x525d
      0004F6 6B 01            [ 1]  884 	ld	(0x01, sp), a
      0004F8 7B 06            [ 1]  885 	ld	a, (0x06, sp)
      0004FA A4 10            [ 1]  886 	and	a, #0x10
      0004FC 6B 02            [ 1]  887 	ld	(0x02, sp), a
                                    888 ;	../..//StdPeriph_Driver/STM8S_StdPeriph_Driver//src/stm8s_tim1.c: 354: (uint8_t)(TIM1_OCPolarity  & TIM1_CCER2_CC4P ));
      0004FE 7B 09            [ 1]  889 	ld	a, (0x09, sp)
      000500 A4 20            [ 1]  890 	and	a, #0x20
      000502 1A 02            [ 1]  891 	or	a, (0x02, sp)
      000504 1A 01            [ 1]  892 	or	a, (0x01, sp)
      000506 C7 52 5D         [ 1]  893 	ld	0x525d, a
                                    894 ;	../..//StdPeriph_Driver/STM8S_StdPeriph_Driver//src/stm8s_tim1.c: 357: TIM1->CCMR4 = (uint8_t)((uint8_t)(TIM1->CCMR4 & (uint8_t)(~TIM1_CCMR_OCM)) | 
      000509 C6 52 5B         [ 1]  895 	ld	a, 0x525b
      00050C A4 8F            [ 1]  896 	and	a, #0x8f
      00050E 1A 05            [ 1]  897 	or	a, (0x05, sp)
      000510 C7 52 5B         [ 1]  898 	ld	0x525b, a
                                    899 ;	../..//StdPeriph_Driver/STM8S_StdPeriph_Driver//src/stm8s_tim1.c: 363: TIM1->OISR |= (uint8_t)(~TIM1_CCER2_CC4P);
      000513 C6 52 6F         [ 1]  900 	ld	a, 0x526f
                                    901 ;	../..//StdPeriph_Driver/STM8S_StdPeriph_Driver//src/stm8s_tim1.c: 361: if (TIM1_OCIdleState != TIM1_OCIDLESTATE_RESET)
      000516 0D 0A            [ 1]  902 	tnz	(0x0a, sp)
      000518 27 07            [ 1]  903 	jreq	00102$
                                    904 ;	../..//StdPeriph_Driver/STM8S_StdPeriph_Driver//src/stm8s_tim1.c: 363: TIM1->OISR |= (uint8_t)(~TIM1_CCER2_CC4P);
      00051A AA DF            [ 1]  905 	or	a, #0xdf
      00051C C7 52 6F         [ 1]  906 	ld	0x526f, a
      00051F 20 05            [ 2]  907 	jra	00103$
      000521                        908 00102$:
                                    909 ;	../..//StdPeriph_Driver/STM8S_StdPeriph_Driver//src/stm8s_tim1.c: 367: TIM1->OISR &= (uint8_t)(~TIM1_OISR_OIS4);
      000521 A4 BF            [ 1]  910 	and	a, #0xbf
      000523 C7 52 6F         [ 1]  911 	ld	0x526f, a
      000526                        912 00103$:
                                    913 ;	../..//StdPeriph_Driver/STM8S_StdPeriph_Driver//src/stm8s_tim1.c: 371: TIM1->CCR4H = (uint8_t)(TIM1_Pulse >> 8);
      000526 7B 07            [ 1]  914 	ld	a, (0x07, sp)
      000528 C7 52 6B         [ 1]  915 	ld	0x526b, a
                                    916 ;	../..//StdPeriph_Driver/STM8S_StdPeriph_Driver//src/stm8s_tim1.c: 372: TIM1->CCR4L = (uint8_t)(TIM1_Pulse);
      00052B 7B 08            [ 1]  917 	ld	a, (0x08, sp)
      00052D C7 52 6C         [ 1]  918 	ld	0x526c, a
                                    919 ;	../..//StdPeriph_Driver/STM8S_StdPeriph_Driver//src/stm8s_tim1.c: 373: }
      000530 85               [ 2]  920 	popw	x
      000531 81               [ 4]  921 	ret
                                    922 ;	../..//StdPeriph_Driver/STM8S_StdPeriph_Driver//src/stm8s_tim1.c: 388: void TIM1_BDTRConfig(TIM1_OSSIState_TypeDef TIM1_OSSIState,
                                    923 ;	-----------------------------------------
                                    924 ;	 function TIM1_BDTRConfig
                                    925 ;	-----------------------------------------
      000532                        926 _TIM1_BDTRConfig:
      000532 88               [ 1]  927 	push	a
                                    928 ;	../..//StdPeriph_Driver/STM8S_StdPeriph_Driver//src/stm8s_tim1.c: 396: assert_param(IS_TIM1_OSSI_STATE_OK(TIM1_OSSIState));
      000533 7B 04            [ 1]  929 	ld	a, (0x04, sp)
      000535 A1 04            [ 1]  930 	cp	a, #0x04
      000537 27 13            [ 1]  931 	jreq	00104$
      000539 0D 04            [ 1]  932 	tnz	(0x04, sp)
      00053B 27 0F            [ 1]  933 	jreq	00104$
      00053D 4B 8C            [ 1]  934 	push	#0x8c
      00053F 4B 01            [ 1]  935 	push	#0x01
      000541 5F               [ 1]  936 	clrw	x
      000542 89               [ 2]  937 	pushw	x
      000543 4Br00            [ 1]  938 	push	#<(___str_0+0)
      000545 4Bs00            [ 1]  939 	push	#((___str_0+0) >> 8)
      000547 CDr00r00         [ 4]  940 	call	_assert_failed
      00054A 5B 06            [ 2]  941 	addw	sp, #6
      00054C                        942 00104$:
                                    943 ;	../..//StdPeriph_Driver/STM8S_StdPeriph_Driver//src/stm8s_tim1.c: 397: assert_param(IS_TIM1_LOCK_LEVEL_OK(TIM1_LockLevel));
      00054C 0D 05            [ 1]  944 	tnz	(0x05, sp)
      00054E 27 20            [ 1]  945 	jreq	00109$
      000550 7B 05            [ 1]  946 	ld	a, (0x05, sp)
      000552 4A               [ 1]  947 	dec	a
      000553 27 1B            [ 1]  948 	jreq	00109$
      000555 7B 05            [ 1]  949 	ld	a, (0x05, sp)
      000557 A1 02            [ 1]  950 	cp	a, #0x02
      000559 27 15            [ 1]  951 	jreq	00109$
      00055B 7B 05            [ 1]  952 	ld	a, (0x05, sp)
      00055D A1 03            [ 1]  953 	cp	a, #0x03
      00055F 27 0F            [ 1]  954 	jreq	00109$
      000561 4B 8D            [ 1]  955 	push	#0x8d
      000563 4B 01            [ 1]  956 	push	#0x01
      000565 5F               [ 1]  957 	clrw	x
      000566 89               [ 2]  958 	pushw	x
      000567 4Br00            [ 1]  959 	push	#<(___str_0+0)
      000569 4Bs00            [ 1]  960 	push	#((___str_0+0) >> 8)
      00056B CDr00r00         [ 4]  961 	call	_assert_failed
      00056E 5B 06            [ 2]  962 	addw	sp, #6
      000570                        963 00109$:
                                    964 ;	../..//StdPeriph_Driver/STM8S_StdPeriph_Driver//src/stm8s_tim1.c: 398: assert_param(IS_TIM1_BREAK_STATE_OK(TIM1_Break));
      000570 7B 07            [ 1]  965 	ld	a, (0x07, sp)
      000572 A1 10            [ 1]  966 	cp	a, #0x10
      000574 27 13            [ 1]  967 	jreq	00120$
      000576 0D 07            [ 1]  968 	tnz	(0x07, sp)
      000578 27 0F            [ 1]  969 	jreq	00120$
      00057A 4B 8E            [ 1]  970 	push	#0x8e
      00057C 4B 01            [ 1]  971 	push	#0x01
      00057E 5F               [ 1]  972 	clrw	x
      00057F 89               [ 2]  973 	pushw	x
      000580 4Br00            [ 1]  974 	push	#<(___str_0+0)
      000582 4Bs00            [ 1]  975 	push	#((___str_0+0) >> 8)
      000584 CDr00r00         [ 4]  976 	call	_assert_failed
      000587 5B 06            [ 2]  977 	addw	sp, #6
      000589                        978 00120$:
                                    979 ;	../..//StdPeriph_Driver/STM8S_StdPeriph_Driver//src/stm8s_tim1.c: 399: assert_param(IS_TIM1_BREAK_POLARITY_OK(TIM1_BreakPolarity));
      000589 0D 08            [ 1]  980 	tnz	(0x08, sp)
      00058B 27 15            [ 1]  981 	jreq	00125$
      00058D 7B 08            [ 1]  982 	ld	a, (0x08, sp)
      00058F A1 20            [ 1]  983 	cp	a, #0x20
      000591 27 0F            [ 1]  984 	jreq	00125$
      000593 4B 8F            [ 1]  985 	push	#0x8f
      000595 4B 01            [ 1]  986 	push	#0x01
      000597 5F               [ 1]  987 	clrw	x
      000598 89               [ 2]  988 	pushw	x
      000599 4Br00            [ 1]  989 	push	#<(___str_0+0)
      00059B 4Bs00            [ 1]  990 	push	#((___str_0+0) >> 8)
      00059D CDr00r00         [ 4]  991 	call	_assert_failed
      0005A0 5B 06            [ 2]  992 	addw	sp, #6
      0005A2                        993 00125$:
                                    994 ;	../..//StdPeriph_Driver/STM8S_StdPeriph_Driver//src/stm8s_tim1.c: 400: assert_param(IS_TIM1_AUTOMATIC_OUTPUT_STATE_OK(TIM1_AutomaticOutput));
      0005A2 7B 09            [ 1]  995 	ld	a, (0x09, sp)
      0005A4 A1 40            [ 1]  996 	cp	a, #0x40
      0005A6 27 13            [ 1]  997 	jreq	00130$
      0005A8 0D 09            [ 1]  998 	tnz	(0x09, sp)
      0005AA 27 0F            [ 1]  999 	jreq	00130$
      0005AC 4B 90            [ 1] 1000 	push	#0x90
      0005AE 4B 01            [ 1] 1001 	push	#0x01
      0005B0 5F               [ 1] 1002 	clrw	x
      0005B1 89               [ 2] 1003 	pushw	x
      0005B2 4Br00            [ 1] 1004 	push	#<(___str_0+0)
      0005B4 4Bs00            [ 1] 1005 	push	#((___str_0+0) >> 8)
      0005B6 CDr00r00         [ 4] 1006 	call	_assert_failed
      0005B9 5B 06            [ 2] 1007 	addw	sp, #6
      0005BB                       1008 00130$:
                                   1009 ;	../..//StdPeriph_Driver/STM8S_StdPeriph_Driver//src/stm8s_tim1.c: 402: TIM1->DTR = (uint8_t)(TIM1_DeadTime);
      0005BB AE 52 6E         [ 2] 1010 	ldw	x, #0x526e
      0005BE 7B 06            [ 1] 1011 	ld	a, (0x06, sp)
      0005C0 F7               [ 1] 1012 	ld	(x), a
                                   1013 ;	../..//StdPeriph_Driver/STM8S_StdPeriph_Driver//src/stm8s_tim1.c: 406: TIM1->BKR  =  (uint8_t)((uint8_t)(TIM1_OSSIState | (uint8_t)TIM1_LockLevel)  | 
      0005C1 7B 04            [ 1] 1014 	ld	a, (0x04, sp)
      0005C3 1A 05            [ 1] 1015 	or	a, (0x05, sp)
      0005C5 6B 01            [ 1] 1016 	ld	(0x01, sp), a
                                   1017 ;	../..//StdPeriph_Driver/STM8S_StdPeriph_Driver//src/stm8s_tim1.c: 407: (uint8_t)((uint8_t)(TIM1_Break | (uint8_t)TIM1_BreakPolarity)  | 
      0005C7 7B 07            [ 1] 1018 	ld	a, (0x07, sp)
      0005C9 1A 08            [ 1] 1019 	or	a, (0x08, sp)
                                   1020 ;	../..//StdPeriph_Driver/STM8S_StdPeriph_Driver//src/stm8s_tim1.c: 408: (uint8_t)TIM1_AutomaticOutput));
      0005CB 1A 09            [ 1] 1021 	or	a, (0x09, sp)
      0005CD 1A 01            [ 1] 1022 	or	a, (0x01, sp)
      0005CF C7 52 6D         [ 1] 1023 	ld	0x526d, a
                                   1024 ;	../..//StdPeriph_Driver/STM8S_StdPeriph_Driver//src/stm8s_tim1.c: 409: }
      0005D2 84               [ 1] 1025 	pop	a
      0005D3 81               [ 4] 1026 	ret
                                   1027 ;	../..//StdPeriph_Driver/STM8S_StdPeriph_Driver//src/stm8s_tim1.c: 423: void TIM1_ICInit(TIM1_Channel_TypeDef TIM1_Channel,
                                   1028 ;	-----------------------------------------
                                   1029 ;	 function TIM1_ICInit
                                   1030 ;	-----------------------------------------
      0005D4                       1031 _TIM1_ICInit:
      0005D4 89               [ 2] 1032 	pushw	x
                                   1033 ;	../..//StdPeriph_Driver/STM8S_StdPeriph_Driver//src/stm8s_tim1.c: 430: assert_param(IS_TIM1_CHANNEL_OK(TIM1_Channel));
      0005D5 7B 05            [ 1] 1034 	ld	a, (0x05, sp)
      0005D7 4A               [ 1] 1035 	dec	a
      0005D8 26 05            [ 1] 1036 	jrne	00235$
      0005DA A6 01            [ 1] 1037 	ld	a, #0x01
      0005DC 6B 01            [ 1] 1038 	ld	(0x01, sp), a
      0005DE C5                    1039 	.byte 0xc5
      0005DF                       1040 00235$:
      0005DF 0F 01            [ 1] 1041 	clr	(0x01, sp)
      0005E1                       1042 00236$:
      0005E1 7B 05            [ 1] 1043 	ld	a, (0x05, sp)
      0005E3 A0 02            [ 1] 1044 	sub	a, #0x02
      0005E5 26 04            [ 1] 1045 	jrne	00238$
      0005E7 4C               [ 1] 1046 	inc	a
      0005E8 6B 02            [ 1] 1047 	ld	(0x02, sp), a
      0005EA C5                    1048 	.byte 0xc5
      0005EB                       1049 00238$:
      0005EB 0F 02            [ 1] 1050 	clr	(0x02, sp)
      0005ED                       1051 00239$:
      0005ED 0D 05            [ 1] 1052 	tnz	(0x05, sp)
      0005EF 27 1D            [ 1] 1053 	jreq	00113$
      0005F1 0D 01            [ 1] 1054 	tnz	(0x01, sp)
      0005F3 26 19            [ 1] 1055 	jrne	00113$
      0005F5 0D 02            [ 1] 1056 	tnz	(0x02, sp)
      0005F7 26 15            [ 1] 1057 	jrne	00113$
      0005F9 7B 05            [ 1] 1058 	ld	a, (0x05, sp)
      0005FB A1 03            [ 1] 1059 	cp	a, #0x03
      0005FD 27 0F            [ 1] 1060 	jreq	00113$
      0005FF 4B AE            [ 1] 1061 	push	#0xae
      000601 4B 01            [ 1] 1062 	push	#0x01
      000603 5F               [ 1] 1063 	clrw	x
      000604 89               [ 2] 1064 	pushw	x
      000605 4Br00            [ 1] 1065 	push	#<(___str_0+0)
      000607 4Bs00            [ 1] 1066 	push	#((___str_0+0) >> 8)
      000609 CDr00r00         [ 4] 1067 	call	_assert_failed
      00060C 5B 06            [ 2] 1068 	addw	sp, #6
      00060E                       1069 00113$:
                                   1070 ;	../..//StdPeriph_Driver/STM8S_StdPeriph_Driver//src/stm8s_tim1.c: 431: assert_param(IS_TIM1_IC_POLARITY_OK(TIM1_ICPolarity));
      00060E 0D 06            [ 1] 1071 	tnz	(0x06, sp)
      000610 27 14            [ 1] 1072 	jreq	00124$
      000612 7B 06            [ 1] 1073 	ld	a, (0x06, sp)
      000614 4A               [ 1] 1074 	dec	a
      000615 27 0F            [ 1] 1075 	jreq	00124$
      000617 4B AF            [ 1] 1076 	push	#0xaf
      000619 4B 01            [ 1] 1077 	push	#0x01
      00061B 5F               [ 1] 1078 	clrw	x
      00061C 89               [ 2] 1079 	pushw	x
      00061D 4Br00            [ 1] 1080 	push	#<(___str_0+0)
      00061F 4Bs00            [ 1] 1081 	push	#((___str_0+0) >> 8)
      000621 CDr00r00         [ 4] 1082 	call	_assert_failed
      000624 5B 06            [ 2] 1083 	addw	sp, #6
      000626                       1084 00124$:
                                   1085 ;	../..//StdPeriph_Driver/STM8S_StdPeriph_Driver//src/stm8s_tim1.c: 432: assert_param(IS_TIM1_IC_SELECTION_OK(TIM1_ICSelection));
      000626 7B 07            [ 1] 1086 	ld	a, (0x07, sp)
      000628 4A               [ 1] 1087 	dec	a
      000629 27 1B            [ 1] 1088 	jreq	00129$
      00062B 7B 07            [ 1] 1089 	ld	a, (0x07, sp)
      00062D A1 02            [ 1] 1090 	cp	a, #0x02
      00062F 27 15            [ 1] 1091 	jreq	00129$
      000631 7B 07            [ 1] 1092 	ld	a, (0x07, sp)
      000633 A1 03            [ 1] 1093 	cp	a, #0x03
      000635 27 0F            [ 1] 1094 	jreq	00129$
      000637 4B B0            [ 1] 1095 	push	#0xb0
      000639 4B 01            [ 1] 1096 	push	#0x01
      00063B 5F               [ 1] 1097 	clrw	x
      00063C 89               [ 2] 1098 	pushw	x
      00063D 4Br00            [ 1] 1099 	push	#<(___str_0+0)
      00063F 4Bs00            [ 1] 1100 	push	#((___str_0+0) >> 8)
      000641 CDr00r00         [ 4] 1101 	call	_assert_failed
      000644 5B 06            [ 2] 1102 	addw	sp, #6
      000646                       1103 00129$:
                                   1104 ;	../..//StdPeriph_Driver/STM8S_StdPeriph_Driver//src/stm8s_tim1.c: 433: assert_param(IS_TIM1_IC_PRESCALER_OK(TIM1_ICPrescaler));
      000646 0D 08            [ 1] 1105 	tnz	(0x08, sp)
      000648 27 21            [ 1] 1106 	jreq	00137$
      00064A 7B 08            [ 1] 1107 	ld	a, (0x08, sp)
      00064C A1 04            [ 1] 1108 	cp	a, #0x04
      00064E 27 1B            [ 1] 1109 	jreq	00137$
      000650 7B 08            [ 1] 1110 	ld	a, (0x08, sp)
      000652 A1 08            [ 1] 1111 	cp	a, #0x08
      000654 27 15            [ 1] 1112 	jreq	00137$
      000656 7B 08            [ 1] 1113 	ld	a, (0x08, sp)
      000658 A1 0C            [ 1] 1114 	cp	a, #0x0c
      00065A 27 0F            [ 1] 1115 	jreq	00137$
      00065C 4B B1            [ 1] 1116 	push	#0xb1
      00065E 4B 01            [ 1] 1117 	push	#0x01
      000660 5F               [ 1] 1118 	clrw	x
      000661 89               [ 2] 1119 	pushw	x
      000662 4Br00            [ 1] 1120 	push	#<(___str_0+0)
      000664 4Bs00            [ 1] 1121 	push	#((___str_0+0) >> 8)
      000666 CDr00r00         [ 4] 1122 	call	_assert_failed
      000669 5B 06            [ 2] 1123 	addw	sp, #6
      00066B                       1124 00137$:
                                   1125 ;	../..//StdPeriph_Driver/STM8S_StdPeriph_Driver//src/stm8s_tim1.c: 434: assert_param(IS_TIM1_IC_FILTER_OK(TIM1_ICFilter));
      00066B 7B 09            [ 1] 1126 	ld	a, (0x09, sp)
      00066D A1 0F            [ 1] 1127 	cp	a, #0x0f
      00066F 23 0F            [ 2] 1128 	jrule	00148$
      000671 4B B2            [ 1] 1129 	push	#0xb2
      000673 4B 01            [ 1] 1130 	push	#0x01
      000675 5F               [ 1] 1131 	clrw	x
      000676 89               [ 2] 1132 	pushw	x
      000677 4Br00            [ 1] 1133 	push	#<(___str_0+0)
      000679 4Bs00            [ 1] 1134 	push	#((___str_0+0) >> 8)
      00067B CDr00r00         [ 4] 1135 	call	_assert_failed
      00067E 5B 06            [ 2] 1136 	addw	sp, #6
      000680                       1137 00148$:
                                   1138 ;	../..//StdPeriph_Driver/STM8S_StdPeriph_Driver//src/stm8s_tim1.c: 436: if (TIM1_Channel == TIM1_CHANNEL_1)
      000680 0D 05            [ 1] 1139 	tnz	(0x05, sp)
      000682 26 17            [ 1] 1140 	jrne	00108$
                                   1141 ;	../..//StdPeriph_Driver/STM8S_StdPeriph_Driver//src/stm8s_tim1.c: 439: TI1_Config((uint8_t)TIM1_ICPolarity,
      000684 7B 09            [ 1] 1142 	ld	a, (0x09, sp)
      000686 88               [ 1] 1143 	push	a
      000687 7B 08            [ 1] 1144 	ld	a, (0x08, sp)
      000689 88               [ 1] 1145 	push	a
      00068A 7B 08            [ 1] 1146 	ld	a, (0x08, sp)
      00068C 88               [ 1] 1147 	push	a
      00068D CDr14rCA         [ 4] 1148 	call	_TI1_Config
      000690 5B 03            [ 2] 1149 	addw	sp, #3
                                   1150 ;	../..//StdPeriph_Driver/STM8S_StdPeriph_Driver//src/stm8s_tim1.c: 443: TIM1_SetIC1Prescaler(TIM1_ICPrescaler);
      000692 7B 08            [ 1] 1151 	ld	a, (0x08, sp)
      000694 88               [ 1] 1152 	push	a
      000695 CDr12r6E         [ 4] 1153 	call	_TIM1_SetIC1Prescaler
      000698 84               [ 1] 1154 	pop	a
      000699 20 4B            [ 2] 1155 	jra	00110$
      00069B                       1156 00108$:
                                   1157 ;	../..//StdPeriph_Driver/STM8S_StdPeriph_Driver//src/stm8s_tim1.c: 445: else if (TIM1_Channel == TIM1_CHANNEL_2)
      00069B 7B 01            [ 1] 1158 	ld	a, (0x01, sp)
      00069D 27 17            [ 1] 1159 	jreq	00105$
                                   1160 ;	../..//StdPeriph_Driver/STM8S_StdPeriph_Driver//src/stm8s_tim1.c: 448: TI2_Config((uint8_t)TIM1_ICPolarity,
      00069F 7B 09            [ 1] 1161 	ld	a, (0x09, sp)
      0006A1 88               [ 1] 1162 	push	a
      0006A2 7B 08            [ 1] 1163 	ld	a, (0x08, sp)
      0006A4 88               [ 1] 1164 	push	a
      0006A5 7B 08            [ 1] 1165 	ld	a, (0x08, sp)
      0006A7 88               [ 1] 1166 	push	a
      0006A8 CDr14rFB         [ 4] 1167 	call	_TI2_Config
      0006AB 5B 03            [ 2] 1168 	addw	sp, #3
                                   1169 ;	../..//StdPeriph_Driver/STM8S_StdPeriph_Driver//src/stm8s_tim1.c: 452: TIM1_SetIC2Prescaler(TIM1_ICPrescaler);
      0006AD 7B 08            [ 1] 1170 	ld	a, (0x08, sp)
      0006AF 88               [ 1] 1171 	push	a
      0006B0 CDr12r9E         [ 4] 1172 	call	_TIM1_SetIC2Prescaler
      0006B3 84               [ 1] 1173 	pop	a
      0006B4 20 30            [ 2] 1174 	jra	00110$
      0006B6                       1175 00105$:
                                   1176 ;	../..//StdPeriph_Driver/STM8S_StdPeriph_Driver//src/stm8s_tim1.c: 454: else if (TIM1_Channel == TIM1_CHANNEL_3)
      0006B6 7B 02            [ 1] 1177 	ld	a, (0x02, sp)
      0006B8 27 17            [ 1] 1178 	jreq	00102$
                                   1179 ;	../..//StdPeriph_Driver/STM8S_StdPeriph_Driver//src/stm8s_tim1.c: 457: TI3_Config((uint8_t)TIM1_ICPolarity,
      0006BA 7B 09            [ 1] 1180 	ld	a, (0x09, sp)
      0006BC 88               [ 1] 1181 	push	a
      0006BD 7B 08            [ 1] 1182 	ld	a, (0x08, sp)
      0006BF 88               [ 1] 1183 	push	a
      0006C0 7B 08            [ 1] 1184 	ld	a, (0x08, sp)
      0006C2 88               [ 1] 1185 	push	a
      0006C3 CDr15r2C         [ 4] 1186 	call	_TI3_Config
      0006C6 5B 03            [ 2] 1187 	addw	sp, #3
                                   1188 ;	../..//StdPeriph_Driver/STM8S_StdPeriph_Driver//src/stm8s_tim1.c: 461: TIM1_SetIC3Prescaler(TIM1_ICPrescaler);
      0006C8 7B 08            [ 1] 1189 	ld	a, (0x08, sp)
      0006CA 88               [ 1] 1190 	push	a
      0006CB CDr12rCE         [ 4] 1191 	call	_TIM1_SetIC3Prescaler
      0006CE 84               [ 1] 1192 	pop	a
      0006CF 20 15            [ 2] 1193 	jra	00110$
      0006D1                       1194 00102$:
                                   1195 ;	../..//StdPeriph_Driver/STM8S_StdPeriph_Driver//src/stm8s_tim1.c: 466: TI4_Config((uint8_t)TIM1_ICPolarity,
      0006D1 7B 09            [ 1] 1196 	ld	a, (0x09, sp)
      0006D3 88               [ 1] 1197 	push	a
      0006D4 7B 08            [ 1] 1198 	ld	a, (0x08, sp)
      0006D6 88               [ 1] 1199 	push	a
      0006D7 7B 08            [ 1] 1200 	ld	a, (0x08, sp)
      0006D9 88               [ 1] 1201 	push	a
      0006DA CDr15r61         [ 4] 1202 	call	_TI4_Config
      0006DD 5B 03            [ 2] 1203 	addw	sp, #3
                                   1204 ;	../..//StdPeriph_Driver/STM8S_StdPeriph_Driver//src/stm8s_tim1.c: 470: TIM1_SetIC4Prescaler(TIM1_ICPrescaler);
      0006DF 7B 08            [ 1] 1205 	ld	a, (0x08, sp)
      0006E1 88               [ 1] 1206 	push	a
      0006E2 CDr12rFE         [ 4] 1207 	call	_TIM1_SetIC4Prescaler
      0006E5 84               [ 1] 1208 	pop	a
      0006E6                       1209 00110$:
                                   1210 ;	../..//StdPeriph_Driver/STM8S_StdPeriph_Driver//src/stm8s_tim1.c: 472: }
      0006E6 85               [ 2] 1211 	popw	x
      0006E7 81               [ 4] 1212 	ret
                                   1213 ;	../..//StdPeriph_Driver/STM8S_StdPeriph_Driver//src/stm8s_tim1.c: 488: void TIM1_PWMIConfig(TIM1_Channel_TypeDef TIM1_Channel,
                                   1214 ;	-----------------------------------------
                                   1215 ;	 function TIM1_PWMIConfig
                                   1216 ;	-----------------------------------------
      0006E8                       1217 _TIM1_PWMIConfig:
      0006E8 89               [ 2] 1218 	pushw	x
                                   1219 ;	../..//StdPeriph_Driver/STM8S_StdPeriph_Driver//src/stm8s_tim1.c: 498: assert_param(IS_TIM1_PWMI_CHANNEL_OK(TIM1_Channel));
      0006E9 0D 05            [ 1] 1220 	tnz	(0x05, sp)
      0006EB 27 14            [ 1] 1221 	jreq	00113$
      0006ED 7B 05            [ 1] 1222 	ld	a, (0x05, sp)
      0006EF 4A               [ 1] 1223 	dec	a
      0006F0 27 0F            [ 1] 1224 	jreq	00113$
      0006F2 4B F2            [ 1] 1225 	push	#0xf2
      0006F4 4B 01            [ 1] 1226 	push	#0x01
      0006F6 5F               [ 1] 1227 	clrw	x
      0006F7 89               [ 2] 1228 	pushw	x
      0006F8 4Br00            [ 1] 1229 	push	#<(___str_0+0)
      0006FA 4Bs00            [ 1] 1230 	push	#((___str_0+0) >> 8)
      0006FC CDr00r00         [ 4] 1231 	call	_assert_failed
      0006FF 5B 06            [ 2] 1232 	addw	sp, #6
      000701                       1233 00113$:
                                   1234 ;	../..//StdPeriph_Driver/STM8S_StdPeriph_Driver//src/stm8s_tim1.c: 499: assert_param(IS_TIM1_IC_POLARITY_OK(TIM1_ICPolarity));
      000701 7B 06            [ 1] 1235 	ld	a, (0x06, sp)
      000703 4A               [ 1] 1236 	dec	a
      000704 26 05            [ 1] 1237 	jrne	00216$
      000706 A6 01            [ 1] 1238 	ld	a, #0x01
      000708 6B 01            [ 1] 1239 	ld	(0x01, sp), a
      00070A C5                    1240 	.byte 0xc5
      00070B                       1241 00216$:
      00070B 0F 01            [ 1] 1242 	clr	(0x01, sp)
      00070D                       1243 00217$:
      00070D 0D 06            [ 1] 1244 	tnz	(0x06, sp)
      00070F 27 13            [ 1] 1245 	jreq	00118$
      000711 0D 01            [ 1] 1246 	tnz	(0x01, sp)
      000713 26 0F            [ 1] 1247 	jrne	00118$
      000715 4B F3            [ 1] 1248 	push	#0xf3
      000717 4B 01            [ 1] 1249 	push	#0x01
      000719 5F               [ 1] 1250 	clrw	x
      00071A 89               [ 2] 1251 	pushw	x
      00071B 4Br00            [ 1] 1252 	push	#<(___str_0+0)
      00071D 4Bs00            [ 1] 1253 	push	#((___str_0+0) >> 8)
      00071F CDr00r00         [ 4] 1254 	call	_assert_failed
      000722 5B 06            [ 2] 1255 	addw	sp, #6
      000724                       1256 00118$:
                                   1257 ;	../..//StdPeriph_Driver/STM8S_StdPeriph_Driver//src/stm8s_tim1.c: 500: assert_param(IS_TIM1_IC_SELECTION_OK(TIM1_ICSelection));
      000724 7B 07            [ 1] 1258 	ld	a, (0x07, sp)
      000726 4A               [ 1] 1259 	dec	a
      000727 26 05            [ 1] 1260 	jrne	00221$
      000729 A6 01            [ 1] 1261 	ld	a, #0x01
      00072B 6B 02            [ 1] 1262 	ld	(0x02, sp), a
      00072D C5                    1263 	.byte 0xc5
      00072E                       1264 00221$:
      00072E 0F 02            [ 1] 1265 	clr	(0x02, sp)
      000730                       1266 00222$:
      000730 0D 02            [ 1] 1267 	tnz	(0x02, sp)
      000732 26 1B            [ 1] 1268 	jrne	00123$
      000734 7B 07            [ 1] 1269 	ld	a, (0x07, sp)
      000736 A1 02            [ 1] 1270 	cp	a, #0x02
      000738 27 15            [ 1] 1271 	jreq	00123$
      00073A 7B 07            [ 1] 1272 	ld	a, (0x07, sp)
      00073C A1 03            [ 1] 1273 	cp	a, #0x03
      00073E 27 0F            [ 1] 1274 	jreq	00123$
      000740 4B F4            [ 1] 1275 	push	#0xf4
      000742 4B 01            [ 1] 1276 	push	#0x01
      000744 5F               [ 1] 1277 	clrw	x
      000745 89               [ 2] 1278 	pushw	x
      000746 4Br00            [ 1] 1279 	push	#<(___str_0+0)
      000748 4Bs00            [ 1] 1280 	push	#((___str_0+0) >> 8)
      00074A CDr00r00         [ 4] 1281 	call	_assert_failed
      00074D 5B 06            [ 2] 1282 	addw	sp, #6
      00074F                       1283 00123$:
                                   1284 ;	../..//StdPeriph_Driver/STM8S_StdPeriph_Driver//src/stm8s_tim1.c: 501: assert_param(IS_TIM1_IC_PRESCALER_OK(TIM1_ICPrescaler));
      00074F 0D 08            [ 1] 1285 	tnz	(0x08, sp)
      000751 27 21            [ 1] 1286 	jreq	00131$
      000753 7B 08            [ 1] 1287 	ld	a, (0x08, sp)
      000755 A1 04            [ 1] 1288 	cp	a, #0x04
      000757 27 1B            [ 1] 1289 	jreq	00131$
      000759 7B 08            [ 1] 1290 	ld	a, (0x08, sp)
      00075B A1 08            [ 1] 1291 	cp	a, #0x08
      00075D 27 15            [ 1] 1292 	jreq	00131$
      00075F 7B 08            [ 1] 1293 	ld	a, (0x08, sp)
      000761 A1 0C            [ 1] 1294 	cp	a, #0x0c
      000763 27 0F            [ 1] 1295 	jreq	00131$
      000765 4B F5            [ 1] 1296 	push	#0xf5
      000767 4B 01            [ 1] 1297 	push	#0x01
      000769 5F               [ 1] 1298 	clrw	x
      00076A 89               [ 2] 1299 	pushw	x
      00076B 4Br00            [ 1] 1300 	push	#<(___str_0+0)
      00076D 4Bs00            [ 1] 1301 	push	#((___str_0+0) >> 8)
      00076F CDr00r00         [ 4] 1302 	call	_assert_failed
      000772 5B 06            [ 2] 1303 	addw	sp, #6
      000774                       1304 00131$:
                                   1305 ;	../..//StdPeriph_Driver/STM8S_StdPeriph_Driver//src/stm8s_tim1.c: 504: if (TIM1_ICPolarity != TIM1_ICPOLARITY_FALLING)
      000774 0D 01            [ 1] 1306 	tnz	(0x01, sp)
      000776 26 05            [ 1] 1307 	jrne	00102$
                                   1308 ;	../..//StdPeriph_Driver/STM8S_StdPeriph_Driver//src/stm8s_tim1.c: 506: icpolarity = TIM1_ICPOLARITY_FALLING;
      000778 A6 01            [ 1] 1309 	ld	a, #0x01
      00077A 6B 01            [ 1] 1310 	ld	(0x01, sp), a
                                   1311 ;	../..//StdPeriph_Driver/STM8S_StdPeriph_Driver//src/stm8s_tim1.c: 510: icpolarity = TIM1_ICPOLARITY_RISING;
      00077C C5                    1312 	.byte 0xc5
      00077D                       1313 00102$:
      00077D 0F 01            [ 1] 1314 	clr	(0x01, sp)
      00077F                       1315 00103$:
                                   1316 ;	../..//StdPeriph_Driver/STM8S_StdPeriph_Driver//src/stm8s_tim1.c: 514: if (TIM1_ICSelection == TIM1_ICSELECTION_DIRECTTI)
      00077F 7B 02            [ 1] 1317 	ld	a, (0x02, sp)
      000781 27 06            [ 1] 1318 	jreq	00105$
                                   1319 ;	../..//StdPeriph_Driver/STM8S_StdPeriph_Driver//src/stm8s_tim1.c: 516: icselection = TIM1_ICSELECTION_INDIRECTTI;
      000783 A6 02            [ 1] 1320 	ld	a, #0x02
      000785 6B 02            [ 1] 1321 	ld	(0x02, sp), a
      000787 20 04            [ 2] 1322 	jra	00106$
      000789                       1323 00105$:
                                   1324 ;	../..//StdPeriph_Driver/STM8S_StdPeriph_Driver//src/stm8s_tim1.c: 520: icselection = TIM1_ICSELECTION_DIRECTTI;
      000789 A6 01            [ 1] 1325 	ld	a, #0x01
      00078B 6B 02            [ 1] 1326 	ld	(0x02, sp), a
      00078D                       1327 00106$:
                                   1328 ;	../..//StdPeriph_Driver/STM8S_StdPeriph_Driver//src/stm8s_tim1.c: 523: if (TIM1_Channel == TIM1_CHANNEL_1)
      00078D 0D 05            [ 1] 1329 	tnz	(0x05, sp)
      00078F 26 2C            [ 1] 1330 	jrne	00108$
                                   1331 ;	../..//StdPeriph_Driver/STM8S_StdPeriph_Driver//src/stm8s_tim1.c: 526: TI1_Config((uint8_t)TIM1_ICPolarity, (uint8_t)TIM1_ICSelection,
      000791 7B 09            [ 1] 1332 	ld	a, (0x09, sp)
      000793 88               [ 1] 1333 	push	a
      000794 7B 08            [ 1] 1334 	ld	a, (0x08, sp)
      000796 88               [ 1] 1335 	push	a
      000797 7B 08            [ 1] 1336 	ld	a, (0x08, sp)
      000799 88               [ 1] 1337 	push	a
      00079A CDr14rCA         [ 4] 1338 	call	_TI1_Config
      00079D 5B 03            [ 2] 1339 	addw	sp, #3
                                   1340 ;	../..//StdPeriph_Driver/STM8S_StdPeriph_Driver//src/stm8s_tim1.c: 530: TIM1_SetIC1Prescaler(TIM1_ICPrescaler);
      00079F 7B 08            [ 1] 1341 	ld	a, (0x08, sp)
      0007A1 88               [ 1] 1342 	push	a
      0007A2 CDr12r6E         [ 4] 1343 	call	_TIM1_SetIC1Prescaler
      0007A5 84               [ 1] 1344 	pop	a
                                   1345 ;	../..//StdPeriph_Driver/STM8S_StdPeriph_Driver//src/stm8s_tim1.c: 533: TI2_Config(icpolarity, icselection, TIM1_ICFilter);
      0007A6 7B 09            [ 1] 1346 	ld	a, (0x09, sp)
      0007A8 88               [ 1] 1347 	push	a
      0007A9 7B 03            [ 1] 1348 	ld	a, (0x03, sp)
      0007AB 88               [ 1] 1349 	push	a
      0007AC 7B 03            [ 1] 1350 	ld	a, (0x03, sp)
      0007AE 88               [ 1] 1351 	push	a
      0007AF CDr14rFB         [ 4] 1352 	call	_TI2_Config
      0007B2 5B 03            [ 2] 1353 	addw	sp, #3
                                   1354 ;	../..//StdPeriph_Driver/STM8S_StdPeriph_Driver//src/stm8s_tim1.c: 536: TIM1_SetIC2Prescaler(TIM1_ICPrescaler);
      0007B4 7B 08            [ 1] 1355 	ld	a, (0x08, sp)
      0007B6 88               [ 1] 1356 	push	a
      0007B7 CDr12r9E         [ 4] 1357 	call	_TIM1_SetIC2Prescaler
      0007BA 84               [ 1] 1358 	pop	a
      0007BB 20 2A            [ 2] 1359 	jra	00110$
      0007BD                       1360 00108$:
                                   1361 ;	../..//StdPeriph_Driver/STM8S_StdPeriph_Driver//src/stm8s_tim1.c: 541: TI2_Config((uint8_t)TIM1_ICPolarity, (uint8_t)TIM1_ICSelection,
      0007BD 7B 09            [ 1] 1362 	ld	a, (0x09, sp)
      0007BF 88               [ 1] 1363 	push	a
      0007C0 7B 08            [ 1] 1364 	ld	a, (0x08, sp)
      0007C2 88               [ 1] 1365 	push	a
      0007C3 7B 08            [ 1] 1366 	ld	a, (0x08, sp)
      0007C5 88               [ 1] 1367 	push	a
      0007C6 CDr14rFB         [ 4] 1368 	call	_TI2_Config
      0007C9 5B 03            [ 2] 1369 	addw	sp, #3
                                   1370 ;	../..//StdPeriph_Driver/STM8S_StdPeriph_Driver//src/stm8s_tim1.c: 545: TIM1_SetIC2Prescaler(TIM1_ICPrescaler);
      0007CB 7B 08            [ 1] 1371 	ld	a, (0x08, sp)
      0007CD 88               [ 1] 1372 	push	a
      0007CE CDr12r9E         [ 4] 1373 	call	_TIM1_SetIC2Prescaler
      0007D1 84               [ 1] 1374 	pop	a
                                   1375 ;	../..//StdPeriph_Driver/STM8S_StdPeriph_Driver//src/stm8s_tim1.c: 548: TI1_Config(icpolarity, icselection, TIM1_ICFilter);
      0007D2 7B 09            [ 1] 1376 	ld	a, (0x09, sp)
      0007D4 88               [ 1] 1377 	push	a
      0007D5 7B 03            [ 1] 1378 	ld	a, (0x03, sp)
      0007D7 88               [ 1] 1379 	push	a
      0007D8 7B 03            [ 1] 1380 	ld	a, (0x03, sp)
      0007DA 88               [ 1] 1381 	push	a
      0007DB CDr14rCA         [ 4] 1382 	call	_TI1_Config
      0007DE 5B 03            [ 2] 1383 	addw	sp, #3
                                   1384 ;	../..//StdPeriph_Driver/STM8S_StdPeriph_Driver//src/stm8s_tim1.c: 551: TIM1_SetIC1Prescaler(TIM1_ICPrescaler);
      0007E0 7B 08            [ 1] 1385 	ld	a, (0x08, sp)
      0007E2 88               [ 1] 1386 	push	a
      0007E3 CDr12r6E         [ 4] 1387 	call	_TIM1_SetIC1Prescaler
      0007E6 84               [ 1] 1388 	pop	a
      0007E7                       1389 00110$:
                                   1390 ;	../..//StdPeriph_Driver/STM8S_StdPeriph_Driver//src/stm8s_tim1.c: 553: }
      0007E7 85               [ 2] 1391 	popw	x
      0007E8 81               [ 4] 1392 	ret
                                   1393 ;	../..//StdPeriph_Driver/STM8S_StdPeriph_Driver//src/stm8s_tim1.c: 561: void TIM1_Cmd(FunctionalState NewState)
                                   1394 ;	-----------------------------------------
                                   1395 ;	 function TIM1_Cmd
                                   1396 ;	-----------------------------------------
      0007E9                       1397 _TIM1_Cmd:
                                   1398 ;	../..//StdPeriph_Driver/STM8S_StdPeriph_Driver//src/stm8s_tim1.c: 564: assert_param(IS_FUNCTIONALSTATE_OK(NewState));
      0007E9 0D 03            [ 1] 1399 	tnz	(0x03, sp)
      0007EB 27 14            [ 1] 1400 	jreq	00107$
      0007ED 7B 03            [ 1] 1401 	ld	a, (0x03, sp)
      0007EF 4A               [ 1] 1402 	dec	a
      0007F0 27 0F            [ 1] 1403 	jreq	00107$
      0007F2 4B 34            [ 1] 1404 	push	#0x34
      0007F4 4B 02            [ 1] 1405 	push	#0x02
      0007F6 5F               [ 1] 1406 	clrw	x
      0007F7 89               [ 2] 1407 	pushw	x
      0007F8 4Br00            [ 1] 1408 	push	#<(___str_0+0)
      0007FA 4Bs00            [ 1] 1409 	push	#((___str_0+0) >> 8)
      0007FC CDr00r00         [ 4] 1410 	call	_assert_failed
      0007FF 5B 06            [ 2] 1411 	addw	sp, #6
      000801                       1412 00107$:
                                   1413 ;	../..//StdPeriph_Driver/STM8S_StdPeriph_Driver//src/stm8s_tim1.c: 569: TIM1->CR1 |= TIM1_CR1_CEN;
      000801 C6 52 50         [ 1] 1414 	ld	a, 0x5250
                                   1415 ;	../..//StdPeriph_Driver/STM8S_StdPeriph_Driver//src/stm8s_tim1.c: 567: if (NewState != DISABLE)
      000804 0D 03            [ 1] 1416 	tnz	(0x03, sp)
      000806 27 06            [ 1] 1417 	jreq	00102$
                                   1418 ;	../..//StdPeriph_Driver/STM8S_StdPeriph_Driver//src/stm8s_tim1.c: 569: TIM1->CR1 |= TIM1_CR1_CEN;
      000808 AA 01            [ 1] 1419 	or	a, #0x01
      00080A C7 52 50         [ 1] 1420 	ld	0x5250, a
      00080D 81               [ 4] 1421 	ret
      00080E                       1422 00102$:
                                   1423 ;	../..//StdPeriph_Driver/STM8S_StdPeriph_Driver//src/stm8s_tim1.c: 573: TIM1->CR1 &= (uint8_t)(~TIM1_CR1_CEN);
      00080E A4 FE            [ 1] 1424 	and	a, #0xfe
      000810 C7 52 50         [ 1] 1425 	ld	0x5250, a
                                   1426 ;	../..//StdPeriph_Driver/STM8S_StdPeriph_Driver//src/stm8s_tim1.c: 575: }
      000813 81               [ 4] 1427 	ret
                                   1428 ;	../..//StdPeriph_Driver/STM8S_StdPeriph_Driver//src/stm8s_tim1.c: 583: void TIM1_CtrlPWMOutputs(FunctionalState NewState)
                                   1429 ;	-----------------------------------------
                                   1430 ;	 function TIM1_CtrlPWMOutputs
                                   1431 ;	-----------------------------------------
      000814                       1432 _TIM1_CtrlPWMOutputs:
                                   1433 ;	../..//StdPeriph_Driver/STM8S_StdPeriph_Driver//src/stm8s_tim1.c: 586: assert_param(IS_FUNCTIONALSTATE_OK(NewState));
      000814 0D 03            [ 1] 1434 	tnz	(0x03, sp)
      000816 27 14            [ 1] 1435 	jreq	00107$
      000818 7B 03            [ 1] 1436 	ld	a, (0x03, sp)
      00081A 4A               [ 1] 1437 	dec	a
      00081B 27 0F            [ 1] 1438 	jreq	00107$
      00081D 4B 4A            [ 1] 1439 	push	#0x4a
      00081F 4B 02            [ 1] 1440 	push	#0x02
      000821 5F               [ 1] 1441 	clrw	x
      000822 89               [ 2] 1442 	pushw	x
      000823 4Br00            [ 1] 1443 	push	#<(___str_0+0)
      000825 4Bs00            [ 1] 1444 	push	#((___str_0+0) >> 8)
      000827 CDr00r00         [ 4] 1445 	call	_assert_failed
      00082A 5B 06            [ 2] 1446 	addw	sp, #6
      00082C                       1447 00107$:
                                   1448 ;	../..//StdPeriph_Driver/STM8S_StdPeriph_Driver//src/stm8s_tim1.c: 592: TIM1->BKR |= TIM1_BKR_MOE;
      00082C C6 52 6D         [ 1] 1449 	ld	a, 0x526d
                                   1450 ;	../..//StdPeriph_Driver/STM8S_StdPeriph_Driver//src/stm8s_tim1.c: 590: if (NewState != DISABLE)
      00082F 0D 03            [ 1] 1451 	tnz	(0x03, sp)
      000831 27 06            [ 1] 1452 	jreq	00102$
                                   1453 ;	../..//StdPeriph_Driver/STM8S_StdPeriph_Driver//src/stm8s_tim1.c: 592: TIM1->BKR |= TIM1_BKR_MOE;
      000833 AA 80            [ 1] 1454 	or	a, #0x80
      000835 C7 52 6D         [ 1] 1455 	ld	0x526d, a
      000838 81               [ 4] 1456 	ret
      000839                       1457 00102$:
                                   1458 ;	../..//StdPeriph_Driver/STM8S_StdPeriph_Driver//src/stm8s_tim1.c: 596: TIM1->BKR &= (uint8_t)(~TIM1_BKR_MOE);
      000839 A4 7F            [ 1] 1459 	and	a, #0x7f
      00083B C7 52 6D         [ 1] 1460 	ld	0x526d, a
                                   1461 ;	../..//StdPeriph_Driver/STM8S_StdPeriph_Driver//src/stm8s_tim1.c: 598: }
      00083E 81               [ 4] 1462 	ret
                                   1463 ;	../..//StdPeriph_Driver/STM8S_StdPeriph_Driver//src/stm8s_tim1.c: 617: void TIM1_ITConfig(TIM1_IT_TypeDef  TIM1_IT, FunctionalState NewState)
                                   1464 ;	-----------------------------------------
                                   1465 ;	 function TIM1_ITConfig
                                   1466 ;	-----------------------------------------
      00083F                       1467 _TIM1_ITConfig:
      00083F 88               [ 1] 1468 	push	a
                                   1469 ;	../..//StdPeriph_Driver/STM8S_StdPeriph_Driver//src/stm8s_tim1.c: 620: assert_param(IS_TIM1_IT_OK(TIM1_IT));
      000840 0D 04            [ 1] 1470 	tnz	(0x04, sp)
      000842 26 0F            [ 1] 1471 	jrne	00107$
      000844 4B 6C            [ 1] 1472 	push	#0x6c
      000846 4B 02            [ 1] 1473 	push	#0x02
      000848 5F               [ 1] 1474 	clrw	x
      000849 89               [ 2] 1475 	pushw	x
      00084A 4Br00            [ 1] 1476 	push	#<(___str_0+0)
      00084C 4Bs00            [ 1] 1477 	push	#((___str_0+0) >> 8)
      00084E CDr00r00         [ 4] 1478 	call	_assert_failed
      000851 5B 06            [ 2] 1479 	addw	sp, #6
      000853                       1480 00107$:
                                   1481 ;	../..//StdPeriph_Driver/STM8S_StdPeriph_Driver//src/stm8s_tim1.c: 621: assert_param(IS_FUNCTIONALSTATE_OK(NewState));
      000853 0D 05            [ 1] 1482 	tnz	(0x05, sp)
      000855 27 14            [ 1] 1483 	jreq	00109$
      000857 7B 05            [ 1] 1484 	ld	a, (0x05, sp)
      000859 4A               [ 1] 1485 	dec	a
      00085A 27 0F            [ 1] 1486 	jreq	00109$
      00085C 4B 6D            [ 1] 1487 	push	#0x6d
      00085E 4B 02            [ 1] 1488 	push	#0x02
      000860 5F               [ 1] 1489 	clrw	x
      000861 89               [ 2] 1490 	pushw	x
      000862 4Br00            [ 1] 1491 	push	#<(___str_0+0)
      000864 4Bs00            [ 1] 1492 	push	#((___str_0+0) >> 8)
      000866 CDr00r00         [ 4] 1493 	call	_assert_failed
      000869 5B 06            [ 2] 1494 	addw	sp, #6
      00086B                       1495 00109$:
                                   1496 ;	../..//StdPeriph_Driver/STM8S_StdPeriph_Driver//src/stm8s_tim1.c: 626: TIM1->IER |= (uint8_t)TIM1_IT;
      00086B C6 52 54         [ 1] 1497 	ld	a, 0x5254
                                   1498 ;	../..//StdPeriph_Driver/STM8S_StdPeriph_Driver//src/stm8s_tim1.c: 623: if (NewState != DISABLE)
      00086E 0D 05            [ 1] 1499 	tnz	(0x05, sp)
      000870 27 07            [ 1] 1500 	jreq	00102$
                                   1501 ;	../..//StdPeriph_Driver/STM8S_StdPeriph_Driver//src/stm8s_tim1.c: 626: TIM1->IER |= (uint8_t)TIM1_IT;
      000872 1A 04            [ 1] 1502 	or	a, (0x04, sp)
      000874 C7 52 54         [ 1] 1503 	ld	0x5254, a
      000877 20 0C            [ 2] 1504 	jra	00104$
      000879                       1505 00102$:
                                   1506 ;	../..//StdPeriph_Driver/STM8S_StdPeriph_Driver//src/stm8s_tim1.c: 631: TIM1->IER &= (uint8_t)(~(uint8_t)TIM1_IT);
      000879 88               [ 1] 1507 	push	a
      00087A 7B 05            [ 1] 1508 	ld	a, (0x05, sp)
      00087C 43               [ 1] 1509 	cpl	a
      00087D 6B 02            [ 1] 1510 	ld	(0x02, sp), a
      00087F 84               [ 1] 1511 	pop	a
      000880 14 01            [ 1] 1512 	and	a, (0x01, sp)
      000882 C7 52 54         [ 1] 1513 	ld	0x5254, a
      000885                       1514 00104$:
                                   1515 ;	../..//StdPeriph_Driver/STM8S_StdPeriph_Driver//src/stm8s_tim1.c: 633: }
      000885 84               [ 1] 1516 	pop	a
      000886 81               [ 4] 1517 	ret
                                   1518 ;	../..//StdPeriph_Driver/STM8S_StdPeriph_Driver//src/stm8s_tim1.c: 640: void TIM1_InternalClockConfig(void)
                                   1519 ;	-----------------------------------------
                                   1520 ;	 function TIM1_InternalClockConfig
                                   1521 ;	-----------------------------------------
      000887                       1522 _TIM1_InternalClockConfig:
                                   1523 ;	../..//StdPeriph_Driver/STM8S_StdPeriph_Driver//src/stm8s_tim1.c: 643: TIM1->SMCR &= (uint8_t)(~TIM1_SMCR_SMS);
      000887 C6 52 52         [ 1] 1524 	ld	a, 0x5252
      00088A A4 F8            [ 1] 1525 	and	a, #0xf8
      00088C C7 52 52         [ 1] 1526 	ld	0x5252, a
                                   1527 ;	../..//StdPeriph_Driver/STM8S_StdPeriph_Driver//src/stm8s_tim1.c: 644: }
      00088F 81               [ 4] 1528 	ret
                                   1529 ;	../..//StdPeriph_Driver/STM8S_StdPeriph_Driver//src/stm8s_tim1.c: 662: void TIM1_ETRClockMode1Config(TIM1_ExtTRGPSC_TypeDef TIM1_ExtTRGPrescaler,
                                   1530 ;	-----------------------------------------
                                   1531 ;	 function TIM1_ETRClockMode1Config
                                   1532 ;	-----------------------------------------
      000890                       1533 _TIM1_ETRClockMode1Config:
                                   1534 ;	../..//StdPeriph_Driver/STM8S_StdPeriph_Driver//src/stm8s_tim1.c: 667: assert_param(IS_TIM1_EXT_PRESCALER_OK(TIM1_ExtTRGPrescaler));
      000890 0D 03            [ 1] 1535 	tnz	(0x03, sp)
      000892 27 21            [ 1] 1536 	jreq	00104$
      000894 7B 03            [ 1] 1537 	ld	a, (0x03, sp)
      000896 A1 10            [ 1] 1538 	cp	a, #0x10
      000898 27 1B            [ 1] 1539 	jreq	00104$
      00089A 7B 03            [ 1] 1540 	ld	a, (0x03, sp)
      00089C A1 20            [ 1] 1541 	cp	a, #0x20
      00089E 27 15            [ 1] 1542 	jreq	00104$
      0008A0 7B 03            [ 1] 1543 	ld	a, (0x03, sp)
      0008A2 A1 30            [ 1] 1544 	cp	a, #0x30
      0008A4 27 0F            [ 1] 1545 	jreq	00104$
      0008A6 4B 9B            [ 1] 1546 	push	#0x9b
      0008A8 4B 02            [ 1] 1547 	push	#0x02
      0008AA 5F               [ 1] 1548 	clrw	x
      0008AB 89               [ 2] 1549 	pushw	x
      0008AC 4Br00            [ 1] 1550 	push	#<(___str_0+0)
      0008AE 4Bs00            [ 1] 1551 	push	#((___str_0+0) >> 8)
      0008B0 CDr00r00         [ 4] 1552 	call	_assert_failed
      0008B3 5B 06            [ 2] 1553 	addw	sp, #6
      0008B5                       1554 00104$:
                                   1555 ;	../..//StdPeriph_Driver/STM8S_StdPeriph_Driver//src/stm8s_tim1.c: 668: assert_param(IS_TIM1_EXT_POLARITY_OK(TIM1_ExtTRGPolarity));
      0008B5 7B 04            [ 1] 1556 	ld	a, (0x04, sp)
      0008B7 A1 80            [ 1] 1557 	cp	a, #0x80
      0008B9 27 13            [ 1] 1558 	jreq	00115$
      0008BB 0D 04            [ 1] 1559 	tnz	(0x04, sp)
      0008BD 27 0F            [ 1] 1560 	jreq	00115$
      0008BF 4B 9C            [ 1] 1561 	push	#0x9c
      0008C1 4B 02            [ 1] 1562 	push	#0x02
      0008C3 5F               [ 1] 1563 	clrw	x
      0008C4 89               [ 2] 1564 	pushw	x
      0008C5 4Br00            [ 1] 1565 	push	#<(___str_0+0)
      0008C7 4Bs00            [ 1] 1566 	push	#((___str_0+0) >> 8)
      0008C9 CDr00r00         [ 4] 1567 	call	_assert_failed
      0008CC 5B 06            [ 2] 1568 	addw	sp, #6
      0008CE                       1569 00115$:
                                   1570 ;	../..//StdPeriph_Driver/STM8S_StdPeriph_Driver//src/stm8s_tim1.c: 671: TIM1_ETRConfig(TIM1_ExtTRGPrescaler, TIM1_ExtTRGPolarity, ExtTRGFilter);
      0008CE 7B 05            [ 1] 1571 	ld	a, (0x05, sp)
      0008D0 88               [ 1] 1572 	push	a
      0008D1 7B 05            [ 1] 1573 	ld	a, (0x05, sp)
      0008D3 88               [ 1] 1574 	push	a
      0008D4 7B 05            [ 1] 1575 	ld	a, (0x05, sp)
      0008D6 88               [ 1] 1576 	push	a
      0008D7 CDr09r38         [ 4] 1577 	call	_TIM1_ETRConfig
      0008DA 5B 03            [ 2] 1578 	addw	sp, #3
                                   1579 ;	../..//StdPeriph_Driver/STM8S_StdPeriph_Driver//src/stm8s_tim1.c: 674: TIM1->SMCR = (uint8_t)((uint8_t)(TIM1->SMCR & (uint8_t)(~(uint8_t)(TIM1_SMCR_SMS | TIM1_SMCR_TS )))
      0008DC C6 52 52         [ 1] 1580 	ld	a, 0x5252
      0008DF A4 88            [ 1] 1581 	and	a, #0x88
      0008E1 AA 77            [ 1] 1582 	or	a, #0x77
      0008E3 C7 52 52         [ 1] 1583 	ld	0x5252, a
                                   1584 ;	../..//StdPeriph_Driver/STM8S_StdPeriph_Driver//src/stm8s_tim1.c: 676: }
      0008E6 81               [ 4] 1585 	ret
                                   1586 ;	../..//StdPeriph_Driver/STM8S_StdPeriph_Driver//src/stm8s_tim1.c: 694: void TIM1_ETRClockMode2Config(TIM1_ExtTRGPSC_TypeDef TIM1_ExtTRGPrescaler,
                                   1587 ;	-----------------------------------------
                                   1588 ;	 function TIM1_ETRClockMode2Config
                                   1589 ;	-----------------------------------------
      0008E7                       1590 _TIM1_ETRClockMode2Config:
                                   1591 ;	../..//StdPeriph_Driver/STM8S_StdPeriph_Driver//src/stm8s_tim1.c: 699: assert_param(IS_TIM1_EXT_PRESCALER_OK(TIM1_ExtTRGPrescaler));
      0008E7 0D 03            [ 1] 1592 	tnz	(0x03, sp)
      0008E9 27 21            [ 1] 1593 	jreq	00104$
      0008EB 7B 03            [ 1] 1594 	ld	a, (0x03, sp)
      0008ED A1 10            [ 1] 1595 	cp	a, #0x10
      0008EF 27 1B            [ 1] 1596 	jreq	00104$
      0008F1 7B 03            [ 1] 1597 	ld	a, (0x03, sp)
      0008F3 A1 20            [ 1] 1598 	cp	a, #0x20
      0008F5 27 15            [ 1] 1599 	jreq	00104$
      0008F7 7B 03            [ 1] 1600 	ld	a, (0x03, sp)
      0008F9 A1 30            [ 1] 1601 	cp	a, #0x30
      0008FB 27 0F            [ 1] 1602 	jreq	00104$
      0008FD 4B BB            [ 1] 1603 	push	#0xbb
      0008FF 4B 02            [ 1] 1604 	push	#0x02
      000901 5F               [ 1] 1605 	clrw	x
      000902 89               [ 2] 1606 	pushw	x
      000903 4Br00            [ 1] 1607 	push	#<(___str_0+0)
      000905 4Bs00            [ 1] 1608 	push	#((___str_0+0) >> 8)
      000907 CDr00r00         [ 4] 1609 	call	_assert_failed
      00090A 5B 06            [ 2] 1610 	addw	sp, #6
      00090C                       1611 00104$:
                                   1612 ;	../..//StdPeriph_Driver/STM8S_StdPeriph_Driver//src/stm8s_tim1.c: 700: assert_param(IS_TIM1_EXT_POLARITY_OK(TIM1_ExtTRGPolarity));
      00090C 7B 04            [ 1] 1613 	ld	a, (0x04, sp)
      00090E A1 80            [ 1] 1614 	cp	a, #0x80
      000910 27 13            [ 1] 1615 	jreq	00115$
      000912 0D 04            [ 1] 1616 	tnz	(0x04, sp)
      000914 27 0F            [ 1] 1617 	jreq	00115$
      000916 4B BC            [ 1] 1618 	push	#0xbc
      000918 4B 02            [ 1] 1619 	push	#0x02
      00091A 5F               [ 1] 1620 	clrw	x
      00091B 89               [ 2] 1621 	pushw	x
      00091C 4Br00            [ 1] 1622 	push	#<(___str_0+0)
      00091E 4Bs00            [ 1] 1623 	push	#((___str_0+0) >> 8)
      000920 CDr00r00         [ 4] 1624 	call	_assert_failed
      000923 5B 06            [ 2] 1625 	addw	sp, #6
      000925                       1626 00115$:
                                   1627 ;	../..//StdPeriph_Driver/STM8S_StdPeriph_Driver//src/stm8s_tim1.c: 703: TIM1_ETRConfig(TIM1_ExtTRGPrescaler, TIM1_ExtTRGPolarity, ExtTRGFilter);
      000925 7B 05            [ 1] 1628 	ld	a, (0x05, sp)
      000927 88               [ 1] 1629 	push	a
      000928 7B 05            [ 1] 1630 	ld	a, (0x05, sp)
      00092A 88               [ 1] 1631 	push	a
      00092B 7B 05            [ 1] 1632 	ld	a, (0x05, sp)
      00092D 88               [ 1] 1633 	push	a
      00092E CDr09r38         [ 4] 1634 	call	_TIM1_ETRConfig
      000931 5B 03            [ 2] 1635 	addw	sp, #3
                                   1636 ;	../..//StdPeriph_Driver/STM8S_StdPeriph_Driver//src/stm8s_tim1.c: 706: TIM1->ETR |= TIM1_ETR_ECE;
      000933 72 1C 52 53      [ 1] 1637 	bset	21075, #6
                                   1638 ;	../..//StdPeriph_Driver/STM8S_StdPeriph_Driver//src/stm8s_tim1.c: 707: }
      000937 81               [ 4] 1639 	ret
                                   1640 ;	../..//StdPeriph_Driver/STM8S_StdPeriph_Driver//src/stm8s_tim1.c: 725: void TIM1_ETRConfig(TIM1_ExtTRGPSC_TypeDef TIM1_ExtTRGPrescaler,
                                   1641 ;	-----------------------------------------
                                   1642 ;	 function TIM1_ETRConfig
                                   1643 ;	-----------------------------------------
      000938                       1644 _TIM1_ETRConfig:
      000938 88               [ 1] 1645 	push	a
                                   1646 ;	../..//StdPeriph_Driver/STM8S_StdPeriph_Driver//src/stm8s_tim1.c: 730: assert_param(IS_TIM1_EXT_TRG_FILTER_OK(ExtTRGFilter));
      000939 7B 06            [ 1] 1647 	ld	a, (0x06, sp)
      00093B A1 0F            [ 1] 1648 	cp	a, #0x0f
      00093D 23 0F            [ 2] 1649 	jrule	00104$
      00093F 4B DA            [ 1] 1650 	push	#0xda
      000941 4B 02            [ 1] 1651 	push	#0x02
      000943 5F               [ 1] 1652 	clrw	x
      000944 89               [ 2] 1653 	pushw	x
      000945 4Br00            [ 1] 1654 	push	#<(___str_0+0)
      000947 4Bs00            [ 1] 1655 	push	#((___str_0+0) >> 8)
      000949 CDr00r00         [ 4] 1656 	call	_assert_failed
      00094C 5B 06            [ 2] 1657 	addw	sp, #6
      00094E                       1658 00104$:
                                   1659 ;	../..//StdPeriph_Driver/STM8S_StdPeriph_Driver//src/stm8s_tim1.c: 732: TIM1->ETR |= (uint8_t)((uint8_t)(TIM1_ExtTRGPrescaler | (uint8_t)TIM1_ExtTRGPolarity )|
      00094E C6 52 53         [ 1] 1660 	ld	a, 0x5253
      000951 6B 01            [ 1] 1661 	ld	(0x01, sp), a
      000953 7B 04            [ 1] 1662 	ld	a, (0x04, sp)
      000955 1A 05            [ 1] 1663 	or	a, (0x05, sp)
                                   1664 ;	../..//StdPeriph_Driver/STM8S_StdPeriph_Driver//src/stm8s_tim1.c: 733: (uint8_t)ExtTRGFilter );
      000957 1A 06            [ 1] 1665 	or	a, (0x06, sp)
      000959 1A 01            [ 1] 1666 	or	a, (0x01, sp)
      00095B C7 52 53         [ 1] 1667 	ld	0x5253, a
                                   1668 ;	../..//StdPeriph_Driver/STM8S_StdPeriph_Driver//src/stm8s_tim1.c: 734: }
      00095E 84               [ 1] 1669 	pop	a
      00095F 81               [ 4] 1670 	ret
                                   1671 ;	../..//StdPeriph_Driver/STM8S_StdPeriph_Driver//src/stm8s_tim1.c: 751: void TIM1_TIxExternalClockConfig(TIM1_TIxExternalCLK1Source_TypeDef TIM1_TIxExternalCLKSource,
                                   1672 ;	-----------------------------------------
                                   1673 ;	 function TIM1_TIxExternalClockConfig
                                   1674 ;	-----------------------------------------
      000960                       1675 _TIM1_TIxExternalClockConfig:
      000960 88               [ 1] 1676 	push	a
                                   1677 ;	../..//StdPeriph_Driver/STM8S_StdPeriph_Driver//src/stm8s_tim1.c: 756: assert_param(IS_TIM1_TIXCLK_SOURCE_OK(TIM1_TIxExternalCLKSource));
      000961 7B 04            [ 1] 1678 	ld	a, (0x04, sp)
      000963 A0 60            [ 1] 1679 	sub	a, #0x60
      000965 26 04            [ 1] 1680 	jrne	00157$
      000967 4C               [ 1] 1681 	inc	a
      000968 6B 01            [ 1] 1682 	ld	(0x01, sp), a
      00096A C5                    1683 	.byte 0xc5
      00096B                       1684 00157$:
      00096B 0F 01            [ 1] 1685 	clr	(0x01, sp)
      00096D                       1686 00158$:
      00096D 7B 04            [ 1] 1687 	ld	a, (0x04, sp)
      00096F A1 40            [ 1] 1688 	cp	a, #0x40
      000971 27 19            [ 1] 1689 	jreq	00107$
      000973 0D 01            [ 1] 1690 	tnz	(0x01, sp)
      000975 26 15            [ 1] 1691 	jrne	00107$
      000977 7B 04            [ 1] 1692 	ld	a, (0x04, sp)
      000979 A1 50            [ 1] 1693 	cp	a, #0x50
      00097B 27 0F            [ 1] 1694 	jreq	00107$
      00097D 4B F4            [ 1] 1695 	push	#0xf4
      00097F 4B 02            [ 1] 1696 	push	#0x02
      000981 5F               [ 1] 1697 	clrw	x
      000982 89               [ 2] 1698 	pushw	x
      000983 4Br00            [ 1] 1699 	push	#<(___str_0+0)
      000985 4Bs00            [ 1] 1700 	push	#((___str_0+0) >> 8)
      000987 CDr00r00         [ 4] 1701 	call	_assert_failed
      00098A 5B 06            [ 2] 1702 	addw	sp, #6
      00098C                       1703 00107$:
                                   1704 ;	../..//StdPeriph_Driver/STM8S_StdPeriph_Driver//src/stm8s_tim1.c: 757: assert_param(IS_TIM1_IC_POLARITY_OK(TIM1_ICPolarity));
      00098C 0D 05            [ 1] 1705 	tnz	(0x05, sp)
      00098E 27 14            [ 1] 1706 	jreq	00115$
      000990 7B 05            [ 1] 1707 	ld	a, (0x05, sp)
      000992 4A               [ 1] 1708 	dec	a
      000993 27 0F            [ 1] 1709 	jreq	00115$
      000995 4B F5            [ 1] 1710 	push	#0xf5
      000997 4B 02            [ 1] 1711 	push	#0x02
      000999 5F               [ 1] 1712 	clrw	x
      00099A 89               [ 2] 1713 	pushw	x
      00099B 4Br00            [ 1] 1714 	push	#<(___str_0+0)
      00099D 4Bs00            [ 1] 1715 	push	#((___str_0+0) >> 8)
      00099F CDr00r00         [ 4] 1716 	call	_assert_failed
      0009A2 5B 06            [ 2] 1717 	addw	sp, #6
      0009A4                       1718 00115$:
                                   1719 ;	../..//StdPeriph_Driver/STM8S_StdPeriph_Driver//src/stm8s_tim1.c: 758: assert_param(IS_TIM1_IC_FILTER_OK(ICFilter));
      0009A4 7B 06            [ 1] 1720 	ld	a, (0x06, sp)
      0009A6 A1 0F            [ 1] 1721 	cp	a, #0x0f
      0009A8 23 0F            [ 2] 1722 	jrule	00120$
      0009AA 4B F6            [ 1] 1723 	push	#0xf6
      0009AC 4B 02            [ 1] 1724 	push	#0x02
      0009AE 5F               [ 1] 1725 	clrw	x
      0009AF 89               [ 2] 1726 	pushw	x
      0009B0 4Br00            [ 1] 1727 	push	#<(___str_0+0)
      0009B2 4Bs00            [ 1] 1728 	push	#((___str_0+0) >> 8)
      0009B4 CDr00r00         [ 4] 1729 	call	_assert_failed
      0009B7 5B 06            [ 2] 1730 	addw	sp, #6
      0009B9                       1731 00120$:
                                   1732 ;	../..//StdPeriph_Driver/STM8S_StdPeriph_Driver//src/stm8s_tim1.c: 761: if (TIM1_TIxExternalCLKSource == TIM1_TIXEXTERNALCLK1SOURCE_TI2)
      0009B9 7B 01            [ 1] 1733 	ld	a, (0x01, sp)
      0009BB 27 0F            [ 1] 1734 	jreq	00102$
                                   1735 ;	../..//StdPeriph_Driver/STM8S_StdPeriph_Driver//src/stm8s_tim1.c: 763: TI2_Config((uint8_t)TIM1_ICPolarity, (uint8_t)TIM1_ICSELECTION_DIRECTTI, (uint8_t)ICFilter);
      0009BD 7B 06            [ 1] 1736 	ld	a, (0x06, sp)
      0009BF 88               [ 1] 1737 	push	a
      0009C0 4B 01            [ 1] 1738 	push	#0x01
      0009C2 7B 07            [ 1] 1739 	ld	a, (0x07, sp)
      0009C4 88               [ 1] 1740 	push	a
      0009C5 CDr14rFB         [ 4] 1741 	call	_TI2_Config
      0009C8 5B 03            [ 2] 1742 	addw	sp, #3
      0009CA 20 0D            [ 2] 1743 	jra	00103$
      0009CC                       1744 00102$:
                                   1745 ;	../..//StdPeriph_Driver/STM8S_StdPeriph_Driver//src/stm8s_tim1.c: 767: TI1_Config((uint8_t)TIM1_ICPolarity, (uint8_t)TIM1_ICSELECTION_DIRECTTI, (uint8_t)ICFilter);
      0009CC 7B 06            [ 1] 1746 	ld	a, (0x06, sp)
      0009CE 88               [ 1] 1747 	push	a
      0009CF 4B 01            [ 1] 1748 	push	#0x01
      0009D1 7B 07            [ 1] 1749 	ld	a, (0x07, sp)
      0009D3 88               [ 1] 1750 	push	a
      0009D4 CDr14rCA         [ 4] 1751 	call	_TI1_Config
      0009D7 5B 03            [ 2] 1752 	addw	sp, #3
      0009D9                       1753 00103$:
                                   1754 ;	../..//StdPeriph_Driver/STM8S_StdPeriph_Driver//src/stm8s_tim1.c: 771: TIM1_SelectInputTrigger((TIM1_TS_TypeDef)TIM1_TIxExternalCLKSource);
      0009D9 7B 04            [ 1] 1755 	ld	a, (0x04, sp)
      0009DB 88               [ 1] 1756 	push	a
      0009DC CDr09rEA         [ 4] 1757 	call	_TIM1_SelectInputTrigger
      0009DF 84               [ 1] 1758 	pop	a
                                   1759 ;	../..//StdPeriph_Driver/STM8S_StdPeriph_Driver//src/stm8s_tim1.c: 774: TIM1->SMCR |= (uint8_t)(TIM1_SLAVEMODE_EXTERNAL1);
      0009E0 C6 52 52         [ 1] 1760 	ld	a, 0x5252
      0009E3 AA 07            [ 1] 1761 	or	a, #0x07
      0009E5 C7 52 52         [ 1] 1762 	ld	0x5252, a
                                   1763 ;	../..//StdPeriph_Driver/STM8S_StdPeriph_Driver//src/stm8s_tim1.c: 775: }
      0009E8 84               [ 1] 1764 	pop	a
      0009E9 81               [ 4] 1765 	ret
                                   1766 ;	../..//StdPeriph_Driver/STM8S_StdPeriph_Driver//src/stm8s_tim1.c: 787: void TIM1_SelectInputTrigger(TIM1_TS_TypeDef TIM1_InputTriggerSource)
                                   1767 ;	-----------------------------------------
                                   1768 ;	 function TIM1_SelectInputTrigger
                                   1769 ;	-----------------------------------------
      0009EA                       1770 _TIM1_SelectInputTrigger:
                                   1771 ;	../..//StdPeriph_Driver/STM8S_StdPeriph_Driver//src/stm8s_tim1.c: 790: assert_param(IS_TIM1_TRIGGER_SELECTION_OK(TIM1_InputTriggerSource));
      0009EA 7B 03            [ 1] 1772 	ld	a, (0x03, sp)
      0009EC A1 40            [ 1] 1773 	cp	a, #0x40
      0009EE 27 2B            [ 1] 1774 	jreq	00104$
      0009F0 7B 03            [ 1] 1775 	ld	a, (0x03, sp)
      0009F2 A1 50            [ 1] 1776 	cp	a, #0x50
      0009F4 27 25            [ 1] 1777 	jreq	00104$
      0009F6 7B 03            [ 1] 1778 	ld	a, (0x03, sp)
      0009F8 A1 60            [ 1] 1779 	cp	a, #0x60
      0009FA 27 1F            [ 1] 1780 	jreq	00104$
      0009FC 7B 03            [ 1] 1781 	ld	a, (0x03, sp)
      0009FE A1 70            [ 1] 1782 	cp	a, #0x70
      000A00 27 19            [ 1] 1783 	jreq	00104$
      000A02 7B 03            [ 1] 1784 	ld	a, (0x03, sp)
      000A04 A1 30            [ 1] 1785 	cp	a, #0x30
      000A06 27 13            [ 1] 1786 	jreq	00104$
      000A08 0D 03            [ 1] 1787 	tnz	(0x03, sp)
      000A0A 27 0F            [ 1] 1788 	jreq	00104$
      000A0C 4B 16            [ 1] 1789 	push	#0x16
      000A0E 4B 03            [ 1] 1790 	push	#0x03
      000A10 5F               [ 1] 1791 	clrw	x
      000A11 89               [ 2] 1792 	pushw	x
      000A12 4Br00            [ 1] 1793 	push	#<(___str_0+0)
      000A14 4Bs00            [ 1] 1794 	push	#((___str_0+0) >> 8)
      000A16 CDr00r00         [ 4] 1795 	call	_assert_failed
      000A19 5B 06            [ 2] 1796 	addw	sp, #6
      000A1B                       1797 00104$:
                                   1798 ;	../..//StdPeriph_Driver/STM8S_StdPeriph_Driver//src/stm8s_tim1.c: 793: TIM1->SMCR = (uint8_t)((uint8_t)(TIM1->SMCR & (uint8_t)(~TIM1_SMCR_TS)) | (uint8_t)TIM1_InputTriggerSource);
      000A1B C6 52 52         [ 1] 1799 	ld	a, 0x5252
      000A1E A4 8F            [ 1] 1800 	and	a, #0x8f
      000A20 1A 03            [ 1] 1801 	or	a, (0x03, sp)
      000A22 C7 52 52         [ 1] 1802 	ld	0x5252, a
                                   1803 ;	../..//StdPeriph_Driver/STM8S_StdPeriph_Driver//src/stm8s_tim1.c: 794: }
      000A25 81               [ 4] 1804 	ret
                                   1805 ;	../..//StdPeriph_Driver/STM8S_StdPeriph_Driver//src/stm8s_tim1.c: 803: void TIM1_UpdateDisableConfig(FunctionalState NewState)
                                   1806 ;	-----------------------------------------
                                   1807 ;	 function TIM1_UpdateDisableConfig
                                   1808 ;	-----------------------------------------
      000A26                       1809 _TIM1_UpdateDisableConfig:
                                   1810 ;	../..//StdPeriph_Driver/STM8S_StdPeriph_Driver//src/stm8s_tim1.c: 806: assert_param(IS_FUNCTIONALSTATE_OK(NewState));
      000A26 0D 03            [ 1] 1811 	tnz	(0x03, sp)
      000A28 27 14            [ 1] 1812 	jreq	00107$
      000A2A 7B 03            [ 1] 1813 	ld	a, (0x03, sp)
      000A2C 4A               [ 1] 1814 	dec	a
      000A2D 27 0F            [ 1] 1815 	jreq	00107$
      000A2F 4B 26            [ 1] 1816 	push	#0x26
      000A31 4B 03            [ 1] 1817 	push	#0x03
      000A33 5F               [ 1] 1818 	clrw	x
      000A34 89               [ 2] 1819 	pushw	x
      000A35 4Br00            [ 1] 1820 	push	#<(___str_0+0)
      000A37 4Bs00            [ 1] 1821 	push	#((___str_0+0) >> 8)
      000A39 CDr00r00         [ 4] 1822 	call	_assert_failed
      000A3C 5B 06            [ 2] 1823 	addw	sp, #6
      000A3E                       1824 00107$:
                                   1825 ;	../..//StdPeriph_Driver/STM8S_StdPeriph_Driver//src/stm8s_tim1.c: 811: TIM1->CR1 |= TIM1_CR1_UDIS;
      000A3E C6 52 50         [ 1] 1826 	ld	a, 0x5250
                                   1827 ;	../..//StdPeriph_Driver/STM8S_StdPeriph_Driver//src/stm8s_tim1.c: 809: if (NewState != DISABLE)
      000A41 0D 03            [ 1] 1828 	tnz	(0x03, sp)
      000A43 27 06            [ 1] 1829 	jreq	00102$
                                   1830 ;	../..//StdPeriph_Driver/STM8S_StdPeriph_Driver//src/stm8s_tim1.c: 811: TIM1->CR1 |= TIM1_CR1_UDIS;
      000A45 AA 02            [ 1] 1831 	or	a, #0x02
      000A47 C7 52 50         [ 1] 1832 	ld	0x5250, a
      000A4A 81               [ 4] 1833 	ret
      000A4B                       1834 00102$:
                                   1835 ;	../..//StdPeriph_Driver/STM8S_StdPeriph_Driver//src/stm8s_tim1.c: 815: TIM1->CR1 &= (uint8_t)(~TIM1_CR1_UDIS);
      000A4B A4 FD            [ 1] 1836 	and	a, #0xfd
      000A4D C7 52 50         [ 1] 1837 	ld	0x5250, a
                                   1838 ;	../..//StdPeriph_Driver/STM8S_StdPeriph_Driver//src/stm8s_tim1.c: 817: }
      000A50 81               [ 4] 1839 	ret
                                   1840 ;	../..//StdPeriph_Driver/STM8S_StdPeriph_Driver//src/stm8s_tim1.c: 827: void TIM1_UpdateRequestConfig(TIM1_UpdateSource_TypeDef TIM1_UpdateSource)
                                   1841 ;	-----------------------------------------
                                   1842 ;	 function TIM1_UpdateRequestConfig
                                   1843 ;	-----------------------------------------
      000A51                       1844 _TIM1_UpdateRequestConfig:
                                   1845 ;	../..//StdPeriph_Driver/STM8S_StdPeriph_Driver//src/stm8s_tim1.c: 830: assert_param(IS_TIM1_UPDATE_SOURCE_OK(TIM1_UpdateSource));
      000A51 0D 03            [ 1] 1846 	tnz	(0x03, sp)
      000A53 27 14            [ 1] 1847 	jreq	00107$
      000A55 7B 03            [ 1] 1848 	ld	a, (0x03, sp)
      000A57 4A               [ 1] 1849 	dec	a
      000A58 27 0F            [ 1] 1850 	jreq	00107$
      000A5A 4B 3E            [ 1] 1851 	push	#0x3e
      000A5C 4B 03            [ 1] 1852 	push	#0x03
      000A5E 5F               [ 1] 1853 	clrw	x
      000A5F 89               [ 2] 1854 	pushw	x
      000A60 4Br00            [ 1] 1855 	push	#<(___str_0+0)
      000A62 4Bs00            [ 1] 1856 	push	#((___str_0+0) >> 8)
      000A64 CDr00r00         [ 4] 1857 	call	_assert_failed
      000A67 5B 06            [ 2] 1858 	addw	sp, #6
      000A69                       1859 00107$:
                                   1860 ;	../..//StdPeriph_Driver/STM8S_StdPeriph_Driver//src/stm8s_tim1.c: 835: TIM1->CR1 |= TIM1_CR1_URS;
      000A69 C6 52 50         [ 1] 1861 	ld	a, 0x5250
                                   1862 ;	../..//StdPeriph_Driver/STM8S_StdPeriph_Driver//src/stm8s_tim1.c: 833: if (TIM1_UpdateSource != TIM1_UPDATESOURCE_GLOBAL)
      000A6C 0D 03            [ 1] 1863 	tnz	(0x03, sp)
      000A6E 27 06            [ 1] 1864 	jreq	00102$
                                   1865 ;	../..//StdPeriph_Driver/STM8S_StdPeriph_Driver//src/stm8s_tim1.c: 835: TIM1->CR1 |= TIM1_CR1_URS;
      000A70 AA 04            [ 1] 1866 	or	a, #0x04
      000A72 C7 52 50         [ 1] 1867 	ld	0x5250, a
      000A75 81               [ 4] 1868 	ret
      000A76                       1869 00102$:
                                   1870 ;	../..//StdPeriph_Driver/STM8S_StdPeriph_Driver//src/stm8s_tim1.c: 839: TIM1->CR1 &= (uint8_t)(~TIM1_CR1_URS);
      000A76 A4 FB            [ 1] 1871 	and	a, #0xfb
      000A78 C7 52 50         [ 1] 1872 	ld	0x5250, a
                                   1873 ;	../..//StdPeriph_Driver/STM8S_StdPeriph_Driver//src/stm8s_tim1.c: 841: }
      000A7B 81               [ 4] 1874 	ret
                                   1875 ;	../..//StdPeriph_Driver/STM8S_StdPeriph_Driver//src/stm8s_tim1.c: 849: void TIM1_SelectHallSensor(FunctionalState NewState)
                                   1876 ;	-----------------------------------------
                                   1877 ;	 function TIM1_SelectHallSensor
                                   1878 ;	-----------------------------------------
      000A7C                       1879 _TIM1_SelectHallSensor:
                                   1880 ;	../..//StdPeriph_Driver/STM8S_StdPeriph_Driver//src/stm8s_tim1.c: 852: assert_param(IS_FUNCTIONALSTATE_OK(NewState));
      000A7C 0D 03            [ 1] 1881 	tnz	(0x03, sp)
      000A7E 27 14            [ 1] 1882 	jreq	00107$
      000A80 7B 03            [ 1] 1883 	ld	a, (0x03, sp)
      000A82 4A               [ 1] 1884 	dec	a
      000A83 27 0F            [ 1] 1885 	jreq	00107$
      000A85 4B 54            [ 1] 1886 	push	#0x54
      000A87 4B 03            [ 1] 1887 	push	#0x03
      000A89 5F               [ 1] 1888 	clrw	x
      000A8A 89               [ 2] 1889 	pushw	x
      000A8B 4Br00            [ 1] 1890 	push	#<(___str_0+0)
      000A8D 4Bs00            [ 1] 1891 	push	#((___str_0+0) >> 8)
      000A8F CDr00r00         [ 4] 1892 	call	_assert_failed
      000A92 5B 06            [ 2] 1893 	addw	sp, #6
      000A94                       1894 00107$:
                                   1895 ;	../..//StdPeriph_Driver/STM8S_StdPeriph_Driver//src/stm8s_tim1.c: 857: TIM1->CR2 |= TIM1_CR2_TI1S;
      000A94 C6 52 51         [ 1] 1896 	ld	a, 0x5251
                                   1897 ;	../..//StdPeriph_Driver/STM8S_StdPeriph_Driver//src/stm8s_tim1.c: 855: if (NewState != DISABLE)
      000A97 0D 03            [ 1] 1898 	tnz	(0x03, sp)
      000A99 27 06            [ 1] 1899 	jreq	00102$
                                   1900 ;	../..//StdPeriph_Driver/STM8S_StdPeriph_Driver//src/stm8s_tim1.c: 857: TIM1->CR2 |= TIM1_CR2_TI1S;
      000A9B AA 80            [ 1] 1901 	or	a, #0x80
      000A9D C7 52 51         [ 1] 1902 	ld	0x5251, a
      000AA0 81               [ 4] 1903 	ret
      000AA1                       1904 00102$:
                                   1905 ;	../..//StdPeriph_Driver/STM8S_StdPeriph_Driver//src/stm8s_tim1.c: 861: TIM1->CR2 &= (uint8_t)(~TIM1_CR2_TI1S);
      000AA1 A4 7F            [ 1] 1906 	and	a, #0x7f
      000AA3 C7 52 51         [ 1] 1907 	ld	0x5251, a
                                   1908 ;	../..//StdPeriph_Driver/STM8S_StdPeriph_Driver//src/stm8s_tim1.c: 863: }
      000AA6 81               [ 4] 1909 	ret
                                   1910 ;	../..//StdPeriph_Driver/STM8S_StdPeriph_Driver//src/stm8s_tim1.c: 873: void TIM1_SelectOnePulseMode(TIM1_OPMode_TypeDef TIM1_OPMode)
                                   1911 ;	-----------------------------------------
                                   1912 ;	 function TIM1_SelectOnePulseMode
                                   1913 ;	-----------------------------------------
      000AA7                       1914 _TIM1_SelectOnePulseMode:
                                   1915 ;	../..//StdPeriph_Driver/STM8S_StdPeriph_Driver//src/stm8s_tim1.c: 876: assert_param(IS_TIM1_OPM_MODE_OK(TIM1_OPMode));
      000AA7 7B 03            [ 1] 1916 	ld	a, (0x03, sp)
      000AA9 4A               [ 1] 1917 	dec	a
      000AAA 27 13            [ 1] 1918 	jreq	00107$
      000AAC 0D 03            [ 1] 1919 	tnz	(0x03, sp)
      000AAE 27 0F            [ 1] 1920 	jreq	00107$
      000AB0 4B 6C            [ 1] 1921 	push	#0x6c
      000AB2 4B 03            [ 1] 1922 	push	#0x03
      000AB4 5F               [ 1] 1923 	clrw	x
      000AB5 89               [ 2] 1924 	pushw	x
      000AB6 4Br00            [ 1] 1925 	push	#<(___str_0+0)
      000AB8 4Bs00            [ 1] 1926 	push	#((___str_0+0) >> 8)
      000ABA CDr00r00         [ 4] 1927 	call	_assert_failed
      000ABD 5B 06            [ 2] 1928 	addw	sp, #6
      000ABF                       1929 00107$:
                                   1930 ;	../..//StdPeriph_Driver/STM8S_StdPeriph_Driver//src/stm8s_tim1.c: 881: TIM1->CR1 |= TIM1_CR1_OPM;
      000ABF C6 52 50         [ 1] 1931 	ld	a, 0x5250
                                   1932 ;	../..//StdPeriph_Driver/STM8S_StdPeriph_Driver//src/stm8s_tim1.c: 879: if (TIM1_OPMode != TIM1_OPMODE_REPETITIVE)
      000AC2 0D 03            [ 1] 1933 	tnz	(0x03, sp)
      000AC4 27 06            [ 1] 1934 	jreq	00102$
                                   1935 ;	../..//StdPeriph_Driver/STM8S_StdPeriph_Driver//src/stm8s_tim1.c: 881: TIM1->CR1 |= TIM1_CR1_OPM;
      000AC6 AA 08            [ 1] 1936 	or	a, #0x08
      000AC8 C7 52 50         [ 1] 1937 	ld	0x5250, a
      000ACB 81               [ 4] 1938 	ret
      000ACC                       1939 00102$:
                                   1940 ;	../..//StdPeriph_Driver/STM8S_StdPeriph_Driver//src/stm8s_tim1.c: 885: TIM1->CR1 &= (uint8_t)(~TIM1_CR1_OPM);
      000ACC A4 F7            [ 1] 1941 	and	a, #0xf7
      000ACE C7 52 50         [ 1] 1942 	ld	0x5250, a
                                   1943 ;	../..//StdPeriph_Driver/STM8S_StdPeriph_Driver//src/stm8s_tim1.c: 888: }
      000AD1 81               [ 4] 1944 	ret
                                   1945 ;	../..//StdPeriph_Driver/STM8S_StdPeriph_Driver//src/stm8s_tim1.c: 903: void TIM1_SelectOutputTrigger(TIM1_TRGOSource_TypeDef TIM1_TRGOSource)
                                   1946 ;	-----------------------------------------
                                   1947 ;	 function TIM1_SelectOutputTrigger
                                   1948 ;	-----------------------------------------
      000AD2                       1949 _TIM1_SelectOutputTrigger:
                                   1950 ;	../..//StdPeriph_Driver/STM8S_StdPeriph_Driver//src/stm8s_tim1.c: 906: assert_param(IS_TIM1_TRGO_SOURCE_OK(TIM1_TRGOSource));
      000AD2 0D 03            [ 1] 1951 	tnz	(0x03, sp)
      000AD4 27 33            [ 1] 1952 	jreq	00104$
      000AD6 7B 03            [ 1] 1953 	ld	a, (0x03, sp)
      000AD8 A1 10            [ 1] 1954 	cp	a, #0x10
      000ADA 27 2D            [ 1] 1955 	jreq	00104$
      000ADC 7B 03            [ 1] 1956 	ld	a, (0x03, sp)
      000ADE A1 20            [ 1] 1957 	cp	a, #0x20
      000AE0 27 27            [ 1] 1958 	jreq	00104$
      000AE2 7B 03            [ 1] 1959 	ld	a, (0x03, sp)
      000AE4 A1 30            [ 1] 1960 	cp	a, #0x30
      000AE6 27 21            [ 1] 1961 	jreq	00104$
      000AE8 7B 03            [ 1] 1962 	ld	a, (0x03, sp)
      000AEA A1 40            [ 1] 1963 	cp	a, #0x40
      000AEC 27 1B            [ 1] 1964 	jreq	00104$
      000AEE 7B 03            [ 1] 1965 	ld	a, (0x03, sp)
      000AF0 A1 50            [ 1] 1966 	cp	a, #0x50
      000AF2 27 15            [ 1] 1967 	jreq	00104$
      000AF4 7B 03            [ 1] 1968 	ld	a, (0x03, sp)
      000AF6 A1 60            [ 1] 1969 	cp	a, #0x60
      000AF8 27 0F            [ 1] 1970 	jreq	00104$
      000AFA 4B 8A            [ 1] 1971 	push	#0x8a
      000AFC 4B 03            [ 1] 1972 	push	#0x03
      000AFE 5F               [ 1] 1973 	clrw	x
      000AFF 89               [ 2] 1974 	pushw	x
      000B00 4Br00            [ 1] 1975 	push	#<(___str_0+0)
      000B02 4Bs00            [ 1] 1976 	push	#((___str_0+0) >> 8)
      000B04 CDr00r00         [ 4] 1977 	call	_assert_failed
      000B07 5B 06            [ 2] 1978 	addw	sp, #6
      000B09                       1979 00104$:
                                   1980 ;	../..//StdPeriph_Driver/STM8S_StdPeriph_Driver//src/stm8s_tim1.c: 909: TIM1->CR2 = (uint8_t)((uint8_t)(TIM1->CR2 & (uint8_t)(~TIM1_CR2_MMS)) | 
      000B09 C6 52 51         [ 1] 1981 	ld	a, 0x5251
      000B0C A4 8F            [ 1] 1982 	and	a, #0x8f
                                   1983 ;	../..//StdPeriph_Driver/STM8S_StdPeriph_Driver//src/stm8s_tim1.c: 910: (uint8_t) TIM1_TRGOSource);
      000B0E 1A 03            [ 1] 1984 	or	a, (0x03, sp)
      000B10 C7 52 51         [ 1] 1985 	ld	0x5251, a
                                   1986 ;	../..//StdPeriph_Driver/STM8S_StdPeriph_Driver//src/stm8s_tim1.c: 911: }
      000B13 81               [ 4] 1987 	ret
                                   1988 ;	../..//StdPeriph_Driver/STM8S_StdPeriph_Driver//src/stm8s_tim1.c: 923: void TIM1_SelectSlaveMode(TIM1_SlaveMode_TypeDef TIM1_SlaveMode)
                                   1989 ;	-----------------------------------------
                                   1990 ;	 function TIM1_SelectSlaveMode
                                   1991 ;	-----------------------------------------
      000B14                       1992 _TIM1_SelectSlaveMode:
                                   1993 ;	../..//StdPeriph_Driver/STM8S_StdPeriph_Driver//src/stm8s_tim1.c: 926: assert_param(IS_TIM1_SLAVE_MODE_OK(TIM1_SlaveMode));
      000B14 7B 03            [ 1] 1994 	ld	a, (0x03, sp)
      000B16 A1 04            [ 1] 1995 	cp	a, #0x04
      000B18 27 21            [ 1] 1996 	jreq	00104$
      000B1A 7B 03            [ 1] 1997 	ld	a, (0x03, sp)
      000B1C A1 05            [ 1] 1998 	cp	a, #0x05
      000B1E 27 1B            [ 1] 1999 	jreq	00104$
      000B20 7B 03            [ 1] 2000 	ld	a, (0x03, sp)
      000B22 A1 06            [ 1] 2001 	cp	a, #0x06
      000B24 27 15            [ 1] 2002 	jreq	00104$
      000B26 7B 03            [ 1] 2003 	ld	a, (0x03, sp)
      000B28 A1 07            [ 1] 2004 	cp	a, #0x07
      000B2A 27 0F            [ 1] 2005 	jreq	00104$
      000B2C 4B 9E            [ 1] 2006 	push	#0x9e
      000B2E 4B 03            [ 1] 2007 	push	#0x03
      000B30 5F               [ 1] 2008 	clrw	x
      000B31 89               [ 2] 2009 	pushw	x
      000B32 4Br00            [ 1] 2010 	push	#<(___str_0+0)
      000B34 4Bs00            [ 1] 2011 	push	#((___str_0+0) >> 8)
      000B36 CDr00r00         [ 4] 2012 	call	_assert_failed
      000B39 5B 06            [ 2] 2013 	addw	sp, #6
      000B3B                       2014 00104$:
                                   2015 ;	../..//StdPeriph_Driver/STM8S_StdPeriph_Driver//src/stm8s_tim1.c: 929: TIM1->SMCR = (uint8_t)((uint8_t)(TIM1->SMCR & (uint8_t)(~TIM1_SMCR_SMS)) |
      000B3B C6 52 52         [ 1] 2016 	ld	a, 0x5252
      000B3E A4 F8            [ 1] 2017 	and	a, #0xf8
                                   2018 ;	../..//StdPeriph_Driver/STM8S_StdPeriph_Driver//src/stm8s_tim1.c: 930: (uint8_t)TIM1_SlaveMode);
      000B40 1A 03            [ 1] 2019 	or	a, (0x03, sp)
      000B42 C7 52 52         [ 1] 2020 	ld	0x5252, a
                                   2021 ;	../..//StdPeriph_Driver/STM8S_StdPeriph_Driver//src/stm8s_tim1.c: 931: }
      000B45 81               [ 4] 2022 	ret
                                   2023 ;	../..//StdPeriph_Driver/STM8S_StdPeriph_Driver//src/stm8s_tim1.c: 939: void TIM1_SelectMasterSlaveMode(FunctionalState NewState)
                                   2024 ;	-----------------------------------------
                                   2025 ;	 function TIM1_SelectMasterSlaveMode
                                   2026 ;	-----------------------------------------
      000B46                       2027 _TIM1_SelectMasterSlaveMode:
                                   2028 ;	../..//StdPeriph_Driver/STM8S_StdPeriph_Driver//src/stm8s_tim1.c: 942: assert_param(IS_FUNCTIONALSTATE_OK(NewState));
      000B46 0D 03            [ 1] 2029 	tnz	(0x03, sp)
      000B48 27 14            [ 1] 2030 	jreq	00107$
      000B4A 7B 03            [ 1] 2031 	ld	a, (0x03, sp)
      000B4C 4A               [ 1] 2032 	dec	a
      000B4D 27 0F            [ 1] 2033 	jreq	00107$
      000B4F 4B AE            [ 1] 2034 	push	#0xae
      000B51 4B 03            [ 1] 2035 	push	#0x03
      000B53 5F               [ 1] 2036 	clrw	x
      000B54 89               [ 2] 2037 	pushw	x
      000B55 4Br00            [ 1] 2038 	push	#<(___str_0+0)
      000B57 4Bs00            [ 1] 2039 	push	#((___str_0+0) >> 8)
      000B59 CDr00r00         [ 4] 2040 	call	_assert_failed
      000B5C 5B 06            [ 2] 2041 	addw	sp, #6
      000B5E                       2042 00107$:
                                   2043 ;	../..//StdPeriph_Driver/STM8S_StdPeriph_Driver//src/stm8s_tim1.c: 947: TIM1->SMCR |= TIM1_SMCR_MSM;
      000B5E C6 52 52         [ 1] 2044 	ld	a, 0x5252
                                   2045 ;	../..//StdPeriph_Driver/STM8S_StdPeriph_Driver//src/stm8s_tim1.c: 945: if (NewState != DISABLE)
      000B61 0D 03            [ 1] 2046 	tnz	(0x03, sp)
      000B63 27 06            [ 1] 2047 	jreq	00102$
                                   2048 ;	../..//StdPeriph_Driver/STM8S_StdPeriph_Driver//src/stm8s_tim1.c: 947: TIM1->SMCR |= TIM1_SMCR_MSM;
      000B65 AA 80            [ 1] 2049 	or	a, #0x80
      000B67 C7 52 52         [ 1] 2050 	ld	0x5252, a
      000B6A 81               [ 4] 2051 	ret
      000B6B                       2052 00102$:
                                   2053 ;	../..//StdPeriph_Driver/STM8S_StdPeriph_Driver//src/stm8s_tim1.c: 951: TIM1->SMCR &= (uint8_t)(~TIM1_SMCR_MSM);
      000B6B A4 7F            [ 1] 2054 	and	a, #0x7f
      000B6D C7 52 52         [ 1] 2055 	ld	0x5252, a
                                   2056 ;	../..//StdPeriph_Driver/STM8S_StdPeriph_Driver//src/stm8s_tim1.c: 953: }
      000B70 81               [ 4] 2057 	ret
                                   2058 ;	../..//StdPeriph_Driver/STM8S_StdPeriph_Driver//src/stm8s_tim1.c: 975: void TIM1_EncoderInterfaceConfig(TIM1_EncoderMode_TypeDef TIM1_EncoderMode,
                                   2059 ;	-----------------------------------------
                                   2060 ;	 function TIM1_EncoderInterfaceConfig
                                   2061 ;	-----------------------------------------
      000B71                       2062 _TIM1_EncoderInterfaceConfig:
                                   2063 ;	../..//StdPeriph_Driver/STM8S_StdPeriph_Driver//src/stm8s_tim1.c: 980: assert_param(IS_TIM1_ENCODER_MODE_OK(TIM1_EncoderMode));
      000B71 7B 03            [ 1] 2064 	ld	a, (0x03, sp)
      000B73 4A               [ 1] 2065 	dec	a
      000B74 27 1B            [ 1] 2066 	jreq	00110$
      000B76 7B 03            [ 1] 2067 	ld	a, (0x03, sp)
      000B78 A1 02            [ 1] 2068 	cp	a, #0x02
      000B7A 27 15            [ 1] 2069 	jreq	00110$
      000B7C 7B 03            [ 1] 2070 	ld	a, (0x03, sp)
      000B7E A1 03            [ 1] 2071 	cp	a, #0x03
      000B80 27 0F            [ 1] 2072 	jreq	00110$
      000B82 4B D4            [ 1] 2073 	push	#0xd4
      000B84 4B 03            [ 1] 2074 	push	#0x03
      000B86 5F               [ 1] 2075 	clrw	x
      000B87 89               [ 2] 2076 	pushw	x
      000B88 4Br00            [ 1] 2077 	push	#<(___str_0+0)
      000B8A 4Bs00            [ 1] 2078 	push	#((___str_0+0) >> 8)
      000B8C CDr00r00         [ 4] 2079 	call	_assert_failed
      000B8F 5B 06            [ 2] 2080 	addw	sp, #6
      000B91                       2081 00110$:
                                   2082 ;	../..//StdPeriph_Driver/STM8S_StdPeriph_Driver//src/stm8s_tim1.c: 981: assert_param(IS_TIM1_IC_POLARITY_OK(TIM1_IC1Polarity));
      000B91 0D 04            [ 1] 2083 	tnz	(0x04, sp)
      000B93 27 14            [ 1] 2084 	jreq	00118$
      000B95 7B 04            [ 1] 2085 	ld	a, (0x04, sp)
      000B97 4A               [ 1] 2086 	dec	a
      000B98 27 0F            [ 1] 2087 	jreq	00118$
      000B9A 4B D5            [ 1] 2088 	push	#0xd5
      000B9C 4B 03            [ 1] 2089 	push	#0x03
      000B9E 5F               [ 1] 2090 	clrw	x
      000B9F 89               [ 2] 2091 	pushw	x
      000BA0 4Br00            [ 1] 2092 	push	#<(___str_0+0)
      000BA2 4Bs00            [ 1] 2093 	push	#((___str_0+0) >> 8)
      000BA4 CDr00r00         [ 4] 2094 	call	_assert_failed
      000BA7 5B 06            [ 2] 2095 	addw	sp, #6
      000BA9                       2096 00118$:
                                   2097 ;	../..//StdPeriph_Driver/STM8S_StdPeriph_Driver//src/stm8s_tim1.c: 982: assert_param(IS_TIM1_IC_POLARITY_OK(TIM1_IC2Polarity));
      000BA9 0D 05            [ 1] 2098 	tnz	(0x05, sp)
      000BAB 27 14            [ 1] 2099 	jreq	00123$
      000BAD 7B 05            [ 1] 2100 	ld	a, (0x05, sp)
      000BAF 4A               [ 1] 2101 	dec	a
      000BB0 27 0F            [ 1] 2102 	jreq	00123$
      000BB2 4B D6            [ 1] 2103 	push	#0xd6
      000BB4 4B 03            [ 1] 2104 	push	#0x03
      000BB6 5F               [ 1] 2105 	clrw	x
      000BB7 89               [ 2] 2106 	pushw	x
      000BB8 4Br00            [ 1] 2107 	push	#<(___str_0+0)
      000BBA 4Bs00            [ 1] 2108 	push	#((___str_0+0) >> 8)
      000BBC CDr00r00         [ 4] 2109 	call	_assert_failed
      000BBF 5B 06            [ 2] 2110 	addw	sp, #6
      000BC1                       2111 00123$:
                                   2112 ;	../..//StdPeriph_Driver/STM8S_StdPeriph_Driver//src/stm8s_tim1.c: 987: TIM1->CCER1 |= TIM1_CCER1_CC1P;
      000BC1 C6 52 5C         [ 1] 2113 	ld	a, 0x525c
                                   2114 ;	../..//StdPeriph_Driver/STM8S_StdPeriph_Driver//src/stm8s_tim1.c: 985: if (TIM1_IC1Polarity != TIM1_ICPOLARITY_RISING)
      000BC4 0D 04            [ 1] 2115 	tnz	(0x04, sp)
      000BC6 27 07            [ 1] 2116 	jreq	00102$
                                   2117 ;	../..//StdPeriph_Driver/STM8S_StdPeriph_Driver//src/stm8s_tim1.c: 987: TIM1->CCER1 |= TIM1_CCER1_CC1P;
      000BC8 AA 02            [ 1] 2118 	or	a, #0x02
      000BCA C7 52 5C         [ 1] 2119 	ld	0x525c, a
      000BCD 20 05            [ 2] 2120 	jra	00103$
      000BCF                       2121 00102$:
                                   2122 ;	../..//StdPeriph_Driver/STM8S_StdPeriph_Driver//src/stm8s_tim1.c: 991: TIM1->CCER1 &= (uint8_t)(~TIM1_CCER1_CC1P);
      000BCF A4 FD            [ 1] 2123 	and	a, #0xfd
      000BD1 C7 52 5C         [ 1] 2124 	ld	0x525c, a
      000BD4                       2125 00103$:
                                   2126 ;	../..//StdPeriph_Driver/STM8S_StdPeriph_Driver//src/stm8s_tim1.c: 987: TIM1->CCER1 |= TIM1_CCER1_CC1P;
      000BD4 C6 52 5C         [ 1] 2127 	ld	a, 0x525c
                                   2128 ;	../..//StdPeriph_Driver/STM8S_StdPeriph_Driver//src/stm8s_tim1.c: 994: if (TIM1_IC2Polarity != TIM1_ICPOLARITY_RISING)
      000BD7 0D 05            [ 1] 2129 	tnz	(0x05, sp)
      000BD9 27 07            [ 1] 2130 	jreq	00105$
                                   2131 ;	../..//StdPeriph_Driver/STM8S_StdPeriph_Driver//src/stm8s_tim1.c: 996: TIM1->CCER1 |= TIM1_CCER1_CC2P;
      000BDB AA 20            [ 1] 2132 	or	a, #0x20
      000BDD C7 52 5C         [ 1] 2133 	ld	0x525c, a
      000BE0 20 05            [ 2] 2134 	jra	00106$
      000BE2                       2135 00105$:
                                   2136 ;	../..//StdPeriph_Driver/STM8S_StdPeriph_Driver//src/stm8s_tim1.c: 1000: TIM1->CCER1 &= (uint8_t)(~TIM1_CCER1_CC2P);
      000BE2 A4 DF            [ 1] 2137 	and	a, #0xdf
      000BE4 C7 52 5C         [ 1] 2138 	ld	0x525c, a
      000BE7                       2139 00106$:
                                   2140 ;	../..//StdPeriph_Driver/STM8S_StdPeriph_Driver//src/stm8s_tim1.c: 1003: TIM1->SMCR = (uint8_t)((uint8_t)(TIM1->SMCR & (uint8_t)(TIM1_SMCR_MSM | TIM1_SMCR_TS))
      000BE7 C6 52 52         [ 1] 2141 	ld	a, 0x5252
      000BEA A4 F0            [ 1] 2142 	and	a, #0xf0
                                   2143 ;	../..//StdPeriph_Driver/STM8S_StdPeriph_Driver//src/stm8s_tim1.c: 1004: | (uint8_t) TIM1_EncoderMode);
      000BEC 1A 03            [ 1] 2144 	or	a, (0x03, sp)
      000BEE C7 52 52         [ 1] 2145 	ld	0x5252, a
                                   2146 ;	../..//StdPeriph_Driver/STM8S_StdPeriph_Driver//src/stm8s_tim1.c: 1007: TIM1->CCMR1 = (uint8_t)((uint8_t)(TIM1->CCMR1 & (uint8_t)(~TIM1_CCMR_CCxS)) 
      000BF1 C6 52 58         [ 1] 2147 	ld	a, 0x5258
      000BF4 A4 FC            [ 1] 2148 	and	a, #0xfc
      000BF6 AA 01            [ 1] 2149 	or	a, #0x01
      000BF8 C7 52 58         [ 1] 2150 	ld	0x5258, a
                                   2151 ;	../..//StdPeriph_Driver/STM8S_StdPeriph_Driver//src/stm8s_tim1.c: 1009: TIM1->CCMR2 = (uint8_t)((uint8_t)(TIM1->CCMR2 & (uint8_t)(~TIM1_CCMR_CCxS))
      000BFB C6 52 59         [ 1] 2152 	ld	a, 0x5259
      000BFE A4 FC            [ 1] 2153 	and	a, #0xfc
      000C00 AA 01            [ 1] 2154 	or	a, #0x01
      000C02 C7 52 59         [ 1] 2155 	ld	0x5259, a
                                   2156 ;	../..//StdPeriph_Driver/STM8S_StdPeriph_Driver//src/stm8s_tim1.c: 1011: }
      000C05 81               [ 4] 2157 	ret
                                   2158 ;	../..//StdPeriph_Driver/STM8S_StdPeriph_Driver//src/stm8s_tim1.c: 1023: void TIM1_PrescalerConfig(uint16_t Prescaler,
                                   2159 ;	-----------------------------------------
                                   2160 ;	 function TIM1_PrescalerConfig
                                   2161 ;	-----------------------------------------
      000C06                       2162 _TIM1_PrescalerConfig:
                                   2163 ;	../..//StdPeriph_Driver/STM8S_StdPeriph_Driver//src/stm8s_tim1.c: 1027: assert_param(IS_TIM1_PRESCALER_RELOAD_OK(TIM1_PSCReloadMode));
      000C06 0D 05            [ 1] 2164 	tnz	(0x05, sp)
      000C08 27 14            [ 1] 2165 	jreq	00104$
      000C0A 7B 05            [ 1] 2166 	ld	a, (0x05, sp)
      000C0C 4A               [ 1] 2167 	dec	a
      000C0D 27 0F            [ 1] 2168 	jreq	00104$
      000C0F 4B 03            [ 1] 2169 	push	#0x03
      000C11 4B 04            [ 1] 2170 	push	#0x04
      000C13 5F               [ 1] 2171 	clrw	x
      000C14 89               [ 2] 2172 	pushw	x
      000C15 4Br00            [ 1] 2173 	push	#<(___str_0+0)
      000C17 4Bs00            [ 1] 2174 	push	#((___str_0+0) >> 8)
      000C19 CDr00r00         [ 4] 2175 	call	_assert_failed
      000C1C 5B 06            [ 2] 2176 	addw	sp, #6
      000C1E                       2177 00104$:
                                   2178 ;	../..//StdPeriph_Driver/STM8S_StdPeriph_Driver//src/stm8s_tim1.c: 1030: TIM1->PSCRH = (uint8_t)(Prescaler >> 8);
      000C1E 7B 03            [ 1] 2179 	ld	a, (0x03, sp)
      000C20 C7 52 60         [ 1] 2180 	ld	0x5260, a
                                   2181 ;	../..//StdPeriph_Driver/STM8S_StdPeriph_Driver//src/stm8s_tim1.c: 1031: TIM1->PSCRL = (uint8_t)(Prescaler);
      000C23 7B 04            [ 1] 2182 	ld	a, (0x04, sp)
      000C25 C7 52 61         [ 1] 2183 	ld	0x5261, a
                                   2184 ;	../..//StdPeriph_Driver/STM8S_StdPeriph_Driver//src/stm8s_tim1.c: 1034: TIM1->EGR = (uint8_t)TIM1_PSCReloadMode;
      000C28 AE 52 57         [ 2] 2185 	ldw	x, #0x5257
      000C2B 7B 05            [ 1] 2186 	ld	a, (0x05, sp)
      000C2D F7               [ 1] 2187 	ld	(x), a
                                   2188 ;	../..//StdPeriph_Driver/STM8S_StdPeriph_Driver//src/stm8s_tim1.c: 1035: }
      000C2E 81               [ 4] 2189 	ret
                                   2190 ;	../..//StdPeriph_Driver/STM8S_StdPeriph_Driver//src/stm8s_tim1.c: 1048: void TIM1_CounterModeConfig(TIM1_CounterMode_TypeDef TIM1_CounterMode)
                                   2191 ;	-----------------------------------------
                                   2192 ;	 function TIM1_CounterModeConfig
                                   2193 ;	-----------------------------------------
      000C2F                       2194 _TIM1_CounterModeConfig:
                                   2195 ;	../..//StdPeriph_Driver/STM8S_StdPeriph_Driver//src/stm8s_tim1.c: 1051: assert_param(IS_TIM1_COUNTER_MODE_OK(TIM1_CounterMode));
      000C2F 0D 03            [ 1] 2196 	tnz	(0x03, sp)
      000C31 27 27            [ 1] 2197 	jreq	00104$
      000C33 7B 03            [ 1] 2198 	ld	a, (0x03, sp)
      000C35 A1 10            [ 1] 2199 	cp	a, #0x10
      000C37 27 21            [ 1] 2200 	jreq	00104$
      000C39 7B 03            [ 1] 2201 	ld	a, (0x03, sp)
      000C3B A1 20            [ 1] 2202 	cp	a, #0x20
      000C3D 27 1B            [ 1] 2203 	jreq	00104$
      000C3F 7B 03            [ 1] 2204 	ld	a, (0x03, sp)
      000C41 A1 40            [ 1] 2205 	cp	a, #0x40
      000C43 27 15            [ 1] 2206 	jreq	00104$
      000C45 7B 03            [ 1] 2207 	ld	a, (0x03, sp)
      000C47 A1 60            [ 1] 2208 	cp	a, #0x60
      000C49 27 0F            [ 1] 2209 	jreq	00104$
      000C4B 4B 1B            [ 1] 2210 	push	#0x1b
      000C4D 4B 04            [ 1] 2211 	push	#0x04
      000C4F 5F               [ 1] 2212 	clrw	x
      000C50 89               [ 2] 2213 	pushw	x
      000C51 4Br00            [ 1] 2214 	push	#<(___str_0+0)
      000C53 4Bs00            [ 1] 2215 	push	#((___str_0+0) >> 8)
      000C55 CDr00r00         [ 4] 2216 	call	_assert_failed
      000C58 5B 06            [ 2] 2217 	addw	sp, #6
      000C5A                       2218 00104$:
                                   2219 ;	../..//StdPeriph_Driver/STM8S_StdPeriph_Driver//src/stm8s_tim1.c: 1055: TIM1->CR1 = (uint8_t)((uint8_t)(TIM1->CR1 & (uint8_t)((uint8_t)(~TIM1_CR1_CMS) & (uint8_t)(~TIM1_CR1_DIR)))
      000C5A C6 52 50         [ 1] 2220 	ld	a, 0x5250
      000C5D A4 8F            [ 1] 2221 	and	a, #0x8f
                                   2222 ;	../..//StdPeriph_Driver/STM8S_StdPeriph_Driver//src/stm8s_tim1.c: 1056: | (uint8_t)TIM1_CounterMode);
      000C5F 1A 03            [ 1] 2223 	or	a, (0x03, sp)
      000C61 C7 52 50         [ 1] 2224 	ld	0x5250, a
                                   2225 ;	../..//StdPeriph_Driver/STM8S_StdPeriph_Driver//src/stm8s_tim1.c: 1057: }
      000C64 81               [ 4] 2226 	ret
                                   2227 ;	../..//StdPeriph_Driver/STM8S_StdPeriph_Driver//src/stm8s_tim1.c: 1067: void TIM1_ForcedOC1Config(TIM1_ForcedAction_TypeDef TIM1_ForcedAction)
                                   2228 ;	-----------------------------------------
                                   2229 ;	 function TIM1_ForcedOC1Config
                                   2230 ;	-----------------------------------------
      000C65                       2231 _TIM1_ForcedOC1Config:
                                   2232 ;	../..//StdPeriph_Driver/STM8S_StdPeriph_Driver//src/stm8s_tim1.c: 1070: assert_param(IS_TIM1_FORCED_ACTION_OK(TIM1_ForcedAction));
      000C65 7B 03            [ 1] 2233 	ld	a, (0x03, sp)
      000C67 A1 50            [ 1] 2234 	cp	a, #0x50
      000C69 27 15            [ 1] 2235 	jreq	00104$
      000C6B 7B 03            [ 1] 2236 	ld	a, (0x03, sp)
      000C6D A1 40            [ 1] 2237 	cp	a, #0x40
      000C6F 27 0F            [ 1] 2238 	jreq	00104$
      000C71 4B 2E            [ 1] 2239 	push	#0x2e
      000C73 4B 04            [ 1] 2240 	push	#0x04
      000C75 5F               [ 1] 2241 	clrw	x
      000C76 89               [ 2] 2242 	pushw	x
      000C77 4Br00            [ 1] 2243 	push	#<(___str_0+0)
      000C79 4Bs00            [ 1] 2244 	push	#((___str_0+0) >> 8)
      000C7B CDr00r00         [ 4] 2245 	call	_assert_failed
      000C7E 5B 06            [ 2] 2246 	addw	sp, #6
      000C80                       2247 00104$:
                                   2248 ;	../..//StdPeriph_Driver/STM8S_StdPeriph_Driver//src/stm8s_tim1.c: 1073: TIM1->CCMR1 =  (uint8_t)((uint8_t)(TIM1->CCMR1 & (uint8_t)(~TIM1_CCMR_OCM))|
      000C80 C6 52 58         [ 1] 2249 	ld	a, 0x5258
      000C83 A4 8F            [ 1] 2250 	and	a, #0x8f
                                   2251 ;	../..//StdPeriph_Driver/STM8S_StdPeriph_Driver//src/stm8s_tim1.c: 1074: (uint8_t)TIM1_ForcedAction);
      000C85 1A 03            [ 1] 2252 	or	a, (0x03, sp)
      000C87 C7 52 58         [ 1] 2253 	ld	0x5258, a
                                   2254 ;	../..//StdPeriph_Driver/STM8S_StdPeriph_Driver//src/stm8s_tim1.c: 1075: }
      000C8A 81               [ 4] 2255 	ret
                                   2256 ;	../..//StdPeriph_Driver/STM8S_StdPeriph_Driver//src/stm8s_tim1.c: 1085: void TIM1_ForcedOC2Config(TIM1_ForcedAction_TypeDef TIM1_ForcedAction)
                                   2257 ;	-----------------------------------------
                                   2258 ;	 function TIM1_ForcedOC2Config
                                   2259 ;	-----------------------------------------
      000C8B                       2260 _TIM1_ForcedOC2Config:
                                   2261 ;	../..//StdPeriph_Driver/STM8S_StdPeriph_Driver//src/stm8s_tim1.c: 1088: assert_param(IS_TIM1_FORCED_ACTION_OK(TIM1_ForcedAction));
      000C8B 7B 03            [ 1] 2262 	ld	a, (0x03, sp)
      000C8D A1 50            [ 1] 2263 	cp	a, #0x50
      000C8F 27 15            [ 1] 2264 	jreq	00104$
      000C91 7B 03            [ 1] 2265 	ld	a, (0x03, sp)
      000C93 A1 40            [ 1] 2266 	cp	a, #0x40
      000C95 27 0F            [ 1] 2267 	jreq	00104$
      000C97 4B 40            [ 1] 2268 	push	#0x40
      000C99 4B 04            [ 1] 2269 	push	#0x04
      000C9B 5F               [ 1] 2270 	clrw	x
      000C9C 89               [ 2] 2271 	pushw	x
      000C9D 4Br00            [ 1] 2272 	push	#<(___str_0+0)
      000C9F 4Bs00            [ 1] 2273 	push	#((___str_0+0) >> 8)
      000CA1 CDr00r00         [ 4] 2274 	call	_assert_failed
      000CA4 5B 06            [ 2] 2275 	addw	sp, #6
      000CA6                       2276 00104$:
                                   2277 ;	../..//StdPeriph_Driver/STM8S_StdPeriph_Driver//src/stm8s_tim1.c: 1091: TIM1->CCMR2  =  (uint8_t)((uint8_t)(TIM1->CCMR2 & (uint8_t)(~TIM1_CCMR_OCM))
      000CA6 C6 52 59         [ 1] 2278 	ld	a, 0x5259
      000CA9 A4 8F            [ 1] 2279 	and	a, #0x8f
                                   2280 ;	../..//StdPeriph_Driver/STM8S_StdPeriph_Driver//src/stm8s_tim1.c: 1092: | (uint8_t)TIM1_ForcedAction);
      000CAB 1A 03            [ 1] 2281 	or	a, (0x03, sp)
      000CAD C7 52 59         [ 1] 2282 	ld	0x5259, a
                                   2283 ;	../..//StdPeriph_Driver/STM8S_StdPeriph_Driver//src/stm8s_tim1.c: 1093: }
      000CB0 81               [ 4] 2284 	ret
                                   2285 ;	../..//StdPeriph_Driver/STM8S_StdPeriph_Driver//src/stm8s_tim1.c: 1104: void TIM1_ForcedOC3Config(TIM1_ForcedAction_TypeDef TIM1_ForcedAction)
                                   2286 ;	-----------------------------------------
                                   2287 ;	 function TIM1_ForcedOC3Config
                                   2288 ;	-----------------------------------------
      000CB1                       2289 _TIM1_ForcedOC3Config:
                                   2290 ;	../..//StdPeriph_Driver/STM8S_StdPeriph_Driver//src/stm8s_tim1.c: 1107: assert_param(IS_TIM1_FORCED_ACTION_OK(TIM1_ForcedAction));
      000CB1 7B 03            [ 1] 2291 	ld	a, (0x03, sp)
      000CB3 A1 50            [ 1] 2292 	cp	a, #0x50
      000CB5 27 15            [ 1] 2293 	jreq	00104$
      000CB7 7B 03            [ 1] 2294 	ld	a, (0x03, sp)
      000CB9 A1 40            [ 1] 2295 	cp	a, #0x40
      000CBB 27 0F            [ 1] 2296 	jreq	00104$
      000CBD 4B 53            [ 1] 2297 	push	#0x53
      000CBF 4B 04            [ 1] 2298 	push	#0x04
      000CC1 5F               [ 1] 2299 	clrw	x
      000CC2 89               [ 2] 2300 	pushw	x
      000CC3 4Br00            [ 1] 2301 	push	#<(___str_0+0)
      000CC5 4Bs00            [ 1] 2302 	push	#((___str_0+0) >> 8)
      000CC7 CDr00r00         [ 4] 2303 	call	_assert_failed
      000CCA 5B 06            [ 2] 2304 	addw	sp, #6
      000CCC                       2305 00104$:
                                   2306 ;	../..//StdPeriph_Driver/STM8S_StdPeriph_Driver//src/stm8s_tim1.c: 1110: TIM1->CCMR3  =  (uint8_t)((uint8_t)(TIM1->CCMR3 & (uint8_t)(~TIM1_CCMR_OCM))  
      000CCC C6 52 5A         [ 1] 2307 	ld	a, 0x525a
      000CCF A4 8F            [ 1] 2308 	and	a, #0x8f
                                   2309 ;	../..//StdPeriph_Driver/STM8S_StdPeriph_Driver//src/stm8s_tim1.c: 1111: | (uint8_t)TIM1_ForcedAction);
      000CD1 1A 03            [ 1] 2310 	or	a, (0x03, sp)
      000CD3 C7 52 5A         [ 1] 2311 	ld	0x525a, a
                                   2312 ;	../..//StdPeriph_Driver/STM8S_StdPeriph_Driver//src/stm8s_tim1.c: 1112: }
      000CD6 81               [ 4] 2313 	ret
                                   2314 ;	../..//StdPeriph_Driver/STM8S_StdPeriph_Driver//src/stm8s_tim1.c: 1123: void TIM1_ForcedOC4Config(TIM1_ForcedAction_TypeDef TIM1_ForcedAction)
                                   2315 ;	-----------------------------------------
                                   2316 ;	 function TIM1_ForcedOC4Config
                                   2317 ;	-----------------------------------------
      000CD7                       2318 _TIM1_ForcedOC4Config:
                                   2319 ;	../..//StdPeriph_Driver/STM8S_StdPeriph_Driver//src/stm8s_tim1.c: 1126: assert_param(IS_TIM1_FORCED_ACTION_OK(TIM1_ForcedAction));
      000CD7 7B 03            [ 1] 2320 	ld	a, (0x03, sp)
      000CD9 A1 50            [ 1] 2321 	cp	a, #0x50
      000CDB 27 15            [ 1] 2322 	jreq	00104$
      000CDD 7B 03            [ 1] 2323 	ld	a, (0x03, sp)
      000CDF A1 40            [ 1] 2324 	cp	a, #0x40
      000CE1 27 0F            [ 1] 2325 	jreq	00104$
      000CE3 4B 66            [ 1] 2326 	push	#0x66
      000CE5 4B 04            [ 1] 2327 	push	#0x04
      000CE7 5F               [ 1] 2328 	clrw	x
      000CE8 89               [ 2] 2329 	pushw	x
      000CE9 4Br00            [ 1] 2330 	push	#<(___str_0+0)
      000CEB 4Bs00            [ 1] 2331 	push	#((___str_0+0) >> 8)
      000CED CDr00r00         [ 4] 2332 	call	_assert_failed
      000CF0 5B 06            [ 2] 2333 	addw	sp, #6
      000CF2                       2334 00104$:
                                   2335 ;	../..//StdPeriph_Driver/STM8S_StdPeriph_Driver//src/stm8s_tim1.c: 1129: TIM1->CCMR4  =  (uint8_t)((uint8_t)(TIM1->CCMR4 & (uint8_t)(~TIM1_CCMR_OCM)) 
      000CF2 C6 52 5B         [ 1] 2336 	ld	a, 0x525b
      000CF5 A4 8F            [ 1] 2337 	and	a, #0x8f
                                   2338 ;	../..//StdPeriph_Driver/STM8S_StdPeriph_Driver//src/stm8s_tim1.c: 1130: | (uint8_t)TIM1_ForcedAction);
      000CF7 1A 03            [ 1] 2339 	or	a, (0x03, sp)
      000CF9 C7 52 5B         [ 1] 2340 	ld	0x525b, a
                                   2341 ;	../..//StdPeriph_Driver/STM8S_StdPeriph_Driver//src/stm8s_tim1.c: 1131: }
      000CFC 81               [ 4] 2342 	ret
                                   2343 ;	../..//StdPeriph_Driver/STM8S_StdPeriph_Driver//src/stm8s_tim1.c: 1139: void TIM1_ARRPreloadConfig(FunctionalState NewState)
                                   2344 ;	-----------------------------------------
                                   2345 ;	 function TIM1_ARRPreloadConfig
                                   2346 ;	-----------------------------------------
      000CFD                       2347 _TIM1_ARRPreloadConfig:
                                   2348 ;	../..//StdPeriph_Driver/STM8S_StdPeriph_Driver//src/stm8s_tim1.c: 1142: assert_param(IS_FUNCTIONALSTATE_OK(NewState));
      000CFD 0D 03            [ 1] 2349 	tnz	(0x03, sp)
      000CFF 27 14            [ 1] 2350 	jreq	00107$
      000D01 7B 03            [ 1] 2351 	ld	a, (0x03, sp)
      000D03 4A               [ 1] 2352 	dec	a
      000D04 27 0F            [ 1] 2353 	jreq	00107$
      000D06 4B 76            [ 1] 2354 	push	#0x76
      000D08 4B 04            [ 1] 2355 	push	#0x04
      000D0A 5F               [ 1] 2356 	clrw	x
      000D0B 89               [ 2] 2357 	pushw	x
      000D0C 4Br00            [ 1] 2358 	push	#<(___str_0+0)
      000D0E 4Bs00            [ 1] 2359 	push	#((___str_0+0) >> 8)
      000D10 CDr00r00         [ 4] 2360 	call	_assert_failed
      000D13 5B 06            [ 2] 2361 	addw	sp, #6
      000D15                       2362 00107$:
                                   2363 ;	../..//StdPeriph_Driver/STM8S_StdPeriph_Driver//src/stm8s_tim1.c: 1147: TIM1->CR1 |= TIM1_CR1_ARPE;
      000D15 C6 52 50         [ 1] 2364 	ld	a, 0x5250
                                   2365 ;	../..//StdPeriph_Driver/STM8S_StdPeriph_Driver//src/stm8s_tim1.c: 1145: if (NewState != DISABLE)
      000D18 0D 03            [ 1] 2366 	tnz	(0x03, sp)
      000D1A 27 06            [ 1] 2367 	jreq	00102$
                                   2368 ;	../..//StdPeriph_Driver/STM8S_StdPeriph_Driver//src/stm8s_tim1.c: 1147: TIM1->CR1 |= TIM1_CR1_ARPE;
      000D1C AA 80            [ 1] 2369 	or	a, #0x80
      000D1E C7 52 50         [ 1] 2370 	ld	0x5250, a
      000D21 81               [ 4] 2371 	ret
      000D22                       2372 00102$:
                                   2373 ;	../..//StdPeriph_Driver/STM8S_StdPeriph_Driver//src/stm8s_tim1.c: 1151: TIM1->CR1 &= (uint8_t)(~TIM1_CR1_ARPE);
      000D22 A4 7F            [ 1] 2374 	and	a, #0x7f
      000D24 C7 52 50         [ 1] 2375 	ld	0x5250, a
                                   2376 ;	../..//StdPeriph_Driver/STM8S_StdPeriph_Driver//src/stm8s_tim1.c: 1153: }
      000D27 81               [ 4] 2377 	ret
                                   2378 ;	../..//StdPeriph_Driver/STM8S_StdPeriph_Driver//src/stm8s_tim1.c: 1161: void TIM1_SelectCOM(FunctionalState NewState)
                                   2379 ;	-----------------------------------------
                                   2380 ;	 function TIM1_SelectCOM
                                   2381 ;	-----------------------------------------
      000D28                       2382 _TIM1_SelectCOM:
                                   2383 ;	../..//StdPeriph_Driver/STM8S_StdPeriph_Driver//src/stm8s_tim1.c: 1164: assert_param(IS_FUNCTIONALSTATE_OK(NewState));
      000D28 0D 03            [ 1] 2384 	tnz	(0x03, sp)
      000D2A 27 14            [ 1] 2385 	jreq	00107$
      000D2C 7B 03            [ 1] 2386 	ld	a, (0x03, sp)
      000D2E 4A               [ 1] 2387 	dec	a
      000D2F 27 0F            [ 1] 2388 	jreq	00107$
      000D31 4B 8C            [ 1] 2389 	push	#0x8c
      000D33 4B 04            [ 1] 2390 	push	#0x04
      000D35 5F               [ 1] 2391 	clrw	x
      000D36 89               [ 2] 2392 	pushw	x
      000D37 4Br00            [ 1] 2393 	push	#<(___str_0+0)
      000D39 4Bs00            [ 1] 2394 	push	#((___str_0+0) >> 8)
      000D3B CDr00r00         [ 4] 2395 	call	_assert_failed
      000D3E 5B 06            [ 2] 2396 	addw	sp, #6
      000D40                       2397 00107$:
                                   2398 ;	../..//StdPeriph_Driver/STM8S_StdPeriph_Driver//src/stm8s_tim1.c: 1169: TIM1->CR2 |= TIM1_CR2_COMS;
      000D40 C6 52 51         [ 1] 2399 	ld	a, 0x5251
                                   2400 ;	../..//StdPeriph_Driver/STM8S_StdPeriph_Driver//src/stm8s_tim1.c: 1167: if (NewState != DISABLE)
      000D43 0D 03            [ 1] 2401 	tnz	(0x03, sp)
      000D45 27 06            [ 1] 2402 	jreq	00102$
                                   2403 ;	../..//StdPeriph_Driver/STM8S_StdPeriph_Driver//src/stm8s_tim1.c: 1169: TIM1->CR2 |= TIM1_CR2_COMS;
      000D47 AA 04            [ 1] 2404 	or	a, #0x04
      000D49 C7 52 51         [ 1] 2405 	ld	0x5251, a
      000D4C 81               [ 4] 2406 	ret
      000D4D                       2407 00102$:
                                   2408 ;	../..//StdPeriph_Driver/STM8S_StdPeriph_Driver//src/stm8s_tim1.c: 1173: TIM1->CR2 &= (uint8_t)(~TIM1_CR2_COMS);
      000D4D A4 FB            [ 1] 2409 	and	a, #0xfb
      000D4F C7 52 51         [ 1] 2410 	ld	0x5251, a
                                   2411 ;	../..//StdPeriph_Driver/STM8S_StdPeriph_Driver//src/stm8s_tim1.c: 1175: }
      000D52 81               [ 4] 2412 	ret
                                   2413 ;	../..//StdPeriph_Driver/STM8S_StdPeriph_Driver//src/stm8s_tim1.c: 1183: void TIM1_CCPreloadControl(FunctionalState NewState)
                                   2414 ;	-----------------------------------------
                                   2415 ;	 function TIM1_CCPreloadControl
                                   2416 ;	-----------------------------------------
      000D53                       2417 _TIM1_CCPreloadControl:
                                   2418 ;	../..//StdPeriph_Driver/STM8S_StdPeriph_Driver//src/stm8s_tim1.c: 1186: assert_param(IS_FUNCTIONALSTATE_OK(NewState));
      000D53 0D 03            [ 1] 2419 	tnz	(0x03, sp)
      000D55 27 14            [ 1] 2420 	jreq	00107$
      000D57 7B 03            [ 1] 2421 	ld	a, (0x03, sp)
      000D59 4A               [ 1] 2422 	dec	a
      000D5A 27 0F            [ 1] 2423 	jreq	00107$
      000D5C 4B A2            [ 1] 2424 	push	#0xa2
      000D5E 4B 04            [ 1] 2425 	push	#0x04
      000D60 5F               [ 1] 2426 	clrw	x
      000D61 89               [ 2] 2427 	pushw	x
      000D62 4Br00            [ 1] 2428 	push	#<(___str_0+0)
      000D64 4Bs00            [ 1] 2429 	push	#((___str_0+0) >> 8)
      000D66 CDr00r00         [ 4] 2430 	call	_assert_failed
      000D69 5B 06            [ 2] 2431 	addw	sp, #6
      000D6B                       2432 00107$:
                                   2433 ;	../..//StdPeriph_Driver/STM8S_StdPeriph_Driver//src/stm8s_tim1.c: 1191: TIM1->CR2 |= TIM1_CR2_CCPC;
      000D6B C6 52 51         [ 1] 2434 	ld	a, 0x5251
                                   2435 ;	../..//StdPeriph_Driver/STM8S_StdPeriph_Driver//src/stm8s_tim1.c: 1189: if (NewState != DISABLE)
      000D6E 0D 03            [ 1] 2436 	tnz	(0x03, sp)
      000D70 27 06            [ 1] 2437 	jreq	00102$
                                   2438 ;	../..//StdPeriph_Driver/STM8S_StdPeriph_Driver//src/stm8s_tim1.c: 1191: TIM1->CR2 |= TIM1_CR2_CCPC;
      000D72 AA 01            [ 1] 2439 	or	a, #0x01
      000D74 C7 52 51         [ 1] 2440 	ld	0x5251, a
      000D77 81               [ 4] 2441 	ret
      000D78                       2442 00102$:
                                   2443 ;	../..//StdPeriph_Driver/STM8S_StdPeriph_Driver//src/stm8s_tim1.c: 1195: TIM1->CR2 &= (uint8_t)(~TIM1_CR2_CCPC);
      000D78 A4 FE            [ 1] 2444 	and	a, #0xfe
      000D7A C7 52 51         [ 1] 2445 	ld	0x5251, a
                                   2446 ;	../..//StdPeriph_Driver/STM8S_StdPeriph_Driver//src/stm8s_tim1.c: 1197: }
      000D7D 81               [ 4] 2447 	ret
                                   2448 ;	../..//StdPeriph_Driver/STM8S_StdPeriph_Driver//src/stm8s_tim1.c: 1205: void TIM1_OC1PreloadConfig(FunctionalState NewState)
                                   2449 ;	-----------------------------------------
                                   2450 ;	 function TIM1_OC1PreloadConfig
                                   2451 ;	-----------------------------------------
      000D7E                       2452 _TIM1_OC1PreloadConfig:
                                   2453 ;	../..//StdPeriph_Driver/STM8S_StdPeriph_Driver//src/stm8s_tim1.c: 1208: assert_param(IS_FUNCTIONALSTATE_OK(NewState));
      000D7E 0D 03            [ 1] 2454 	tnz	(0x03, sp)
      000D80 27 14            [ 1] 2455 	jreq	00107$
      000D82 7B 03            [ 1] 2456 	ld	a, (0x03, sp)
      000D84 4A               [ 1] 2457 	dec	a
      000D85 27 0F            [ 1] 2458 	jreq	00107$
      000D87 4B B8            [ 1] 2459 	push	#0xb8
      000D89 4B 04            [ 1] 2460 	push	#0x04
      000D8B 5F               [ 1] 2461 	clrw	x
      000D8C 89               [ 2] 2462 	pushw	x
      000D8D 4Br00            [ 1] 2463 	push	#<(___str_0+0)
      000D8F 4Bs00            [ 1] 2464 	push	#((___str_0+0) >> 8)
      000D91 CDr00r00         [ 4] 2465 	call	_assert_failed
      000D94 5B 06            [ 2] 2466 	addw	sp, #6
      000D96                       2467 00107$:
                                   2468 ;	../..//StdPeriph_Driver/STM8S_StdPeriph_Driver//src/stm8s_tim1.c: 1213: TIM1->CCMR1 |= TIM1_CCMR_OCxPE;
      000D96 C6 52 58         [ 1] 2469 	ld	a, 0x5258
                                   2470 ;	../..//StdPeriph_Driver/STM8S_StdPeriph_Driver//src/stm8s_tim1.c: 1211: if (NewState != DISABLE)
      000D99 0D 03            [ 1] 2471 	tnz	(0x03, sp)
      000D9B 27 06            [ 1] 2472 	jreq	00102$
                                   2473 ;	../..//StdPeriph_Driver/STM8S_StdPeriph_Driver//src/stm8s_tim1.c: 1213: TIM1->CCMR1 |= TIM1_CCMR_OCxPE;
      000D9D AA 08            [ 1] 2474 	or	a, #0x08
      000D9F C7 52 58         [ 1] 2475 	ld	0x5258, a
      000DA2 81               [ 4] 2476 	ret
      000DA3                       2477 00102$:
                                   2478 ;	../..//StdPeriph_Driver/STM8S_StdPeriph_Driver//src/stm8s_tim1.c: 1217: TIM1->CCMR1 &= (uint8_t)(~TIM1_CCMR_OCxPE);
      000DA3 A4 F7            [ 1] 2479 	and	a, #0xf7
      000DA5 C7 52 58         [ 1] 2480 	ld	0x5258, a
                                   2481 ;	../..//StdPeriph_Driver/STM8S_StdPeriph_Driver//src/stm8s_tim1.c: 1219: }
      000DA8 81               [ 4] 2482 	ret
                                   2483 ;	../..//StdPeriph_Driver/STM8S_StdPeriph_Driver//src/stm8s_tim1.c: 1227: void TIM1_OC2PreloadConfig(FunctionalState NewState)
                                   2484 ;	-----------------------------------------
                                   2485 ;	 function TIM1_OC2PreloadConfig
                                   2486 ;	-----------------------------------------
      000DA9                       2487 _TIM1_OC2PreloadConfig:
                                   2488 ;	../..//StdPeriph_Driver/STM8S_StdPeriph_Driver//src/stm8s_tim1.c: 1230: assert_param(IS_FUNCTIONALSTATE_OK(NewState));
      000DA9 0D 03            [ 1] 2489 	tnz	(0x03, sp)
      000DAB 27 14            [ 1] 2490 	jreq	00107$
      000DAD 7B 03            [ 1] 2491 	ld	a, (0x03, sp)
      000DAF 4A               [ 1] 2492 	dec	a
      000DB0 27 0F            [ 1] 2493 	jreq	00107$
      000DB2 4B CE            [ 1] 2494 	push	#0xce
      000DB4 4B 04            [ 1] 2495 	push	#0x04
      000DB6 5F               [ 1] 2496 	clrw	x
      000DB7 89               [ 2] 2497 	pushw	x
      000DB8 4Br00            [ 1] 2498 	push	#<(___str_0+0)
      000DBA 4Bs00            [ 1] 2499 	push	#((___str_0+0) >> 8)
      000DBC CDr00r00         [ 4] 2500 	call	_assert_failed
      000DBF 5B 06            [ 2] 2501 	addw	sp, #6
      000DC1                       2502 00107$:
                                   2503 ;	../..//StdPeriph_Driver/STM8S_StdPeriph_Driver//src/stm8s_tim1.c: 1235: TIM1->CCMR2 |= TIM1_CCMR_OCxPE;
      000DC1 C6 52 59         [ 1] 2504 	ld	a, 0x5259
                                   2505 ;	../..//StdPeriph_Driver/STM8S_StdPeriph_Driver//src/stm8s_tim1.c: 1233: if (NewState != DISABLE)
      000DC4 0D 03            [ 1] 2506 	tnz	(0x03, sp)
      000DC6 27 06            [ 1] 2507 	jreq	00102$
                                   2508 ;	../..//StdPeriph_Driver/STM8S_StdPeriph_Driver//src/stm8s_tim1.c: 1235: TIM1->CCMR2 |= TIM1_CCMR_OCxPE;
      000DC8 AA 08            [ 1] 2509 	or	a, #0x08
      000DCA C7 52 59         [ 1] 2510 	ld	0x5259, a
      000DCD 81               [ 4] 2511 	ret
      000DCE                       2512 00102$:
                                   2513 ;	../..//StdPeriph_Driver/STM8S_StdPeriph_Driver//src/stm8s_tim1.c: 1239: TIM1->CCMR2 &= (uint8_t)(~TIM1_CCMR_OCxPE);
      000DCE A4 F7            [ 1] 2514 	and	a, #0xf7
      000DD0 C7 52 59         [ 1] 2515 	ld	0x5259, a
                                   2516 ;	../..//StdPeriph_Driver/STM8S_StdPeriph_Driver//src/stm8s_tim1.c: 1241: }
      000DD3 81               [ 4] 2517 	ret
                                   2518 ;	../..//StdPeriph_Driver/STM8S_StdPeriph_Driver//src/stm8s_tim1.c: 1249: void TIM1_OC3PreloadConfig(FunctionalState NewState)
                                   2519 ;	-----------------------------------------
                                   2520 ;	 function TIM1_OC3PreloadConfig
                                   2521 ;	-----------------------------------------
      000DD4                       2522 _TIM1_OC3PreloadConfig:
                                   2523 ;	../..//StdPeriph_Driver/STM8S_StdPeriph_Driver//src/stm8s_tim1.c: 1252: assert_param(IS_FUNCTIONALSTATE_OK(NewState));
      000DD4 0D 03            [ 1] 2524 	tnz	(0x03, sp)
      000DD6 27 14            [ 1] 2525 	jreq	00107$
      000DD8 7B 03            [ 1] 2526 	ld	a, (0x03, sp)
      000DDA 4A               [ 1] 2527 	dec	a
      000DDB 27 0F            [ 1] 2528 	jreq	00107$
      000DDD 4B E4            [ 1] 2529 	push	#0xe4
      000DDF 4B 04            [ 1] 2530 	push	#0x04
      000DE1 5F               [ 1] 2531 	clrw	x
      000DE2 89               [ 2] 2532 	pushw	x
      000DE3 4Br00            [ 1] 2533 	push	#<(___str_0+0)
      000DE5 4Bs00            [ 1] 2534 	push	#((___str_0+0) >> 8)
      000DE7 CDr00r00         [ 4] 2535 	call	_assert_failed
      000DEA 5B 06            [ 2] 2536 	addw	sp, #6
      000DEC                       2537 00107$:
                                   2538 ;	../..//StdPeriph_Driver/STM8S_StdPeriph_Driver//src/stm8s_tim1.c: 1257: TIM1->CCMR3 |= TIM1_CCMR_OCxPE;
      000DEC C6 52 5A         [ 1] 2539 	ld	a, 0x525a
                                   2540 ;	../..//StdPeriph_Driver/STM8S_StdPeriph_Driver//src/stm8s_tim1.c: 1255: if (NewState != DISABLE)
      000DEF 0D 03            [ 1] 2541 	tnz	(0x03, sp)
      000DF1 27 06            [ 1] 2542 	jreq	00102$
                                   2543 ;	../..//StdPeriph_Driver/STM8S_StdPeriph_Driver//src/stm8s_tim1.c: 1257: TIM1->CCMR3 |= TIM1_CCMR_OCxPE;
      000DF3 AA 08            [ 1] 2544 	or	a, #0x08
      000DF5 C7 52 5A         [ 1] 2545 	ld	0x525a, a
      000DF8 81               [ 4] 2546 	ret
      000DF9                       2547 00102$:
                                   2548 ;	../..//StdPeriph_Driver/STM8S_StdPeriph_Driver//src/stm8s_tim1.c: 1261: TIM1->CCMR3 &= (uint8_t)(~TIM1_CCMR_OCxPE);
      000DF9 A4 F7            [ 1] 2549 	and	a, #0xf7
      000DFB C7 52 5A         [ 1] 2550 	ld	0x525a, a
                                   2551 ;	../..//StdPeriph_Driver/STM8S_StdPeriph_Driver//src/stm8s_tim1.c: 1263: }
      000DFE 81               [ 4] 2552 	ret
                                   2553 ;	../..//StdPeriph_Driver/STM8S_StdPeriph_Driver//src/stm8s_tim1.c: 1271: void TIM1_OC4PreloadConfig(FunctionalState NewState)
                                   2554 ;	-----------------------------------------
                                   2555 ;	 function TIM1_OC4PreloadConfig
                                   2556 ;	-----------------------------------------
      000DFF                       2557 _TIM1_OC4PreloadConfig:
                                   2558 ;	../..//StdPeriph_Driver/STM8S_StdPeriph_Driver//src/stm8s_tim1.c: 1274: assert_param(IS_FUNCTIONALSTATE_OK(NewState));
      000DFF 0D 03            [ 1] 2559 	tnz	(0x03, sp)
      000E01 27 14            [ 1] 2560 	jreq	00107$
      000E03 7B 03            [ 1] 2561 	ld	a, (0x03, sp)
      000E05 4A               [ 1] 2562 	dec	a
      000E06 27 0F            [ 1] 2563 	jreq	00107$
      000E08 4B FA            [ 1] 2564 	push	#0xfa
      000E0A 4B 04            [ 1] 2565 	push	#0x04
      000E0C 5F               [ 1] 2566 	clrw	x
      000E0D 89               [ 2] 2567 	pushw	x
      000E0E 4Br00            [ 1] 2568 	push	#<(___str_0+0)
      000E10 4Bs00            [ 1] 2569 	push	#((___str_0+0) >> 8)
      000E12 CDr00r00         [ 4] 2570 	call	_assert_failed
      000E15 5B 06            [ 2] 2571 	addw	sp, #6
      000E17                       2572 00107$:
                                   2573 ;	../..//StdPeriph_Driver/STM8S_StdPeriph_Driver//src/stm8s_tim1.c: 1279: TIM1->CCMR4 |= TIM1_CCMR_OCxPE;
      000E17 C6 52 5B         [ 1] 2574 	ld	a, 0x525b
                                   2575 ;	../..//StdPeriph_Driver/STM8S_StdPeriph_Driver//src/stm8s_tim1.c: 1277: if (NewState != DISABLE)
      000E1A 0D 03            [ 1] 2576 	tnz	(0x03, sp)
      000E1C 27 06            [ 1] 2577 	jreq	00102$
                                   2578 ;	../..//StdPeriph_Driver/STM8S_StdPeriph_Driver//src/stm8s_tim1.c: 1279: TIM1->CCMR4 |= TIM1_CCMR_OCxPE;
      000E1E AA 08            [ 1] 2579 	or	a, #0x08
      000E20 C7 52 5B         [ 1] 2580 	ld	0x525b, a
      000E23 81               [ 4] 2581 	ret
      000E24                       2582 00102$:
                                   2583 ;	../..//StdPeriph_Driver/STM8S_StdPeriph_Driver//src/stm8s_tim1.c: 1283: TIM1->CCMR4 &= (uint8_t)(~TIM1_CCMR_OCxPE);
      000E24 A4 F7            [ 1] 2584 	and	a, #0xf7
      000E26 C7 52 5B         [ 1] 2585 	ld	0x525b, a
                                   2586 ;	../..//StdPeriph_Driver/STM8S_StdPeriph_Driver//src/stm8s_tim1.c: 1285: }
      000E29 81               [ 4] 2587 	ret
                                   2588 ;	../..//StdPeriph_Driver/STM8S_StdPeriph_Driver//src/stm8s_tim1.c: 1293: void TIM1_OC1FastConfig(FunctionalState NewState)
                                   2589 ;	-----------------------------------------
                                   2590 ;	 function TIM1_OC1FastConfig
                                   2591 ;	-----------------------------------------
      000E2A                       2592 _TIM1_OC1FastConfig:
                                   2593 ;	../..//StdPeriph_Driver/STM8S_StdPeriph_Driver//src/stm8s_tim1.c: 1296: assert_param(IS_FUNCTIONALSTATE_OK(NewState));
      000E2A 0D 03            [ 1] 2594 	tnz	(0x03, sp)
      000E2C 27 14            [ 1] 2595 	jreq	00107$
      000E2E 7B 03            [ 1] 2596 	ld	a, (0x03, sp)
      000E30 4A               [ 1] 2597 	dec	a
      000E31 27 0F            [ 1] 2598 	jreq	00107$
      000E33 4B 10            [ 1] 2599 	push	#0x10
      000E35 4B 05            [ 1] 2600 	push	#0x05
      000E37 5F               [ 1] 2601 	clrw	x
      000E38 89               [ 2] 2602 	pushw	x
      000E39 4Br00            [ 1] 2603 	push	#<(___str_0+0)
      000E3B 4Bs00            [ 1] 2604 	push	#((___str_0+0) >> 8)
      000E3D CDr00r00         [ 4] 2605 	call	_assert_failed
      000E40 5B 06            [ 2] 2606 	addw	sp, #6
      000E42                       2607 00107$:
                                   2608 ;	../..//StdPeriph_Driver/STM8S_StdPeriph_Driver//src/stm8s_tim1.c: 1301: TIM1->CCMR1 |= TIM1_CCMR_OCxFE;
      000E42 C6 52 58         [ 1] 2609 	ld	a, 0x5258
                                   2610 ;	../..//StdPeriph_Driver/STM8S_StdPeriph_Driver//src/stm8s_tim1.c: 1299: if (NewState != DISABLE)
      000E45 0D 03            [ 1] 2611 	tnz	(0x03, sp)
      000E47 27 06            [ 1] 2612 	jreq	00102$
                                   2613 ;	../..//StdPeriph_Driver/STM8S_StdPeriph_Driver//src/stm8s_tim1.c: 1301: TIM1->CCMR1 |= TIM1_CCMR_OCxFE;
      000E49 AA 04            [ 1] 2614 	or	a, #0x04
      000E4B C7 52 58         [ 1] 2615 	ld	0x5258, a
      000E4E 81               [ 4] 2616 	ret
      000E4F                       2617 00102$:
                                   2618 ;	../..//StdPeriph_Driver/STM8S_StdPeriph_Driver//src/stm8s_tim1.c: 1305: TIM1->CCMR1 &= (uint8_t)(~TIM1_CCMR_OCxFE);
      000E4F A4 FB            [ 1] 2619 	and	a, #0xfb
      000E51 C7 52 58         [ 1] 2620 	ld	0x5258, a
                                   2621 ;	../..//StdPeriph_Driver/STM8S_StdPeriph_Driver//src/stm8s_tim1.c: 1307: }
      000E54 81               [ 4] 2622 	ret
                                   2623 ;	../..//StdPeriph_Driver/STM8S_StdPeriph_Driver//src/stm8s_tim1.c: 1315: void TIM1_OC2FastConfig(FunctionalState NewState)
                                   2624 ;	-----------------------------------------
                                   2625 ;	 function TIM1_OC2FastConfig
                                   2626 ;	-----------------------------------------
      000E55                       2627 _TIM1_OC2FastConfig:
                                   2628 ;	../..//StdPeriph_Driver/STM8S_StdPeriph_Driver//src/stm8s_tim1.c: 1318: assert_param(IS_FUNCTIONALSTATE_OK(NewState));
      000E55 0D 03            [ 1] 2629 	tnz	(0x03, sp)
      000E57 27 14            [ 1] 2630 	jreq	00107$
      000E59 7B 03            [ 1] 2631 	ld	a, (0x03, sp)
      000E5B 4A               [ 1] 2632 	dec	a
      000E5C 27 0F            [ 1] 2633 	jreq	00107$
      000E5E 4B 26            [ 1] 2634 	push	#0x26
      000E60 4B 05            [ 1] 2635 	push	#0x05
      000E62 5F               [ 1] 2636 	clrw	x
      000E63 89               [ 2] 2637 	pushw	x
      000E64 4Br00            [ 1] 2638 	push	#<(___str_0+0)
      000E66 4Bs00            [ 1] 2639 	push	#((___str_0+0) >> 8)
      000E68 CDr00r00         [ 4] 2640 	call	_assert_failed
      000E6B 5B 06            [ 2] 2641 	addw	sp, #6
      000E6D                       2642 00107$:
                                   2643 ;	../..//StdPeriph_Driver/STM8S_StdPeriph_Driver//src/stm8s_tim1.c: 1323: TIM1->CCMR2 |= TIM1_CCMR_OCxFE;
      000E6D C6 52 59         [ 1] 2644 	ld	a, 0x5259
                                   2645 ;	../..//StdPeriph_Driver/STM8S_StdPeriph_Driver//src/stm8s_tim1.c: 1321: if (NewState != DISABLE)
      000E70 0D 03            [ 1] 2646 	tnz	(0x03, sp)
      000E72 27 06            [ 1] 2647 	jreq	00102$
                                   2648 ;	../..//StdPeriph_Driver/STM8S_StdPeriph_Driver//src/stm8s_tim1.c: 1323: TIM1->CCMR2 |= TIM1_CCMR_OCxFE;
      000E74 AA 04            [ 1] 2649 	or	a, #0x04
      000E76 C7 52 59         [ 1] 2650 	ld	0x5259, a
      000E79 81               [ 4] 2651 	ret
      000E7A                       2652 00102$:
                                   2653 ;	../..//StdPeriph_Driver/STM8S_StdPeriph_Driver//src/stm8s_tim1.c: 1327: TIM1->CCMR2 &= (uint8_t)(~TIM1_CCMR_OCxFE);
      000E7A A4 FB            [ 1] 2654 	and	a, #0xfb
      000E7C C7 52 59         [ 1] 2655 	ld	0x5259, a
                                   2656 ;	../..//StdPeriph_Driver/STM8S_StdPeriph_Driver//src/stm8s_tim1.c: 1329: }
      000E7F 81               [ 4] 2657 	ret
                                   2658 ;	../..//StdPeriph_Driver/STM8S_StdPeriph_Driver//src/stm8s_tim1.c: 1337: void TIM1_OC3FastConfig(FunctionalState NewState)
                                   2659 ;	-----------------------------------------
                                   2660 ;	 function TIM1_OC3FastConfig
                                   2661 ;	-----------------------------------------
      000E80                       2662 _TIM1_OC3FastConfig:
                                   2663 ;	../..//StdPeriph_Driver/STM8S_StdPeriph_Driver//src/stm8s_tim1.c: 1340: assert_param(IS_FUNCTIONALSTATE_OK(NewState));
      000E80 0D 03            [ 1] 2664 	tnz	(0x03, sp)
      000E82 27 14            [ 1] 2665 	jreq	00107$
      000E84 7B 03            [ 1] 2666 	ld	a, (0x03, sp)
      000E86 4A               [ 1] 2667 	dec	a
      000E87 27 0F            [ 1] 2668 	jreq	00107$
      000E89 4B 3C            [ 1] 2669 	push	#0x3c
      000E8B 4B 05            [ 1] 2670 	push	#0x05
      000E8D 5F               [ 1] 2671 	clrw	x
      000E8E 89               [ 2] 2672 	pushw	x
      000E8F 4Br00            [ 1] 2673 	push	#<(___str_0+0)
      000E91 4Bs00            [ 1] 2674 	push	#((___str_0+0) >> 8)
      000E93 CDr00r00         [ 4] 2675 	call	_assert_failed
      000E96 5B 06            [ 2] 2676 	addw	sp, #6
      000E98                       2677 00107$:
                                   2678 ;	../..//StdPeriph_Driver/STM8S_StdPeriph_Driver//src/stm8s_tim1.c: 1345: TIM1->CCMR3 |= TIM1_CCMR_OCxFE;
      000E98 C6 52 5A         [ 1] 2679 	ld	a, 0x525a
                                   2680 ;	../..//StdPeriph_Driver/STM8S_StdPeriph_Driver//src/stm8s_tim1.c: 1343: if (NewState != DISABLE)
      000E9B 0D 03            [ 1] 2681 	tnz	(0x03, sp)
      000E9D 27 06            [ 1] 2682 	jreq	00102$
                                   2683 ;	../..//StdPeriph_Driver/STM8S_StdPeriph_Driver//src/stm8s_tim1.c: 1345: TIM1->CCMR3 |= TIM1_CCMR_OCxFE;
      000E9F AA 04            [ 1] 2684 	or	a, #0x04
      000EA1 C7 52 5A         [ 1] 2685 	ld	0x525a, a
      000EA4 81               [ 4] 2686 	ret
      000EA5                       2687 00102$:
                                   2688 ;	../..//StdPeriph_Driver/STM8S_StdPeriph_Driver//src/stm8s_tim1.c: 1349: TIM1->CCMR3 &= (uint8_t)(~TIM1_CCMR_OCxFE);
      000EA5 A4 FB            [ 1] 2689 	and	a, #0xfb
      000EA7 C7 52 5A         [ 1] 2690 	ld	0x525a, a
                                   2691 ;	../..//StdPeriph_Driver/STM8S_StdPeriph_Driver//src/stm8s_tim1.c: 1351: }
      000EAA 81               [ 4] 2692 	ret
                                   2693 ;	../..//StdPeriph_Driver/STM8S_StdPeriph_Driver//src/stm8s_tim1.c: 1359: void TIM1_OC4FastConfig(FunctionalState NewState)
                                   2694 ;	-----------------------------------------
                                   2695 ;	 function TIM1_OC4FastConfig
                                   2696 ;	-----------------------------------------
      000EAB                       2697 _TIM1_OC4FastConfig:
                                   2698 ;	../..//StdPeriph_Driver/STM8S_StdPeriph_Driver//src/stm8s_tim1.c: 1362: assert_param(IS_FUNCTIONALSTATE_OK(NewState));
      000EAB 0D 03            [ 1] 2699 	tnz	(0x03, sp)
      000EAD 27 14            [ 1] 2700 	jreq	00107$
      000EAF 7B 03            [ 1] 2701 	ld	a, (0x03, sp)
      000EB1 4A               [ 1] 2702 	dec	a
      000EB2 27 0F            [ 1] 2703 	jreq	00107$
      000EB4 4B 52            [ 1] 2704 	push	#0x52
      000EB6 4B 05            [ 1] 2705 	push	#0x05
      000EB8 5F               [ 1] 2706 	clrw	x
      000EB9 89               [ 2] 2707 	pushw	x
      000EBA 4Br00            [ 1] 2708 	push	#<(___str_0+0)
      000EBC 4Bs00            [ 1] 2709 	push	#((___str_0+0) >> 8)
      000EBE CDr00r00         [ 4] 2710 	call	_assert_failed
      000EC1 5B 06            [ 2] 2711 	addw	sp, #6
      000EC3                       2712 00107$:
                                   2713 ;	../..//StdPeriph_Driver/STM8S_StdPeriph_Driver//src/stm8s_tim1.c: 1367: TIM1->CCMR4 |= TIM1_CCMR_OCxFE;
      000EC3 C6 52 5B         [ 1] 2714 	ld	a, 0x525b
                                   2715 ;	../..//StdPeriph_Driver/STM8S_StdPeriph_Driver//src/stm8s_tim1.c: 1365: if (NewState != DISABLE)
      000EC6 0D 03            [ 1] 2716 	tnz	(0x03, sp)
      000EC8 27 06            [ 1] 2717 	jreq	00102$
                                   2718 ;	../..//StdPeriph_Driver/STM8S_StdPeriph_Driver//src/stm8s_tim1.c: 1367: TIM1->CCMR4 |= TIM1_CCMR_OCxFE;
      000ECA AA 04            [ 1] 2719 	or	a, #0x04
      000ECC C7 52 5B         [ 1] 2720 	ld	0x525b, a
      000ECF 81               [ 4] 2721 	ret
      000ED0                       2722 00102$:
                                   2723 ;	../..//StdPeriph_Driver/STM8S_StdPeriph_Driver//src/stm8s_tim1.c: 1371: TIM1->CCMR4 &= (uint8_t)(~TIM1_CCMR_OCxFE);
      000ED0 A4 FB            [ 1] 2724 	and	a, #0xfb
      000ED2 C7 52 5B         [ 1] 2725 	ld	0x525b, a
                                   2726 ;	../..//StdPeriph_Driver/STM8S_StdPeriph_Driver//src/stm8s_tim1.c: 1373: }
      000ED5 81               [ 4] 2727 	ret
                                   2728 ;	../..//StdPeriph_Driver/STM8S_StdPeriph_Driver//src/stm8s_tim1.c: 1389: void TIM1_GenerateEvent(TIM1_EventSource_TypeDef TIM1_EventSource)
                                   2729 ;	-----------------------------------------
                                   2730 ;	 function TIM1_GenerateEvent
                                   2731 ;	-----------------------------------------
      000ED6                       2732 _TIM1_GenerateEvent:
                                   2733 ;	../..//StdPeriph_Driver/STM8S_StdPeriph_Driver//src/stm8s_tim1.c: 1392: assert_param(IS_TIM1_EVENT_SOURCE_OK(TIM1_EventSource));
      000ED6 0D 03            [ 1] 2734 	tnz	(0x03, sp)
      000ED8 26 0F            [ 1] 2735 	jrne	00104$
      000EDA 4B 70            [ 1] 2736 	push	#0x70
      000EDC 4B 05            [ 1] 2737 	push	#0x05
      000EDE 5F               [ 1] 2738 	clrw	x
      000EDF 89               [ 2] 2739 	pushw	x
      000EE0 4Br00            [ 1] 2740 	push	#<(___str_0+0)
      000EE2 4Bs00            [ 1] 2741 	push	#((___str_0+0) >> 8)
      000EE4 CDr00r00         [ 4] 2742 	call	_assert_failed
      000EE7 5B 06            [ 2] 2743 	addw	sp, #6
      000EE9                       2744 00104$:
                                   2745 ;	../..//StdPeriph_Driver/STM8S_StdPeriph_Driver//src/stm8s_tim1.c: 1395: TIM1->EGR = (uint8_t)TIM1_EventSource;
      000EE9 AE 52 57         [ 2] 2746 	ldw	x, #0x5257
      000EEC 7B 03            [ 1] 2747 	ld	a, (0x03, sp)
      000EEE F7               [ 1] 2748 	ld	(x), a
                                   2749 ;	../..//StdPeriph_Driver/STM8S_StdPeriph_Driver//src/stm8s_tim1.c: 1396: }
      000EEF 81               [ 4] 2750 	ret
                                   2751 ;	../..//StdPeriph_Driver/STM8S_StdPeriph_Driver//src/stm8s_tim1.c: 1406: void TIM1_OC1PolarityConfig(TIM1_OCPolarity_TypeDef TIM1_OCPolarity)
                                   2752 ;	-----------------------------------------
                                   2753 ;	 function TIM1_OC1PolarityConfig
                                   2754 ;	-----------------------------------------
      000EF0                       2755 _TIM1_OC1PolarityConfig:
                                   2756 ;	../..//StdPeriph_Driver/STM8S_StdPeriph_Driver//src/stm8s_tim1.c: 1409: assert_param(IS_TIM1_OC_POLARITY_OK(TIM1_OCPolarity));
      000EF0 0D 03            [ 1] 2757 	tnz	(0x03, sp)
      000EF2 27 15            [ 1] 2758 	jreq	00107$
      000EF4 7B 03            [ 1] 2759 	ld	a, (0x03, sp)
      000EF6 A1 22            [ 1] 2760 	cp	a, #0x22
      000EF8 27 0F            [ 1] 2761 	jreq	00107$
      000EFA 4B 81            [ 1] 2762 	push	#0x81
      000EFC 4B 05            [ 1] 2763 	push	#0x05
      000EFE 5F               [ 1] 2764 	clrw	x
      000EFF 89               [ 2] 2765 	pushw	x
      000F00 4Br00            [ 1] 2766 	push	#<(___str_0+0)
      000F02 4Bs00            [ 1] 2767 	push	#((___str_0+0) >> 8)
      000F04 CDr00r00         [ 4] 2768 	call	_assert_failed
      000F07 5B 06            [ 2] 2769 	addw	sp, #6
      000F09                       2770 00107$:
                                   2771 ;	../..//StdPeriph_Driver/STM8S_StdPeriph_Driver//src/stm8s_tim1.c: 1414: TIM1->CCER1 |= TIM1_CCER1_CC1P;
      000F09 C6 52 5C         [ 1] 2772 	ld	a, 0x525c
                                   2773 ;	../..//StdPeriph_Driver/STM8S_StdPeriph_Driver//src/stm8s_tim1.c: 1412: if (TIM1_OCPolarity != TIM1_OCPOLARITY_HIGH)
      000F0C 0D 03            [ 1] 2774 	tnz	(0x03, sp)
      000F0E 27 06            [ 1] 2775 	jreq	00102$
                                   2776 ;	../..//StdPeriph_Driver/STM8S_StdPeriph_Driver//src/stm8s_tim1.c: 1414: TIM1->CCER1 |= TIM1_CCER1_CC1P;
      000F10 AA 02            [ 1] 2777 	or	a, #0x02
      000F12 C7 52 5C         [ 1] 2778 	ld	0x525c, a
      000F15 81               [ 4] 2779 	ret
      000F16                       2780 00102$:
                                   2781 ;	../..//StdPeriph_Driver/STM8S_StdPeriph_Driver//src/stm8s_tim1.c: 1418: TIM1->CCER1 &= (uint8_t)(~TIM1_CCER1_CC1P);
      000F16 A4 FD            [ 1] 2782 	and	a, #0xfd
      000F18 C7 52 5C         [ 1] 2783 	ld	0x525c, a
                                   2784 ;	../..//StdPeriph_Driver/STM8S_StdPeriph_Driver//src/stm8s_tim1.c: 1420: }
      000F1B 81               [ 4] 2785 	ret
                                   2786 ;	../..//StdPeriph_Driver/STM8S_StdPeriph_Driver//src/stm8s_tim1.c: 1430: void TIM1_OC1NPolarityConfig(TIM1_OCNPolarity_TypeDef TIM1_OCNPolarity)
                                   2787 ;	-----------------------------------------
                                   2788 ;	 function TIM1_OC1NPolarityConfig
                                   2789 ;	-----------------------------------------
      000F1C                       2790 _TIM1_OC1NPolarityConfig:
                                   2791 ;	../..//StdPeriph_Driver/STM8S_StdPeriph_Driver//src/stm8s_tim1.c: 1433: assert_param(IS_TIM1_OCN_POLARITY_OK(TIM1_OCNPolarity));
      000F1C 0D 03            [ 1] 2792 	tnz	(0x03, sp)
      000F1E 27 15            [ 1] 2793 	jreq	00107$
      000F20 7B 03            [ 1] 2794 	ld	a, (0x03, sp)
      000F22 A1 88            [ 1] 2795 	cp	a, #0x88
      000F24 27 0F            [ 1] 2796 	jreq	00107$
      000F26 4B 99            [ 1] 2797 	push	#0x99
      000F28 4B 05            [ 1] 2798 	push	#0x05
      000F2A 5F               [ 1] 2799 	clrw	x
      000F2B 89               [ 2] 2800 	pushw	x
      000F2C 4Br00            [ 1] 2801 	push	#<(___str_0+0)
      000F2E 4Bs00            [ 1] 2802 	push	#((___str_0+0) >> 8)
      000F30 CDr00r00         [ 4] 2803 	call	_assert_failed
      000F33 5B 06            [ 2] 2804 	addw	sp, #6
      000F35                       2805 00107$:
                                   2806 ;	../..//StdPeriph_Driver/STM8S_StdPeriph_Driver//src/stm8s_tim1.c: 1438: TIM1->CCER1 |= TIM1_CCER1_CC1NP;
      000F35 C6 52 5C         [ 1] 2807 	ld	a, 0x525c
                                   2808 ;	../..//StdPeriph_Driver/STM8S_StdPeriph_Driver//src/stm8s_tim1.c: 1436: if (TIM1_OCNPolarity != TIM1_OCNPOLARITY_HIGH)
      000F38 0D 03            [ 1] 2809 	tnz	(0x03, sp)
      000F3A 27 06            [ 1] 2810 	jreq	00102$
                                   2811 ;	../..//StdPeriph_Driver/STM8S_StdPeriph_Driver//src/stm8s_tim1.c: 1438: TIM1->CCER1 |= TIM1_CCER1_CC1NP;
      000F3C AA 08            [ 1] 2812 	or	a, #0x08
      000F3E C7 52 5C         [ 1] 2813 	ld	0x525c, a
      000F41 81               [ 4] 2814 	ret
      000F42                       2815 00102$:
                                   2816 ;	../..//StdPeriph_Driver/STM8S_StdPeriph_Driver//src/stm8s_tim1.c: 1442: TIM1->CCER1 &= (uint8_t)(~TIM1_CCER1_CC1NP);
      000F42 A4 F7            [ 1] 2817 	and	a, #0xf7
      000F44 C7 52 5C         [ 1] 2818 	ld	0x525c, a
                                   2819 ;	../..//StdPeriph_Driver/STM8S_StdPeriph_Driver//src/stm8s_tim1.c: 1444: }
      000F47 81               [ 4] 2820 	ret
                                   2821 ;	../..//StdPeriph_Driver/STM8S_StdPeriph_Driver//src/stm8s_tim1.c: 1454: void TIM1_OC2PolarityConfig(TIM1_OCPolarity_TypeDef TIM1_OCPolarity)
                                   2822 ;	-----------------------------------------
                                   2823 ;	 function TIM1_OC2PolarityConfig
                                   2824 ;	-----------------------------------------
      000F48                       2825 _TIM1_OC2PolarityConfig:
                                   2826 ;	../..//StdPeriph_Driver/STM8S_StdPeriph_Driver//src/stm8s_tim1.c: 1457: assert_param(IS_TIM1_OC_POLARITY_OK(TIM1_OCPolarity));
      000F48 0D 03            [ 1] 2827 	tnz	(0x03, sp)
      000F4A 27 15            [ 1] 2828 	jreq	00107$
      000F4C 7B 03            [ 1] 2829 	ld	a, (0x03, sp)
      000F4E A1 22            [ 1] 2830 	cp	a, #0x22
      000F50 27 0F            [ 1] 2831 	jreq	00107$
      000F52 4B B1            [ 1] 2832 	push	#0xb1
      000F54 4B 05            [ 1] 2833 	push	#0x05
      000F56 5F               [ 1] 2834 	clrw	x
      000F57 89               [ 2] 2835 	pushw	x
      000F58 4Br00            [ 1] 2836 	push	#<(___str_0+0)
      000F5A 4Bs00            [ 1] 2837 	push	#((___str_0+0) >> 8)
      000F5C CDr00r00         [ 4] 2838 	call	_assert_failed
      000F5F 5B 06            [ 2] 2839 	addw	sp, #6
      000F61                       2840 00107$:
                                   2841 ;	../..//StdPeriph_Driver/STM8S_StdPeriph_Driver//src/stm8s_tim1.c: 1462: TIM1->CCER1 |= TIM1_CCER1_CC2P;
      000F61 C6 52 5C         [ 1] 2842 	ld	a, 0x525c
                                   2843 ;	../..//StdPeriph_Driver/STM8S_StdPeriph_Driver//src/stm8s_tim1.c: 1460: if (TIM1_OCPolarity != TIM1_OCPOLARITY_HIGH)
      000F64 0D 03            [ 1] 2844 	tnz	(0x03, sp)
      000F66 27 06            [ 1] 2845 	jreq	00102$
                                   2846 ;	../..//StdPeriph_Driver/STM8S_StdPeriph_Driver//src/stm8s_tim1.c: 1462: TIM1->CCER1 |= TIM1_CCER1_CC2P;
      000F68 AA 20            [ 1] 2847 	or	a, #0x20
      000F6A C7 52 5C         [ 1] 2848 	ld	0x525c, a
      000F6D 81               [ 4] 2849 	ret
      000F6E                       2850 00102$:
                                   2851 ;	../..//StdPeriph_Driver/STM8S_StdPeriph_Driver//src/stm8s_tim1.c: 1466: TIM1->CCER1 &= (uint8_t)(~TIM1_CCER1_CC2P);
      000F6E A4 DF            [ 1] 2852 	and	a, #0xdf
      000F70 C7 52 5C         [ 1] 2853 	ld	0x525c, a
                                   2854 ;	../..//StdPeriph_Driver/STM8S_StdPeriph_Driver//src/stm8s_tim1.c: 1468: }
      000F73 81               [ 4] 2855 	ret
                                   2856 ;	../..//StdPeriph_Driver/STM8S_StdPeriph_Driver//src/stm8s_tim1.c: 1478: void TIM1_OC2NPolarityConfig(TIM1_OCNPolarity_TypeDef TIM1_OCNPolarity)
                                   2857 ;	-----------------------------------------
                                   2858 ;	 function TIM1_OC2NPolarityConfig
                                   2859 ;	-----------------------------------------
      000F74                       2860 _TIM1_OC2NPolarityConfig:
                                   2861 ;	../..//StdPeriph_Driver/STM8S_StdPeriph_Driver//src/stm8s_tim1.c: 1481: assert_param(IS_TIM1_OCN_POLARITY_OK(TIM1_OCNPolarity));
      000F74 0D 03            [ 1] 2862 	tnz	(0x03, sp)
      000F76 27 15            [ 1] 2863 	jreq	00107$
      000F78 7B 03            [ 1] 2864 	ld	a, (0x03, sp)
      000F7A A1 88            [ 1] 2865 	cp	a, #0x88
      000F7C 27 0F            [ 1] 2866 	jreq	00107$
      000F7E 4B C9            [ 1] 2867 	push	#0xc9
      000F80 4B 05            [ 1] 2868 	push	#0x05
      000F82 5F               [ 1] 2869 	clrw	x
      000F83 89               [ 2] 2870 	pushw	x
      000F84 4Br00            [ 1] 2871 	push	#<(___str_0+0)
      000F86 4Bs00            [ 1] 2872 	push	#((___str_0+0) >> 8)
      000F88 CDr00r00         [ 4] 2873 	call	_assert_failed
      000F8B 5B 06            [ 2] 2874 	addw	sp, #6
      000F8D                       2875 00107$:
                                   2876 ;	../..//StdPeriph_Driver/STM8S_StdPeriph_Driver//src/stm8s_tim1.c: 1486: TIM1->CCER1 |= TIM1_CCER1_CC2NP;
      000F8D C6 52 5C         [ 1] 2877 	ld	a, 0x525c
                                   2878 ;	../..//StdPeriph_Driver/STM8S_StdPeriph_Driver//src/stm8s_tim1.c: 1484: if (TIM1_OCNPolarity != TIM1_OCNPOLARITY_HIGH)
      000F90 0D 03            [ 1] 2879 	tnz	(0x03, sp)
      000F92 27 06            [ 1] 2880 	jreq	00102$
                                   2881 ;	../..//StdPeriph_Driver/STM8S_StdPeriph_Driver//src/stm8s_tim1.c: 1486: TIM1->CCER1 |= TIM1_CCER1_CC2NP;
      000F94 AA 80            [ 1] 2882 	or	a, #0x80
      000F96 C7 52 5C         [ 1] 2883 	ld	0x525c, a
      000F99 81               [ 4] 2884 	ret
      000F9A                       2885 00102$:
                                   2886 ;	../..//StdPeriph_Driver/STM8S_StdPeriph_Driver//src/stm8s_tim1.c: 1490: TIM1->CCER1 &= (uint8_t)(~TIM1_CCER1_CC2NP);
      000F9A A4 7F            [ 1] 2887 	and	a, #0x7f
      000F9C C7 52 5C         [ 1] 2888 	ld	0x525c, a
                                   2889 ;	../..//StdPeriph_Driver/STM8S_StdPeriph_Driver//src/stm8s_tim1.c: 1492: }
      000F9F 81               [ 4] 2890 	ret
                                   2891 ;	../..//StdPeriph_Driver/STM8S_StdPeriph_Driver//src/stm8s_tim1.c: 1502: void TIM1_OC3PolarityConfig(TIM1_OCPolarity_TypeDef TIM1_OCPolarity)
                                   2892 ;	-----------------------------------------
                                   2893 ;	 function TIM1_OC3PolarityConfig
                                   2894 ;	-----------------------------------------
      000FA0                       2895 _TIM1_OC3PolarityConfig:
                                   2896 ;	../..//StdPeriph_Driver/STM8S_StdPeriph_Driver//src/stm8s_tim1.c: 1505: assert_param(IS_TIM1_OC_POLARITY_OK(TIM1_OCPolarity));
      000FA0 0D 03            [ 1] 2897 	tnz	(0x03, sp)
      000FA2 27 15            [ 1] 2898 	jreq	00107$
      000FA4 7B 03            [ 1] 2899 	ld	a, (0x03, sp)
      000FA6 A1 22            [ 1] 2900 	cp	a, #0x22
      000FA8 27 0F            [ 1] 2901 	jreq	00107$
      000FAA 4B E1            [ 1] 2902 	push	#0xe1
      000FAC 4B 05            [ 1] 2903 	push	#0x05
      000FAE 5F               [ 1] 2904 	clrw	x
      000FAF 89               [ 2] 2905 	pushw	x
      000FB0 4Br00            [ 1] 2906 	push	#<(___str_0+0)
      000FB2 4Bs00            [ 1] 2907 	push	#((___str_0+0) >> 8)
      000FB4 CDr00r00         [ 4] 2908 	call	_assert_failed
      000FB7 5B 06            [ 2] 2909 	addw	sp, #6
      000FB9                       2910 00107$:
                                   2911 ;	../..//StdPeriph_Driver/STM8S_StdPeriph_Driver//src/stm8s_tim1.c: 1510: TIM1->CCER2 |= TIM1_CCER2_CC3P;
      000FB9 C6 52 5D         [ 1] 2912 	ld	a, 0x525d
                                   2913 ;	../..//StdPeriph_Driver/STM8S_StdPeriph_Driver//src/stm8s_tim1.c: 1508: if (TIM1_OCPolarity != TIM1_OCPOLARITY_HIGH)
      000FBC 0D 03            [ 1] 2914 	tnz	(0x03, sp)
      000FBE 27 06            [ 1] 2915 	jreq	00102$
                                   2916 ;	../..//StdPeriph_Driver/STM8S_StdPeriph_Driver//src/stm8s_tim1.c: 1510: TIM1->CCER2 |= TIM1_CCER2_CC3P;
      000FC0 AA 02            [ 1] 2917 	or	a, #0x02
      000FC2 C7 52 5D         [ 1] 2918 	ld	0x525d, a
      000FC5 81               [ 4] 2919 	ret
      000FC6                       2920 00102$:
                                   2921 ;	../..//StdPeriph_Driver/STM8S_StdPeriph_Driver//src/stm8s_tim1.c: 1514: TIM1->CCER2 &= (uint8_t)(~TIM1_CCER2_CC3P);
      000FC6 A4 FD            [ 1] 2922 	and	a, #0xfd
      000FC8 C7 52 5D         [ 1] 2923 	ld	0x525d, a
                                   2924 ;	../..//StdPeriph_Driver/STM8S_StdPeriph_Driver//src/stm8s_tim1.c: 1516: }
      000FCB 81               [ 4] 2925 	ret
                                   2926 ;	../..//StdPeriph_Driver/STM8S_StdPeriph_Driver//src/stm8s_tim1.c: 1527: void TIM1_OC3NPolarityConfig(TIM1_OCNPolarity_TypeDef TIM1_OCNPolarity)
                                   2927 ;	-----------------------------------------
                                   2928 ;	 function TIM1_OC3NPolarityConfig
                                   2929 ;	-----------------------------------------
      000FCC                       2930 _TIM1_OC3NPolarityConfig:
                                   2931 ;	../..//StdPeriph_Driver/STM8S_StdPeriph_Driver//src/stm8s_tim1.c: 1530: assert_param(IS_TIM1_OCN_POLARITY_OK(TIM1_OCNPolarity));
      000FCC 0D 03            [ 1] 2932 	tnz	(0x03, sp)
      000FCE 27 15            [ 1] 2933 	jreq	00107$
      000FD0 7B 03            [ 1] 2934 	ld	a, (0x03, sp)
      000FD2 A1 88            [ 1] 2935 	cp	a, #0x88
      000FD4 27 0F            [ 1] 2936 	jreq	00107$
      000FD6 4B FA            [ 1] 2937 	push	#0xfa
      000FD8 4B 05            [ 1] 2938 	push	#0x05
      000FDA 5F               [ 1] 2939 	clrw	x
      000FDB 89               [ 2] 2940 	pushw	x
      000FDC 4Br00            [ 1] 2941 	push	#<(___str_0+0)
      000FDE 4Bs00            [ 1] 2942 	push	#((___str_0+0) >> 8)
      000FE0 CDr00r00         [ 4] 2943 	call	_assert_failed
      000FE3 5B 06            [ 2] 2944 	addw	sp, #6
      000FE5                       2945 00107$:
                                   2946 ;	../..//StdPeriph_Driver/STM8S_StdPeriph_Driver//src/stm8s_tim1.c: 1535: TIM1->CCER2 |= TIM1_CCER2_CC3NP;
      000FE5 C6 52 5D         [ 1] 2947 	ld	a, 0x525d
                                   2948 ;	../..//StdPeriph_Driver/STM8S_StdPeriph_Driver//src/stm8s_tim1.c: 1533: if (TIM1_OCNPolarity != TIM1_OCNPOLARITY_HIGH)
      000FE8 0D 03            [ 1] 2949 	tnz	(0x03, sp)
      000FEA 27 06            [ 1] 2950 	jreq	00102$
                                   2951 ;	../..//StdPeriph_Driver/STM8S_StdPeriph_Driver//src/stm8s_tim1.c: 1535: TIM1->CCER2 |= TIM1_CCER2_CC3NP;
      000FEC AA 08            [ 1] 2952 	or	a, #0x08
      000FEE C7 52 5D         [ 1] 2953 	ld	0x525d, a
      000FF1 81               [ 4] 2954 	ret
      000FF2                       2955 00102$:
                                   2956 ;	../..//StdPeriph_Driver/STM8S_StdPeriph_Driver//src/stm8s_tim1.c: 1539: TIM1->CCER2 &= (uint8_t)(~TIM1_CCER2_CC3NP);
      000FF2 A4 F7            [ 1] 2957 	and	a, #0xf7
      000FF4 C7 52 5D         [ 1] 2958 	ld	0x525d, a
                                   2959 ;	../..//StdPeriph_Driver/STM8S_StdPeriph_Driver//src/stm8s_tim1.c: 1541: }
      000FF7 81               [ 4] 2960 	ret
                                   2961 ;	../..//StdPeriph_Driver/STM8S_StdPeriph_Driver//src/stm8s_tim1.c: 1551: void TIM1_OC4PolarityConfig(TIM1_OCPolarity_TypeDef TIM1_OCPolarity)
                                   2962 ;	-----------------------------------------
                                   2963 ;	 function TIM1_OC4PolarityConfig
                                   2964 ;	-----------------------------------------
      000FF8                       2965 _TIM1_OC4PolarityConfig:
                                   2966 ;	../..//StdPeriph_Driver/STM8S_StdPeriph_Driver//src/stm8s_tim1.c: 1554: assert_param(IS_TIM1_OC_POLARITY_OK(TIM1_OCPolarity));
      000FF8 0D 03            [ 1] 2967 	tnz	(0x03, sp)
      000FFA 27 15            [ 1] 2968 	jreq	00107$
      000FFC 7B 03            [ 1] 2969 	ld	a, (0x03, sp)
      000FFE A1 22            [ 1] 2970 	cp	a, #0x22
      001000 27 0F            [ 1] 2971 	jreq	00107$
      001002 4B 12            [ 1] 2972 	push	#0x12
      001004 4B 06            [ 1] 2973 	push	#0x06
      001006 5F               [ 1] 2974 	clrw	x
      001007 89               [ 2] 2975 	pushw	x
      001008 4Br00            [ 1] 2976 	push	#<(___str_0+0)
      00100A 4Bs00            [ 1] 2977 	push	#((___str_0+0) >> 8)
      00100C CDr00r00         [ 4] 2978 	call	_assert_failed
      00100F 5B 06            [ 2] 2979 	addw	sp, #6
      001011                       2980 00107$:
                                   2981 ;	../..//StdPeriph_Driver/STM8S_StdPeriph_Driver//src/stm8s_tim1.c: 1559: TIM1->CCER2 |= TIM1_CCER2_CC4P;
      001011 C6 52 5D         [ 1] 2982 	ld	a, 0x525d
                                   2983 ;	../..//StdPeriph_Driver/STM8S_StdPeriph_Driver//src/stm8s_tim1.c: 1557: if (TIM1_OCPolarity != TIM1_OCPOLARITY_HIGH)
      001014 0D 03            [ 1] 2984 	tnz	(0x03, sp)
      001016 27 06            [ 1] 2985 	jreq	00102$
                                   2986 ;	../..//StdPeriph_Driver/STM8S_StdPeriph_Driver//src/stm8s_tim1.c: 1559: TIM1->CCER2 |= TIM1_CCER2_CC4P;
      001018 AA 20            [ 1] 2987 	or	a, #0x20
      00101A C7 52 5D         [ 1] 2988 	ld	0x525d, a
      00101D 81               [ 4] 2989 	ret
      00101E                       2990 00102$:
                                   2991 ;	../..//StdPeriph_Driver/STM8S_StdPeriph_Driver//src/stm8s_tim1.c: 1563: TIM1->CCER2 &= (uint8_t)(~TIM1_CCER2_CC4P);
      00101E A4 DF            [ 1] 2992 	and	a, #0xdf
      001020 C7 52 5D         [ 1] 2993 	ld	0x525d, a
                                   2994 ;	../..//StdPeriph_Driver/STM8S_StdPeriph_Driver//src/stm8s_tim1.c: 1565: }
      001023 81               [ 4] 2995 	ret
                                   2996 ;	../..//StdPeriph_Driver/STM8S_StdPeriph_Driver//src/stm8s_tim1.c: 1579: void TIM1_CCxCmd(TIM1_Channel_TypeDef TIM1_Channel, FunctionalState NewState)
                                   2997 ;	-----------------------------------------
                                   2998 ;	 function TIM1_CCxCmd
                                   2999 ;	-----------------------------------------
      001024                       3000 _TIM1_CCxCmd:
      001024 89               [ 2] 3001 	pushw	x
                                   3002 ;	../..//StdPeriph_Driver/STM8S_StdPeriph_Driver//src/stm8s_tim1.c: 1582: assert_param(IS_TIM1_CHANNEL_OK(TIM1_Channel));
      001025 7B 05            [ 1] 3003 	ld	a, (0x05, sp)
      001027 4A               [ 1] 3004 	dec	a
      001028 26 05            [ 1] 3005 	jrne	00206$
      00102A A6 01            [ 1] 3006 	ld	a, #0x01
      00102C 6B 01            [ 1] 3007 	ld	(0x01, sp), a
      00102E C5                    3008 	.byte 0xc5
      00102F                       3009 00206$:
      00102F 0F 01            [ 1] 3010 	clr	(0x01, sp)
      001031                       3011 00207$:
      001031 7B 05            [ 1] 3012 	ld	a, (0x05, sp)
      001033 A0 02            [ 1] 3013 	sub	a, #0x02
      001035 26 04            [ 1] 3014 	jrne	00209$
      001037 4C               [ 1] 3015 	inc	a
      001038 6B 02            [ 1] 3016 	ld	(0x02, sp), a
      00103A C5                    3017 	.byte 0xc5
      00103B                       3018 00209$:
      00103B 0F 02            [ 1] 3019 	clr	(0x02, sp)
      00103D                       3020 00210$:
      00103D 0D 05            [ 1] 3021 	tnz	(0x05, sp)
      00103F 27 1D            [ 1] 3022 	jreq	00125$
      001041 0D 01            [ 1] 3023 	tnz	(0x01, sp)
      001043 26 19            [ 1] 3024 	jrne	00125$
      001045 0D 02            [ 1] 3025 	tnz	(0x02, sp)
      001047 26 15            [ 1] 3026 	jrne	00125$
      001049 7B 05            [ 1] 3027 	ld	a, (0x05, sp)
      00104B A1 03            [ 1] 3028 	cp	a, #0x03
      00104D 27 0F            [ 1] 3029 	jreq	00125$
      00104F 4B 2E            [ 1] 3030 	push	#0x2e
      001051 4B 06            [ 1] 3031 	push	#0x06
      001053 5F               [ 1] 3032 	clrw	x
      001054 89               [ 2] 3033 	pushw	x
      001055 4Br00            [ 1] 3034 	push	#<(___str_0+0)
      001057 4Bs00            [ 1] 3035 	push	#((___str_0+0) >> 8)
      001059 CDr00r00         [ 4] 3036 	call	_assert_failed
      00105C 5B 06            [ 2] 3037 	addw	sp, #6
      00105E                       3038 00125$:
                                   3039 ;	../..//StdPeriph_Driver/STM8S_StdPeriph_Driver//src/stm8s_tim1.c: 1583: assert_param(IS_FUNCTIONALSTATE_OK(NewState));
      00105E 0D 06            [ 1] 3040 	tnz	(0x06, sp)
      001060 27 14            [ 1] 3041 	jreq	00136$
      001062 7B 06            [ 1] 3042 	ld	a, (0x06, sp)
      001064 4A               [ 1] 3043 	dec	a
      001065 27 0F            [ 1] 3044 	jreq	00136$
      001067 4B 2F            [ 1] 3045 	push	#0x2f
      001069 4B 06            [ 1] 3046 	push	#0x06
      00106B 5F               [ 1] 3047 	clrw	x
      00106C 89               [ 2] 3048 	pushw	x
      00106D 4Br00            [ 1] 3049 	push	#<(___str_0+0)
      00106F 4Bs00            [ 1] 3050 	push	#((___str_0+0) >> 8)
      001071 CDr00r00         [ 4] 3051 	call	_assert_failed
      001074 5B 06            [ 2] 3052 	addw	sp, #6
      001076                       3053 00136$:
                                   3054 ;	../..//StdPeriph_Driver/STM8S_StdPeriph_Driver//src/stm8s_tim1.c: 1585: if (TIM1_Channel == TIM1_CHANNEL_1)
      001076 0D 05            [ 1] 3055 	tnz	(0x05, sp)
      001078 26 15            [ 1] 3056 	jrne	00120$
                                   3057 ;	../..//StdPeriph_Driver/STM8S_StdPeriph_Driver//src/stm8s_tim1.c: 1590: TIM1->CCER1 |= TIM1_CCER1_CC1E;
      00107A C6 52 5C         [ 1] 3058 	ld	a, 0x525c
                                   3059 ;	../..//StdPeriph_Driver/STM8S_StdPeriph_Driver//src/stm8s_tim1.c: 1588: if (NewState != DISABLE)
      00107D 0D 06            [ 1] 3060 	tnz	(0x06, sp)
      00107F 27 07            [ 1] 3061 	jreq	00102$
                                   3062 ;	../..//StdPeriph_Driver/STM8S_StdPeriph_Driver//src/stm8s_tim1.c: 1590: TIM1->CCER1 |= TIM1_CCER1_CC1E;
      001081 AA 01            [ 1] 3063 	or	a, #0x01
      001083 C7 52 5C         [ 1] 3064 	ld	0x525c, a
      001086 20 4E            [ 2] 3065 	jra	00122$
      001088                       3066 00102$:
                                   3067 ;	../..//StdPeriph_Driver/STM8S_StdPeriph_Driver//src/stm8s_tim1.c: 1594: TIM1->CCER1 &= (uint8_t)(~TIM1_CCER1_CC1E);
      001088 A4 FE            [ 1] 3068 	and	a, #0xfe
      00108A C7 52 5C         [ 1] 3069 	ld	0x525c, a
      00108D 20 47            [ 2] 3070 	jra	00122$
      00108F                       3071 00120$:
                                   3072 ;	../..//StdPeriph_Driver/STM8S_StdPeriph_Driver//src/stm8s_tim1.c: 1598: else if (TIM1_Channel == TIM1_CHANNEL_2)
      00108F 7B 01            [ 1] 3073 	ld	a, (0x01, sp)
      001091 27 15            [ 1] 3074 	jreq	00117$
                                   3075 ;	../..//StdPeriph_Driver/STM8S_StdPeriph_Driver//src/stm8s_tim1.c: 1590: TIM1->CCER1 |= TIM1_CCER1_CC1E;
      001093 C6 52 5C         [ 1] 3076 	ld	a, 0x525c
                                   3077 ;	../..//StdPeriph_Driver/STM8S_StdPeriph_Driver//src/stm8s_tim1.c: 1601: if (NewState != DISABLE)
      001096 0D 06            [ 1] 3078 	tnz	(0x06, sp)
      001098 27 07            [ 1] 3079 	jreq	00105$
                                   3080 ;	../..//StdPeriph_Driver/STM8S_StdPeriph_Driver//src/stm8s_tim1.c: 1603: TIM1->CCER1 |= TIM1_CCER1_CC2E;
      00109A AA 10            [ 1] 3081 	or	a, #0x10
      00109C C7 52 5C         [ 1] 3082 	ld	0x525c, a
      00109F 20 35            [ 2] 3083 	jra	00122$
      0010A1                       3084 00105$:
                                   3085 ;	../..//StdPeriph_Driver/STM8S_StdPeriph_Driver//src/stm8s_tim1.c: 1607: TIM1->CCER1 &= (uint8_t)(~TIM1_CCER1_CC2E);
      0010A1 A4 EF            [ 1] 3086 	and	a, #0xef
      0010A3 C7 52 5C         [ 1] 3087 	ld	0x525c, a
      0010A6 20 2E            [ 2] 3088 	jra	00122$
      0010A8                       3089 00117$:
                                   3090 ;	../..//StdPeriph_Driver/STM8S_StdPeriph_Driver//src/stm8s_tim1.c: 1615: TIM1->CCER2 |= TIM1_CCER2_CC3E;
      0010A8 C6 52 5D         [ 1] 3091 	ld	a, 0x525d
                                   3092 ;	../..//StdPeriph_Driver/STM8S_StdPeriph_Driver//src/stm8s_tim1.c: 1610: else if (TIM1_Channel == TIM1_CHANNEL_3)
      0010AB 41               [ 1] 3093 	exg	a, xl
      0010AC 7B 02            [ 1] 3094 	ld	a, (0x02, sp)
      0010AE 41               [ 1] 3095 	exg	a, xl
      0010AF 41               [ 1] 3096 	exg	a, xl
      0010B0 4D               [ 1] 3097 	tnz	a
      0010B1 41               [ 1] 3098 	exg	a, xl
      0010B2 27 12            [ 1] 3099 	jreq	00114$
                                   3100 ;	../..//StdPeriph_Driver/STM8S_StdPeriph_Driver//src/stm8s_tim1.c: 1613: if (NewState != DISABLE)
      0010B4 0D 06            [ 1] 3101 	tnz	(0x06, sp)
      0010B6 27 07            [ 1] 3102 	jreq	00108$
                                   3103 ;	../..//StdPeriph_Driver/STM8S_StdPeriph_Driver//src/stm8s_tim1.c: 1615: TIM1->CCER2 |= TIM1_CCER2_CC3E;
      0010B8 AA 01            [ 1] 3104 	or	a, #0x01
      0010BA C7 52 5D         [ 1] 3105 	ld	0x525d, a
      0010BD 20 17            [ 2] 3106 	jra	00122$
      0010BF                       3107 00108$:
                                   3108 ;	../..//StdPeriph_Driver/STM8S_StdPeriph_Driver//src/stm8s_tim1.c: 1619: TIM1->CCER2 &= (uint8_t)(~TIM1_CCER2_CC3E);
      0010BF A4 FE            [ 1] 3109 	and	a, #0xfe
      0010C1 C7 52 5D         [ 1] 3110 	ld	0x525d, a
      0010C4 20 10            [ 2] 3111 	jra	00122$
      0010C6                       3112 00114$:
                                   3113 ;	../..//StdPeriph_Driver/STM8S_StdPeriph_Driver//src/stm8s_tim1.c: 1625: if (NewState != DISABLE)
      0010C6 0D 06            [ 1] 3114 	tnz	(0x06, sp)
      0010C8 27 07            [ 1] 3115 	jreq	00111$
                                   3116 ;	../..//StdPeriph_Driver/STM8S_StdPeriph_Driver//src/stm8s_tim1.c: 1627: TIM1->CCER2 |= TIM1_CCER2_CC4E;
      0010CA AA 10            [ 1] 3117 	or	a, #0x10
      0010CC C7 52 5D         [ 1] 3118 	ld	0x525d, a
      0010CF 20 05            [ 2] 3119 	jra	00122$
      0010D1                       3120 00111$:
                                   3121 ;	../..//StdPeriph_Driver/STM8S_StdPeriph_Driver//src/stm8s_tim1.c: 1631: TIM1->CCER2 &= (uint8_t)(~TIM1_CCER2_CC4E);
      0010D1 A4 EF            [ 1] 3122 	and	a, #0xef
      0010D3 C7 52 5D         [ 1] 3123 	ld	0x525d, a
      0010D6                       3124 00122$:
                                   3125 ;	../..//StdPeriph_Driver/STM8S_StdPeriph_Driver//src/stm8s_tim1.c: 1634: }
      0010D6 85               [ 2] 3126 	popw	x
      0010D7 81               [ 4] 3127 	ret
                                   3128 ;	../..//StdPeriph_Driver/STM8S_StdPeriph_Driver//src/stm8s_tim1.c: 1647: void TIM1_CCxNCmd(TIM1_Channel_TypeDef TIM1_Channel, FunctionalState NewState)
                                   3129 ;	-----------------------------------------
                                   3130 ;	 function TIM1_CCxNCmd
                                   3131 ;	-----------------------------------------
      0010D8                       3132 _TIM1_CCxNCmd:
      0010D8 88               [ 1] 3133 	push	a
                                   3134 ;	../..//StdPeriph_Driver/STM8S_StdPeriph_Driver//src/stm8s_tim1.c: 1650: assert_param(IS_TIM1_COMPLEMENTARY_CHANNEL_OK(TIM1_Channel));
      0010D9 7B 04            [ 1] 3135 	ld	a, (0x04, sp)
      0010DB 4A               [ 1] 3136 	dec	a
      0010DC 26 05            [ 1] 3137 	jrne	00182$
      0010DE A6 01            [ 1] 3138 	ld	a, #0x01
      0010E0 6B 01            [ 1] 3139 	ld	(0x01, sp), a
      0010E2 C5                    3140 	.byte 0xc5
      0010E3                       3141 00182$:
      0010E3 0F 01            [ 1] 3142 	clr	(0x01, sp)
      0010E5                       3143 00183$:
      0010E5 0D 04            [ 1] 3144 	tnz	(0x04, sp)
      0010E7 27 19            [ 1] 3145 	jreq	00119$
      0010E9 0D 01            [ 1] 3146 	tnz	(0x01, sp)
      0010EB 26 15            [ 1] 3147 	jrne	00119$
      0010ED 7B 04            [ 1] 3148 	ld	a, (0x04, sp)
      0010EF A1 02            [ 1] 3149 	cp	a, #0x02
      0010F1 27 0F            [ 1] 3150 	jreq	00119$
      0010F3 4B 72            [ 1] 3151 	push	#0x72
      0010F5 4B 06            [ 1] 3152 	push	#0x06
      0010F7 5F               [ 1] 3153 	clrw	x
      0010F8 89               [ 2] 3154 	pushw	x
      0010F9 4Br00            [ 1] 3155 	push	#<(___str_0+0)
      0010FB 4Bs00            [ 1] 3156 	push	#((___str_0+0) >> 8)
      0010FD CDr00r00         [ 4] 3157 	call	_assert_failed
      001100 5B 06            [ 2] 3158 	addw	sp, #6
      001102                       3159 00119$:
                                   3160 ;	../..//StdPeriph_Driver/STM8S_StdPeriph_Driver//src/stm8s_tim1.c: 1651: assert_param(IS_FUNCTIONALSTATE_OK(NewState));
      001102 0D 05            [ 1] 3161 	tnz	(0x05, sp)
      001104 27 14            [ 1] 3162 	jreq	00127$
      001106 7B 05            [ 1] 3163 	ld	a, (0x05, sp)
      001108 4A               [ 1] 3164 	dec	a
      001109 27 0F            [ 1] 3165 	jreq	00127$
      00110B 4B 73            [ 1] 3166 	push	#0x73
      00110D 4B 06            [ 1] 3167 	push	#0x06
      00110F 5F               [ 1] 3168 	clrw	x
      001110 89               [ 2] 3169 	pushw	x
      001111 4Br00            [ 1] 3170 	push	#<(___str_0+0)
      001113 4Bs00            [ 1] 3171 	push	#((___str_0+0) >> 8)
      001115 CDr00r00         [ 4] 3172 	call	_assert_failed
      001118 5B 06            [ 2] 3173 	addw	sp, #6
      00111A                       3174 00127$:
                                   3175 ;	../..//StdPeriph_Driver/STM8S_StdPeriph_Driver//src/stm8s_tim1.c: 1653: if (TIM1_Channel == TIM1_CHANNEL_1)
      00111A 0D 04            [ 1] 3176 	tnz	(0x04, sp)
      00111C 26 15            [ 1] 3177 	jrne	00114$
                                   3178 ;	../..//StdPeriph_Driver/STM8S_StdPeriph_Driver//src/stm8s_tim1.c: 1658: TIM1->CCER1 |= TIM1_CCER1_CC1NE;
      00111E C6 52 5C         [ 1] 3179 	ld	a, 0x525c
                                   3180 ;	../..//StdPeriph_Driver/STM8S_StdPeriph_Driver//src/stm8s_tim1.c: 1656: if (NewState != DISABLE)
      001121 0D 05            [ 1] 3181 	tnz	(0x05, sp)
      001123 27 07            [ 1] 3182 	jreq	00102$
                                   3183 ;	../..//StdPeriph_Driver/STM8S_StdPeriph_Driver//src/stm8s_tim1.c: 1658: TIM1->CCER1 |= TIM1_CCER1_CC1NE;
      001125 AA 04            [ 1] 3184 	or	a, #0x04
      001127 C7 52 5C         [ 1] 3185 	ld	0x525c, a
      00112A 20 33            [ 2] 3186 	jra	00116$
      00112C                       3187 00102$:
                                   3188 ;	../..//StdPeriph_Driver/STM8S_StdPeriph_Driver//src/stm8s_tim1.c: 1662: TIM1->CCER1 &= (uint8_t)(~TIM1_CCER1_CC1NE);
      00112C A4 FB            [ 1] 3189 	and	a, #0xfb
      00112E C7 52 5C         [ 1] 3190 	ld	0x525c, a
      001131 20 2C            [ 2] 3191 	jra	00116$
      001133                       3192 00114$:
                                   3193 ;	../..//StdPeriph_Driver/STM8S_StdPeriph_Driver//src/stm8s_tim1.c: 1665: else if (TIM1_Channel == TIM1_CHANNEL_2)
      001133 7B 01            [ 1] 3194 	ld	a, (0x01, sp)
      001135 27 15            [ 1] 3195 	jreq	00111$
                                   3196 ;	../..//StdPeriph_Driver/STM8S_StdPeriph_Driver//src/stm8s_tim1.c: 1658: TIM1->CCER1 |= TIM1_CCER1_CC1NE;
      001137 C6 52 5C         [ 1] 3197 	ld	a, 0x525c
                                   3198 ;	../..//StdPeriph_Driver/STM8S_StdPeriph_Driver//src/stm8s_tim1.c: 1668: if (NewState != DISABLE)
      00113A 0D 05            [ 1] 3199 	tnz	(0x05, sp)
      00113C 27 07            [ 1] 3200 	jreq	00105$
                                   3201 ;	../..//StdPeriph_Driver/STM8S_StdPeriph_Driver//src/stm8s_tim1.c: 1670: TIM1->CCER1 |= TIM1_CCER1_CC2NE;
      00113E AA 40            [ 1] 3202 	or	a, #0x40
      001140 C7 52 5C         [ 1] 3203 	ld	0x525c, a
      001143 20 1A            [ 2] 3204 	jra	00116$
      001145                       3205 00105$:
                                   3206 ;	../..//StdPeriph_Driver/STM8S_StdPeriph_Driver//src/stm8s_tim1.c: 1674: TIM1->CCER1 &= (uint8_t)(~TIM1_CCER1_CC2NE);
      001145 A4 BF            [ 1] 3207 	and	a, #0xbf
      001147 C7 52 5C         [ 1] 3208 	ld	0x525c, a
      00114A 20 13            [ 2] 3209 	jra	00116$
      00114C                       3210 00111$:
                                   3211 ;	../..//StdPeriph_Driver/STM8S_StdPeriph_Driver//src/stm8s_tim1.c: 1682: TIM1->CCER2 |= TIM1_CCER2_CC3NE;
      00114C C6 52 5D         [ 1] 3212 	ld	a, 0x525d
                                   3213 ;	../..//StdPeriph_Driver/STM8S_StdPeriph_Driver//src/stm8s_tim1.c: 1680: if (NewState != DISABLE)
      00114F 0D 05            [ 1] 3214 	tnz	(0x05, sp)
      001151 27 07            [ 1] 3215 	jreq	00108$
                                   3216 ;	../..//StdPeriph_Driver/STM8S_StdPeriph_Driver//src/stm8s_tim1.c: 1682: TIM1->CCER2 |= TIM1_CCER2_CC3NE;
      001153 AA 04            [ 1] 3217 	or	a, #0x04
      001155 C7 52 5D         [ 1] 3218 	ld	0x525d, a
      001158 20 05            [ 2] 3219 	jra	00116$
      00115A                       3220 00108$:
                                   3221 ;	../..//StdPeriph_Driver/STM8S_StdPeriph_Driver//src/stm8s_tim1.c: 1686: TIM1->CCER2 &= (uint8_t)(~TIM1_CCER2_CC3NE);
      00115A A4 FB            [ 1] 3222 	and	a, #0xfb
      00115C C7 52 5D         [ 1] 3223 	ld	0x525d, a
      00115F                       3224 00116$:
                                   3225 ;	../..//StdPeriph_Driver/STM8S_StdPeriph_Driver//src/stm8s_tim1.c: 1689: }
      00115F 84               [ 1] 3226 	pop	a
      001160 81               [ 4] 3227 	ret
                                   3228 ;	../..//StdPeriph_Driver/STM8S_StdPeriph_Driver//src/stm8s_tim1.c: 1712: void TIM1_SelectOCxM(TIM1_Channel_TypeDef TIM1_Channel, TIM1_OCMode_TypeDef TIM1_OCMode)
                                   3229 ;	-----------------------------------------
                                   3230 ;	 function TIM1_SelectOCxM
                                   3231 ;	-----------------------------------------
      001161                       3232 _TIM1_SelectOCxM:
      001161 89               [ 2] 3233 	pushw	x
                                   3234 ;	../..//StdPeriph_Driver/STM8S_StdPeriph_Driver//src/stm8s_tim1.c: 1715: assert_param(IS_TIM1_CHANNEL_OK(TIM1_Channel));
      001162 7B 05            [ 1] 3235 	ld	a, (0x05, sp)
      001164 4A               [ 1] 3236 	dec	a
      001165 26 05            [ 1] 3237 	jrne	00222$
      001167 A6 01            [ 1] 3238 	ld	a, #0x01
      001169 6B 01            [ 1] 3239 	ld	(0x01, sp), a
      00116B C5                    3240 	.byte 0xc5
      00116C                       3241 00222$:
      00116C 0F 01            [ 1] 3242 	clr	(0x01, sp)
      00116E                       3243 00223$:
      00116E 7B 05            [ 1] 3244 	ld	a, (0x05, sp)
      001170 A0 02            [ 1] 3245 	sub	a, #0x02
      001172 26 04            [ 1] 3246 	jrne	00225$
      001174 4C               [ 1] 3247 	inc	a
      001175 6B 02            [ 1] 3248 	ld	(0x02, sp), a
      001177 C5                    3249 	.byte 0xc5
      001178                       3250 00225$:
      001178 0F 02            [ 1] 3251 	clr	(0x02, sp)
      00117A                       3252 00226$:
      00117A 0D 05            [ 1] 3253 	tnz	(0x05, sp)
      00117C 27 1D            [ 1] 3254 	jreq	00113$
      00117E 0D 01            [ 1] 3255 	tnz	(0x01, sp)
      001180 26 19            [ 1] 3256 	jrne	00113$
      001182 0D 02            [ 1] 3257 	tnz	(0x02, sp)
      001184 26 15            [ 1] 3258 	jrne	00113$
      001186 7B 05            [ 1] 3259 	ld	a, (0x05, sp)
      001188 A1 03            [ 1] 3260 	cp	a, #0x03
      00118A 27 0F            [ 1] 3261 	jreq	00113$
      00118C 4B B3            [ 1] 3262 	push	#0xb3
      00118E 4B 06            [ 1] 3263 	push	#0x06
      001190 5F               [ 1] 3264 	clrw	x
      001191 89               [ 2] 3265 	pushw	x
      001192 4Br00            [ 1] 3266 	push	#<(___str_0+0)
      001194 4Bs00            [ 1] 3267 	push	#((___str_0+0) >> 8)
      001196 CDr00r00         [ 4] 3268 	call	_assert_failed
      001199 5B 06            [ 2] 3269 	addw	sp, #6
      00119B                       3270 00113$:
                                   3271 ;	../..//StdPeriph_Driver/STM8S_StdPeriph_Driver//src/stm8s_tim1.c: 1716: assert_param(IS_TIM1_OCM_OK(TIM1_OCMode));
      00119B 0D 06            [ 1] 3272 	tnz	(0x06, sp)
      00119D 27 39            [ 1] 3273 	jreq	00124$
      00119F 7B 06            [ 1] 3274 	ld	a, (0x06, sp)
      0011A1 A1 10            [ 1] 3275 	cp	a, #0x10
      0011A3 27 33            [ 1] 3276 	jreq	00124$
      0011A5 7B 06            [ 1] 3277 	ld	a, (0x06, sp)
      0011A7 A1 20            [ 1] 3278 	cp	a, #0x20
      0011A9 27 2D            [ 1] 3279 	jreq	00124$
      0011AB 7B 06            [ 1] 3280 	ld	a, (0x06, sp)
      0011AD A1 30            [ 1] 3281 	cp	a, #0x30
      0011AF 27 27            [ 1] 3282 	jreq	00124$
      0011B1 7B 06            [ 1] 3283 	ld	a, (0x06, sp)
      0011B3 A1 60            [ 1] 3284 	cp	a, #0x60
      0011B5 27 21            [ 1] 3285 	jreq	00124$
      0011B7 7B 06            [ 1] 3286 	ld	a, (0x06, sp)
      0011B9 A1 70            [ 1] 3287 	cp	a, #0x70
      0011BB 27 1B            [ 1] 3288 	jreq	00124$
      0011BD 7B 06            [ 1] 3289 	ld	a, (0x06, sp)
      0011BF A1 50            [ 1] 3290 	cp	a, #0x50
      0011C1 27 15            [ 1] 3291 	jreq	00124$
      0011C3 7B 06            [ 1] 3292 	ld	a, (0x06, sp)
      0011C5 A1 40            [ 1] 3293 	cp	a, #0x40
      0011C7 27 0F            [ 1] 3294 	jreq	00124$
      0011C9 4B B4            [ 1] 3295 	push	#0xb4
      0011CB 4B 06            [ 1] 3296 	push	#0x06
      0011CD 5F               [ 1] 3297 	clrw	x
      0011CE 89               [ 2] 3298 	pushw	x
      0011CF 4Br00            [ 1] 3299 	push	#<(___str_0+0)
      0011D1 4Bs00            [ 1] 3300 	push	#((___str_0+0) >> 8)
      0011D3 CDr00r00         [ 4] 3301 	call	_assert_failed
      0011D6 5B 06            [ 2] 3302 	addw	sp, #6
      0011D8                       3303 00124$:
                                   3304 ;	../..//StdPeriph_Driver/STM8S_StdPeriph_Driver//src/stm8s_tim1.c: 1718: if (TIM1_Channel == TIM1_CHANNEL_1)
      0011D8 0D 05            [ 1] 3305 	tnz	(0x05, sp)
      0011DA 26 10            [ 1] 3306 	jrne	00108$
                                   3307 ;	../..//StdPeriph_Driver/STM8S_StdPeriph_Driver//src/stm8s_tim1.c: 1721: TIM1->CCER1 &= (uint8_t)(~TIM1_CCER1_CC1E);
      0011DC 72 11 52 5C      [ 1] 3308 	bres	21084, #0
                                   3309 ;	../..//StdPeriph_Driver/STM8S_StdPeriph_Driver//src/stm8s_tim1.c: 1724: TIM1->CCMR1 = (uint8_t)((uint8_t)(TIM1->CCMR1 & (uint8_t)(~TIM1_CCMR_OCM)) 
      0011E0 C6 52 58         [ 1] 3310 	ld	a, 0x5258
      0011E3 A4 8F            [ 1] 3311 	and	a, #0x8f
                                   3312 ;	../..//StdPeriph_Driver/STM8S_StdPeriph_Driver//src/stm8s_tim1.c: 1725: | (uint8_t)TIM1_OCMode);
      0011E5 1A 06            [ 1] 3313 	or	a, (0x06, sp)
      0011E7 C7 52 58         [ 1] 3314 	ld	0x5258, a
      0011EA 20 3E            [ 2] 3315 	jra	00110$
      0011EC                       3316 00108$:
                                   3317 ;	../..//StdPeriph_Driver/STM8S_StdPeriph_Driver//src/stm8s_tim1.c: 1727: else if (TIM1_Channel == TIM1_CHANNEL_2)
      0011EC 7B 01            [ 1] 3318 	ld	a, (0x01, sp)
      0011EE 27 10            [ 1] 3319 	jreq	00105$
                                   3320 ;	../..//StdPeriph_Driver/STM8S_StdPeriph_Driver//src/stm8s_tim1.c: 1730: TIM1->CCER1 &= (uint8_t)(~TIM1_CCER1_CC2E);
      0011F0 72 19 52 5C      [ 1] 3321 	bres	21084, #4
                                   3322 ;	../..//StdPeriph_Driver/STM8S_StdPeriph_Driver//src/stm8s_tim1.c: 1733: TIM1->CCMR2 = (uint8_t)((uint8_t)(TIM1->CCMR2 & (uint8_t)(~TIM1_CCMR_OCM))
      0011F4 C6 52 59         [ 1] 3323 	ld	a, 0x5259
      0011F7 A4 8F            [ 1] 3324 	and	a, #0x8f
                                   3325 ;	../..//StdPeriph_Driver/STM8S_StdPeriph_Driver//src/stm8s_tim1.c: 1734: | (uint8_t)TIM1_OCMode);
      0011F9 1A 06            [ 1] 3326 	or	a, (0x06, sp)
      0011FB C7 52 59         [ 1] 3327 	ld	0x5259, a
      0011FE 20 2A            [ 2] 3328 	jra	00110$
      001200                       3329 00105$:
                                   3330 ;	../..//StdPeriph_Driver/STM8S_StdPeriph_Driver//src/stm8s_tim1.c: 1739: TIM1->CCER2 &= (uint8_t)(~TIM1_CCER2_CC3E);
      001200 C6 52 5D         [ 1] 3331 	ld	a, 0x525d
      001203 97               [ 1] 3332 	ld	xl, a
                                   3333 ;	../..//StdPeriph_Driver/STM8S_StdPeriph_Driver//src/stm8s_tim1.c: 1736: else if (TIM1_Channel == TIM1_CHANNEL_3)
      001204 7B 02            [ 1] 3334 	ld	a, (0x02, sp)
      001206 27 12            [ 1] 3335 	jreq	00102$
                                   3336 ;	../..//StdPeriph_Driver/STM8S_StdPeriph_Driver//src/stm8s_tim1.c: 1739: TIM1->CCER2 &= (uint8_t)(~TIM1_CCER2_CC3E);
      001208 9F               [ 1] 3337 	ld	a, xl
      001209 A4 FE            [ 1] 3338 	and	a, #0xfe
      00120B C7 52 5D         [ 1] 3339 	ld	0x525d, a
                                   3340 ;	../..//StdPeriph_Driver/STM8S_StdPeriph_Driver//src/stm8s_tim1.c: 1742: TIM1->CCMR3 = (uint8_t)((uint8_t)(TIM1->CCMR3 & (uint8_t)(~TIM1_CCMR_OCM)) 
      00120E C6 52 5A         [ 1] 3341 	ld	a, 0x525a
      001211 A4 8F            [ 1] 3342 	and	a, #0x8f
                                   3343 ;	../..//StdPeriph_Driver/STM8S_StdPeriph_Driver//src/stm8s_tim1.c: 1743: | (uint8_t)TIM1_OCMode);
      001213 1A 06            [ 1] 3344 	or	a, (0x06, sp)
      001215 C7 52 5A         [ 1] 3345 	ld	0x525a, a
      001218 20 10            [ 2] 3346 	jra	00110$
      00121A                       3347 00102$:
                                   3348 ;	../..//StdPeriph_Driver/STM8S_StdPeriph_Driver//src/stm8s_tim1.c: 1748: TIM1->CCER2 &= (uint8_t)(~TIM1_CCER2_CC4E);
      00121A 9F               [ 1] 3349 	ld	a, xl
      00121B A4 EF            [ 1] 3350 	and	a, #0xef
      00121D C7 52 5D         [ 1] 3351 	ld	0x525d, a
                                   3352 ;	../..//StdPeriph_Driver/STM8S_StdPeriph_Driver//src/stm8s_tim1.c: 1751: TIM1->CCMR4 = (uint8_t)((uint8_t)(TIM1->CCMR4 & (uint8_t)(~TIM1_CCMR_OCM)) 
      001220 C6 52 5B         [ 1] 3353 	ld	a, 0x525b
      001223 A4 8F            [ 1] 3354 	and	a, #0x8f
                                   3355 ;	../..//StdPeriph_Driver/STM8S_StdPeriph_Driver//src/stm8s_tim1.c: 1752: | (uint8_t)TIM1_OCMode);
      001225 1A 06            [ 1] 3356 	or	a, (0x06, sp)
      001227 C7 52 5B         [ 1] 3357 	ld	0x525b, a
      00122A                       3358 00110$:
                                   3359 ;	../..//StdPeriph_Driver/STM8S_StdPeriph_Driver//src/stm8s_tim1.c: 1754: }
      00122A 85               [ 2] 3360 	popw	x
      00122B 81               [ 4] 3361 	ret
                                   3362 ;	../..//StdPeriph_Driver/STM8S_StdPeriph_Driver//src/stm8s_tim1.c: 1762: void TIM1_SetCounter(uint16_t Counter)
                                   3363 ;	-----------------------------------------
                                   3364 ;	 function TIM1_SetCounter
                                   3365 ;	-----------------------------------------
      00122C                       3366 _TIM1_SetCounter:
                                   3367 ;	../..//StdPeriph_Driver/STM8S_StdPeriph_Driver//src/stm8s_tim1.c: 1765: TIM1->CNTRH = (uint8_t)(Counter >> 8);
      00122C 7B 03            [ 1] 3368 	ld	a, (0x03, sp)
      00122E C7 52 5E         [ 1] 3369 	ld	0x525e, a
                                   3370 ;	../..//StdPeriph_Driver/STM8S_StdPeriph_Driver//src/stm8s_tim1.c: 1766: TIM1->CNTRL = (uint8_t)(Counter);
      001231 7B 04            [ 1] 3371 	ld	a, (0x04, sp)
      001233 C7 52 5F         [ 1] 3372 	ld	0x525f, a
                                   3373 ;	../..//StdPeriph_Driver/STM8S_StdPeriph_Driver//src/stm8s_tim1.c: 1767: }
      001236 81               [ 4] 3374 	ret
                                   3375 ;	../..//StdPeriph_Driver/STM8S_StdPeriph_Driver//src/stm8s_tim1.c: 1775: void TIM1_SetAutoreload(uint16_t Autoreload)
                                   3376 ;	-----------------------------------------
                                   3377 ;	 function TIM1_SetAutoreload
                                   3378 ;	-----------------------------------------
      001237                       3379 _TIM1_SetAutoreload:
                                   3380 ;	../..//StdPeriph_Driver/STM8S_StdPeriph_Driver//src/stm8s_tim1.c: 1778: TIM1->ARRH = (uint8_t)(Autoreload >> 8);
      001237 7B 03            [ 1] 3381 	ld	a, (0x03, sp)
      001239 C7 52 62         [ 1] 3382 	ld	0x5262, a
                                   3383 ;	../..//StdPeriph_Driver/STM8S_StdPeriph_Driver//src/stm8s_tim1.c: 1779: TIM1->ARRL = (uint8_t)(Autoreload);
      00123C 7B 04            [ 1] 3384 	ld	a, (0x04, sp)
      00123E C7 52 63         [ 1] 3385 	ld	0x5263, a
                                   3386 ;	../..//StdPeriph_Driver/STM8S_StdPeriph_Driver//src/stm8s_tim1.c: 1780: }
      001241 81               [ 4] 3387 	ret
                                   3388 ;	../..//StdPeriph_Driver/STM8S_StdPeriph_Driver//src/stm8s_tim1.c: 1788: void TIM1_SetCompare1(uint16_t Compare1)
                                   3389 ;	-----------------------------------------
                                   3390 ;	 function TIM1_SetCompare1
                                   3391 ;	-----------------------------------------
      001242                       3392 _TIM1_SetCompare1:
                                   3393 ;	../..//StdPeriph_Driver/STM8S_StdPeriph_Driver//src/stm8s_tim1.c: 1791: TIM1->CCR1H = (uint8_t)(Compare1 >> 8);
      001242 7B 03            [ 1] 3394 	ld	a, (0x03, sp)
      001244 C7 52 65         [ 1] 3395 	ld	0x5265, a
                                   3396 ;	../..//StdPeriph_Driver/STM8S_StdPeriph_Driver//src/stm8s_tim1.c: 1792: TIM1->CCR1L = (uint8_t)(Compare1);
      001247 7B 04            [ 1] 3397 	ld	a, (0x04, sp)
      001249 C7 52 66         [ 1] 3398 	ld	0x5266, a
                                   3399 ;	../..//StdPeriph_Driver/STM8S_StdPeriph_Driver//src/stm8s_tim1.c: 1793: }
      00124C 81               [ 4] 3400 	ret
                                   3401 ;	../..//StdPeriph_Driver/STM8S_StdPeriph_Driver//src/stm8s_tim1.c: 1801: void TIM1_SetCompare2(uint16_t Compare2)
                                   3402 ;	-----------------------------------------
                                   3403 ;	 function TIM1_SetCompare2
                                   3404 ;	-----------------------------------------
      00124D                       3405 _TIM1_SetCompare2:
                                   3406 ;	../..//StdPeriph_Driver/STM8S_StdPeriph_Driver//src/stm8s_tim1.c: 1804: TIM1->CCR2H = (uint8_t)(Compare2 >> 8);
      00124D 7B 03            [ 1] 3407 	ld	a, (0x03, sp)
      00124F C7 52 67         [ 1] 3408 	ld	0x5267, a
                                   3409 ;	../..//StdPeriph_Driver/STM8S_StdPeriph_Driver//src/stm8s_tim1.c: 1805: TIM1->CCR2L = (uint8_t)(Compare2);
      001252 7B 04            [ 1] 3410 	ld	a, (0x04, sp)
      001254 C7 52 68         [ 1] 3411 	ld	0x5268, a
                                   3412 ;	../..//StdPeriph_Driver/STM8S_StdPeriph_Driver//src/stm8s_tim1.c: 1806: }
      001257 81               [ 4] 3413 	ret
                                   3414 ;	../..//StdPeriph_Driver/STM8S_StdPeriph_Driver//src/stm8s_tim1.c: 1814: void TIM1_SetCompare3(uint16_t Compare3)
                                   3415 ;	-----------------------------------------
                                   3416 ;	 function TIM1_SetCompare3
                                   3417 ;	-----------------------------------------
      001258                       3418 _TIM1_SetCompare3:
                                   3419 ;	../..//StdPeriph_Driver/STM8S_StdPeriph_Driver//src/stm8s_tim1.c: 1817: TIM1->CCR3H = (uint8_t)(Compare3 >> 8);
      001258 7B 03            [ 1] 3420 	ld	a, (0x03, sp)
      00125A C7 52 69         [ 1] 3421 	ld	0x5269, a
                                   3422 ;	../..//StdPeriph_Driver/STM8S_StdPeriph_Driver//src/stm8s_tim1.c: 1818: TIM1->CCR3L = (uint8_t)(Compare3);
      00125D 7B 04            [ 1] 3423 	ld	a, (0x04, sp)
      00125F C7 52 6A         [ 1] 3424 	ld	0x526a, a
                                   3425 ;	../..//StdPeriph_Driver/STM8S_StdPeriph_Driver//src/stm8s_tim1.c: 1819: }
      001262 81               [ 4] 3426 	ret
                                   3427 ;	../..//StdPeriph_Driver/STM8S_StdPeriph_Driver//src/stm8s_tim1.c: 1827: void TIM1_SetCompare4(uint16_t Compare4)
                                   3428 ;	-----------------------------------------
                                   3429 ;	 function TIM1_SetCompare4
                                   3430 ;	-----------------------------------------
      001263                       3431 _TIM1_SetCompare4:
                                   3432 ;	../..//StdPeriph_Driver/STM8S_StdPeriph_Driver//src/stm8s_tim1.c: 1830: TIM1->CCR4H = (uint8_t)(Compare4 >> 8);
      001263 7B 03            [ 1] 3433 	ld	a, (0x03, sp)
      001265 C7 52 6B         [ 1] 3434 	ld	0x526b, a
                                   3435 ;	../..//StdPeriph_Driver/STM8S_StdPeriph_Driver//src/stm8s_tim1.c: 1831: TIM1->CCR4L = (uint8_t)(Compare4);
      001268 7B 04            [ 1] 3436 	ld	a, (0x04, sp)
      00126A C7 52 6C         [ 1] 3437 	ld	0x526c, a
                                   3438 ;	../..//StdPeriph_Driver/STM8S_StdPeriph_Driver//src/stm8s_tim1.c: 1832: }
      00126D 81               [ 4] 3439 	ret
                                   3440 ;	../..//StdPeriph_Driver/STM8S_StdPeriph_Driver//src/stm8s_tim1.c: 1844: void TIM1_SetIC1Prescaler(TIM1_ICPSC_TypeDef TIM1_IC1Prescaler)
                                   3441 ;	-----------------------------------------
                                   3442 ;	 function TIM1_SetIC1Prescaler
                                   3443 ;	-----------------------------------------
      00126E                       3444 _TIM1_SetIC1Prescaler:
                                   3445 ;	../..//StdPeriph_Driver/STM8S_StdPeriph_Driver//src/stm8s_tim1.c: 1847: assert_param(IS_TIM1_IC_PRESCALER_OK(TIM1_IC1Prescaler));
      00126E 0D 03            [ 1] 3446 	tnz	(0x03, sp)
      001270 27 21            [ 1] 3447 	jreq	00104$
      001272 7B 03            [ 1] 3448 	ld	a, (0x03, sp)
      001274 A1 04            [ 1] 3449 	cp	a, #0x04
      001276 27 1B            [ 1] 3450 	jreq	00104$
      001278 7B 03            [ 1] 3451 	ld	a, (0x03, sp)
      00127A A1 08            [ 1] 3452 	cp	a, #0x08
      00127C 27 15            [ 1] 3453 	jreq	00104$
      00127E 7B 03            [ 1] 3454 	ld	a, (0x03, sp)
      001280 A1 0C            [ 1] 3455 	cp	a, #0x0c
      001282 27 0F            [ 1] 3456 	jreq	00104$
      001284 4B 37            [ 1] 3457 	push	#0x37
      001286 4B 07            [ 1] 3458 	push	#0x07
      001288 5F               [ 1] 3459 	clrw	x
      001289 89               [ 2] 3460 	pushw	x
      00128A 4Br00            [ 1] 3461 	push	#<(___str_0+0)
      00128C 4Bs00            [ 1] 3462 	push	#((___str_0+0) >> 8)
      00128E CDr00r00         [ 4] 3463 	call	_assert_failed
      001291 5B 06            [ 2] 3464 	addw	sp, #6
      001293                       3465 00104$:
                                   3466 ;	../..//StdPeriph_Driver/STM8S_StdPeriph_Driver//src/stm8s_tim1.c: 1850: TIM1->CCMR1 = (uint8_t)((uint8_t)(TIM1->CCMR1 & (uint8_t)(~TIM1_CCMR_ICxPSC)) 
      001293 C6 52 58         [ 1] 3467 	ld	a, 0x5258
      001296 A4 F3            [ 1] 3468 	and	a, #0xf3
                                   3469 ;	../..//StdPeriph_Driver/STM8S_StdPeriph_Driver//src/stm8s_tim1.c: 1851: | (uint8_t)TIM1_IC1Prescaler);
      001298 1A 03            [ 1] 3470 	or	a, (0x03, sp)
      00129A C7 52 58         [ 1] 3471 	ld	0x5258, a
                                   3472 ;	../..//StdPeriph_Driver/STM8S_StdPeriph_Driver//src/stm8s_tim1.c: 1852: }
      00129D 81               [ 4] 3473 	ret
                                   3474 ;	../..//StdPeriph_Driver/STM8S_StdPeriph_Driver//src/stm8s_tim1.c: 1864: void TIM1_SetIC2Prescaler(TIM1_ICPSC_TypeDef TIM1_IC2Prescaler)
                                   3475 ;	-----------------------------------------
                                   3476 ;	 function TIM1_SetIC2Prescaler
                                   3477 ;	-----------------------------------------
      00129E                       3478 _TIM1_SetIC2Prescaler:
                                   3479 ;	../..//StdPeriph_Driver/STM8S_StdPeriph_Driver//src/stm8s_tim1.c: 1868: assert_param(IS_TIM1_IC_PRESCALER_OK(TIM1_IC2Prescaler));
      00129E 0D 03            [ 1] 3480 	tnz	(0x03, sp)
      0012A0 27 21            [ 1] 3481 	jreq	00104$
      0012A2 7B 03            [ 1] 3482 	ld	a, (0x03, sp)
      0012A4 A1 04            [ 1] 3483 	cp	a, #0x04
      0012A6 27 1B            [ 1] 3484 	jreq	00104$
      0012A8 7B 03            [ 1] 3485 	ld	a, (0x03, sp)
      0012AA A1 08            [ 1] 3486 	cp	a, #0x08
      0012AC 27 15            [ 1] 3487 	jreq	00104$
      0012AE 7B 03            [ 1] 3488 	ld	a, (0x03, sp)
      0012B0 A1 0C            [ 1] 3489 	cp	a, #0x0c
      0012B2 27 0F            [ 1] 3490 	jreq	00104$
      0012B4 4B 4C            [ 1] 3491 	push	#0x4c
      0012B6 4B 07            [ 1] 3492 	push	#0x07
      0012B8 5F               [ 1] 3493 	clrw	x
      0012B9 89               [ 2] 3494 	pushw	x
      0012BA 4Br00            [ 1] 3495 	push	#<(___str_0+0)
      0012BC 4Bs00            [ 1] 3496 	push	#((___str_0+0) >> 8)
      0012BE CDr00r00         [ 4] 3497 	call	_assert_failed
      0012C1 5B 06            [ 2] 3498 	addw	sp, #6
      0012C3                       3499 00104$:
                                   3500 ;	../..//StdPeriph_Driver/STM8S_StdPeriph_Driver//src/stm8s_tim1.c: 1871: TIM1->CCMR2 = (uint8_t)((uint8_t)(TIM1->CCMR2 & (uint8_t)(~TIM1_CCMR_ICxPSC))
      0012C3 C6 52 59         [ 1] 3501 	ld	a, 0x5259
      0012C6 A4 F3            [ 1] 3502 	and	a, #0xf3
                                   3503 ;	../..//StdPeriph_Driver/STM8S_StdPeriph_Driver//src/stm8s_tim1.c: 1872: | (uint8_t)TIM1_IC2Prescaler);
      0012C8 1A 03            [ 1] 3504 	or	a, (0x03, sp)
      0012CA C7 52 59         [ 1] 3505 	ld	0x5259, a
                                   3506 ;	../..//StdPeriph_Driver/STM8S_StdPeriph_Driver//src/stm8s_tim1.c: 1873: }
      0012CD 81               [ 4] 3507 	ret
                                   3508 ;	../..//StdPeriph_Driver/STM8S_StdPeriph_Driver//src/stm8s_tim1.c: 1885: void TIM1_SetIC3Prescaler(TIM1_ICPSC_TypeDef TIM1_IC3Prescaler)
                                   3509 ;	-----------------------------------------
                                   3510 ;	 function TIM1_SetIC3Prescaler
                                   3511 ;	-----------------------------------------
      0012CE                       3512 _TIM1_SetIC3Prescaler:
                                   3513 ;	../..//StdPeriph_Driver/STM8S_StdPeriph_Driver//src/stm8s_tim1.c: 1889: assert_param(IS_TIM1_IC_PRESCALER_OK(TIM1_IC3Prescaler));
      0012CE 0D 03            [ 1] 3514 	tnz	(0x03, sp)
      0012D0 27 21            [ 1] 3515 	jreq	00104$
      0012D2 7B 03            [ 1] 3516 	ld	a, (0x03, sp)
      0012D4 A1 04            [ 1] 3517 	cp	a, #0x04
      0012D6 27 1B            [ 1] 3518 	jreq	00104$
      0012D8 7B 03            [ 1] 3519 	ld	a, (0x03, sp)
      0012DA A1 08            [ 1] 3520 	cp	a, #0x08
      0012DC 27 15            [ 1] 3521 	jreq	00104$
      0012DE 7B 03            [ 1] 3522 	ld	a, (0x03, sp)
      0012E0 A1 0C            [ 1] 3523 	cp	a, #0x0c
      0012E2 27 0F            [ 1] 3524 	jreq	00104$
      0012E4 4B 61            [ 1] 3525 	push	#0x61
      0012E6 4B 07            [ 1] 3526 	push	#0x07
      0012E8 5F               [ 1] 3527 	clrw	x
      0012E9 89               [ 2] 3528 	pushw	x
      0012EA 4Br00            [ 1] 3529 	push	#<(___str_0+0)
      0012EC 4Bs00            [ 1] 3530 	push	#((___str_0+0) >> 8)
      0012EE CDr00r00         [ 4] 3531 	call	_assert_failed
      0012F1 5B 06            [ 2] 3532 	addw	sp, #6
      0012F3                       3533 00104$:
                                   3534 ;	../..//StdPeriph_Driver/STM8S_StdPeriph_Driver//src/stm8s_tim1.c: 1892: TIM1->CCMR3 = (uint8_t)((uint8_t)(TIM1->CCMR3 & (uint8_t)(~TIM1_CCMR_ICxPSC)) | 
      0012F3 C6 52 5A         [ 1] 3535 	ld	a, 0x525a
      0012F6 A4 F3            [ 1] 3536 	and	a, #0xf3
                                   3537 ;	../..//StdPeriph_Driver/STM8S_StdPeriph_Driver//src/stm8s_tim1.c: 1893: (uint8_t)TIM1_IC3Prescaler);
      0012F8 1A 03            [ 1] 3538 	or	a, (0x03, sp)
      0012FA C7 52 5A         [ 1] 3539 	ld	0x525a, a
                                   3540 ;	../..//StdPeriph_Driver/STM8S_StdPeriph_Driver//src/stm8s_tim1.c: 1894: }
      0012FD 81               [ 4] 3541 	ret
                                   3542 ;	../..//StdPeriph_Driver/STM8S_StdPeriph_Driver//src/stm8s_tim1.c: 1906: void TIM1_SetIC4Prescaler(TIM1_ICPSC_TypeDef TIM1_IC4Prescaler)
                                   3543 ;	-----------------------------------------
                                   3544 ;	 function TIM1_SetIC4Prescaler
                                   3545 ;	-----------------------------------------
      0012FE                       3546 _TIM1_SetIC4Prescaler:
                                   3547 ;	../..//StdPeriph_Driver/STM8S_StdPeriph_Driver//src/stm8s_tim1.c: 1910: assert_param(IS_TIM1_IC_PRESCALER_OK(TIM1_IC4Prescaler));
      0012FE 0D 03            [ 1] 3548 	tnz	(0x03, sp)
      001300 27 21            [ 1] 3549 	jreq	00104$
      001302 7B 03            [ 1] 3550 	ld	a, (0x03, sp)
      001304 A1 04            [ 1] 3551 	cp	a, #0x04
      001306 27 1B            [ 1] 3552 	jreq	00104$
      001308 7B 03            [ 1] 3553 	ld	a, (0x03, sp)
      00130A A1 08            [ 1] 3554 	cp	a, #0x08
      00130C 27 15            [ 1] 3555 	jreq	00104$
      00130E 7B 03            [ 1] 3556 	ld	a, (0x03, sp)
      001310 A1 0C            [ 1] 3557 	cp	a, #0x0c
      001312 27 0F            [ 1] 3558 	jreq	00104$
      001314 4B 76            [ 1] 3559 	push	#0x76
      001316 4B 07            [ 1] 3560 	push	#0x07
      001318 5F               [ 1] 3561 	clrw	x
      001319 89               [ 2] 3562 	pushw	x
      00131A 4Br00            [ 1] 3563 	push	#<(___str_0+0)
      00131C 4Bs00            [ 1] 3564 	push	#((___str_0+0) >> 8)
      00131E CDr00r00         [ 4] 3565 	call	_assert_failed
      001321 5B 06            [ 2] 3566 	addw	sp, #6
      001323                       3567 00104$:
                                   3568 ;	../..//StdPeriph_Driver/STM8S_StdPeriph_Driver//src/stm8s_tim1.c: 1913: TIM1->CCMR4 = (uint8_t)((uint8_t)(TIM1->CCMR4 & (uint8_t)(~TIM1_CCMR_ICxPSC)) |
      001323 C6 52 5B         [ 1] 3569 	ld	a, 0x525b
      001326 A4 F3            [ 1] 3570 	and	a, #0xf3
                                   3571 ;	../..//StdPeriph_Driver/STM8S_StdPeriph_Driver//src/stm8s_tim1.c: 1914: (uint8_t)TIM1_IC4Prescaler);
      001328 1A 03            [ 1] 3572 	or	a, (0x03, sp)
      00132A C7 52 5B         [ 1] 3573 	ld	0x525b, a
                                   3574 ;	../..//StdPeriph_Driver/STM8S_StdPeriph_Driver//src/stm8s_tim1.c: 1915: }
      00132D 81               [ 4] 3575 	ret
                                   3576 ;	../..//StdPeriph_Driver/STM8S_StdPeriph_Driver//src/stm8s_tim1.c: 1922: uint16_t TIM1_GetCapture1(void)
                                   3577 ;	-----------------------------------------
                                   3578 ;	 function TIM1_GetCapture1
                                   3579 ;	-----------------------------------------
      00132E                       3580 _TIM1_GetCapture1:
      00132E 89               [ 2] 3581 	pushw	x
                                   3582 ;	../..//StdPeriph_Driver/STM8S_StdPeriph_Driver//src/stm8s_tim1.c: 1929: tmpccr1h = TIM1->CCR1H;
      00132F C6 52 65         [ 1] 3583 	ld	a, 0x5265
      001332 95               [ 1] 3584 	ld	xh, a
                                   3585 ;	../..//StdPeriph_Driver/STM8S_StdPeriph_Driver//src/stm8s_tim1.c: 1930: tmpccr1l = TIM1->CCR1L;
      001333 C6 52 66         [ 1] 3586 	ld	a, 0x5266
                                   3587 ;	../..//StdPeriph_Driver/STM8S_StdPeriph_Driver//src/stm8s_tim1.c: 1932: tmpccr1 = (uint16_t)(tmpccr1l);
      001336 97               [ 1] 3588 	ld	xl, a
      001337 4F               [ 1] 3589 	clr	a
                                   3590 ;	../..//StdPeriph_Driver/STM8S_StdPeriph_Driver//src/stm8s_tim1.c: 1933: tmpccr1 |= (uint16_t)((uint16_t)tmpccr1h << 8);
      001338 0F 02            [ 1] 3591 	clr	(0x02, sp)
      00133A 89               [ 2] 3592 	pushw	x
      00133B 1A 01            [ 1] 3593 	or	a, (1, sp)
      00133D 85               [ 2] 3594 	popw	x
      00133E 01               [ 1] 3595 	rrwa	x
      00133F 1A 02            [ 1] 3596 	or	a, (0x02, sp)
      001341 97               [ 1] 3597 	ld	xl, a
                                   3598 ;	../..//StdPeriph_Driver/STM8S_StdPeriph_Driver//src/stm8s_tim1.c: 1935: return (uint16_t)tmpccr1;
                                   3599 ;	../..//StdPeriph_Driver/STM8S_StdPeriph_Driver//src/stm8s_tim1.c: 1936: }
      001342 5B 02            [ 2] 3600 	addw	sp, #2
      001344 81               [ 4] 3601 	ret
                                   3602 ;	../..//StdPeriph_Driver/STM8S_StdPeriph_Driver//src/stm8s_tim1.c: 1943: uint16_t TIM1_GetCapture2(void)
                                   3603 ;	-----------------------------------------
                                   3604 ;	 function TIM1_GetCapture2
                                   3605 ;	-----------------------------------------
      001345                       3606 _TIM1_GetCapture2:
      001345 89               [ 2] 3607 	pushw	x
                                   3608 ;	../..//StdPeriph_Driver/STM8S_StdPeriph_Driver//src/stm8s_tim1.c: 1950: tmpccr2h = TIM1->CCR2H;
      001346 C6 52 67         [ 1] 3609 	ld	a, 0x5267
      001349 95               [ 1] 3610 	ld	xh, a
                                   3611 ;	../..//StdPeriph_Driver/STM8S_StdPeriph_Driver//src/stm8s_tim1.c: 1951: tmpccr2l = TIM1->CCR2L;
      00134A C6 52 68         [ 1] 3612 	ld	a, 0x5268
                                   3613 ;	../..//StdPeriph_Driver/STM8S_StdPeriph_Driver//src/stm8s_tim1.c: 1953: tmpccr2 = (uint16_t)(tmpccr2l);
      00134D 97               [ 1] 3614 	ld	xl, a
      00134E 4F               [ 1] 3615 	clr	a
                                   3616 ;	../..//StdPeriph_Driver/STM8S_StdPeriph_Driver//src/stm8s_tim1.c: 1954: tmpccr2 |= (uint16_t)((uint16_t)tmpccr2h << 8);
      00134F 0F 02            [ 1] 3617 	clr	(0x02, sp)
      001351 89               [ 2] 3618 	pushw	x
      001352 1A 01            [ 1] 3619 	or	a, (1, sp)
      001354 85               [ 2] 3620 	popw	x
      001355 01               [ 1] 3621 	rrwa	x
      001356 1A 02            [ 1] 3622 	or	a, (0x02, sp)
      001358 97               [ 1] 3623 	ld	xl, a
                                   3624 ;	../..//StdPeriph_Driver/STM8S_StdPeriph_Driver//src/stm8s_tim1.c: 1956: return (uint16_t)tmpccr2;
                                   3625 ;	../..//StdPeriph_Driver/STM8S_StdPeriph_Driver//src/stm8s_tim1.c: 1957: }
      001359 5B 02            [ 2] 3626 	addw	sp, #2
      00135B 81               [ 4] 3627 	ret
                                   3628 ;	../..//StdPeriph_Driver/STM8S_StdPeriph_Driver//src/stm8s_tim1.c: 1964: uint16_t TIM1_GetCapture3(void)
                                   3629 ;	-----------------------------------------
                                   3630 ;	 function TIM1_GetCapture3
                                   3631 ;	-----------------------------------------
      00135C                       3632 _TIM1_GetCapture3:
      00135C 89               [ 2] 3633 	pushw	x
                                   3634 ;	../..//StdPeriph_Driver/STM8S_StdPeriph_Driver//src/stm8s_tim1.c: 1970: tmpccr3h = TIM1->CCR3H;
      00135D C6 52 69         [ 1] 3635 	ld	a, 0x5269
      001360 95               [ 1] 3636 	ld	xh, a
                                   3637 ;	../..//StdPeriph_Driver/STM8S_StdPeriph_Driver//src/stm8s_tim1.c: 1971: tmpccr3l = TIM1->CCR3L;
      001361 C6 52 6A         [ 1] 3638 	ld	a, 0x526a
                                   3639 ;	../..//StdPeriph_Driver/STM8S_StdPeriph_Driver//src/stm8s_tim1.c: 1973: tmpccr3 = (uint16_t)(tmpccr3l);
      001364 97               [ 1] 3640 	ld	xl, a
      001365 4F               [ 1] 3641 	clr	a
                                   3642 ;	../..//StdPeriph_Driver/STM8S_StdPeriph_Driver//src/stm8s_tim1.c: 1974: tmpccr3 |= (uint16_t)((uint16_t)tmpccr3h << 8);
      001366 0F 02            [ 1] 3643 	clr	(0x02, sp)
      001368 89               [ 2] 3644 	pushw	x
      001369 1A 01            [ 1] 3645 	or	a, (1, sp)
      00136B 85               [ 2] 3646 	popw	x
      00136C 01               [ 1] 3647 	rrwa	x
      00136D 1A 02            [ 1] 3648 	or	a, (0x02, sp)
      00136F 97               [ 1] 3649 	ld	xl, a
                                   3650 ;	../..//StdPeriph_Driver/STM8S_StdPeriph_Driver//src/stm8s_tim1.c: 1976: return (uint16_t)tmpccr3;
                                   3651 ;	../..//StdPeriph_Driver/STM8S_StdPeriph_Driver//src/stm8s_tim1.c: 1977: }
      001370 5B 02            [ 2] 3652 	addw	sp, #2
      001372 81               [ 4] 3653 	ret
                                   3654 ;	../..//StdPeriph_Driver/STM8S_StdPeriph_Driver//src/stm8s_tim1.c: 1984: uint16_t TIM1_GetCapture4(void)
                                   3655 ;	-----------------------------------------
                                   3656 ;	 function TIM1_GetCapture4
                                   3657 ;	-----------------------------------------
      001373                       3658 _TIM1_GetCapture4:
      001373 89               [ 2] 3659 	pushw	x
                                   3660 ;	../..//StdPeriph_Driver/STM8S_StdPeriph_Driver//src/stm8s_tim1.c: 1990: tmpccr4h = TIM1->CCR4H;
      001374 C6 52 6B         [ 1] 3661 	ld	a, 0x526b
      001377 95               [ 1] 3662 	ld	xh, a
                                   3663 ;	../..//StdPeriph_Driver/STM8S_StdPeriph_Driver//src/stm8s_tim1.c: 1991: tmpccr4l = TIM1->CCR4L;
      001378 C6 52 6C         [ 1] 3664 	ld	a, 0x526c
                                   3665 ;	../..//StdPeriph_Driver/STM8S_StdPeriph_Driver//src/stm8s_tim1.c: 1993: tmpccr4 = (uint16_t)(tmpccr4l);
      00137B 97               [ 1] 3666 	ld	xl, a
      00137C 4F               [ 1] 3667 	clr	a
                                   3668 ;	../..//StdPeriph_Driver/STM8S_StdPeriph_Driver//src/stm8s_tim1.c: 1994: tmpccr4 |= (uint16_t)((uint16_t)tmpccr4h << 8);
      00137D 0F 02            [ 1] 3669 	clr	(0x02, sp)
      00137F 89               [ 2] 3670 	pushw	x
      001380 1A 01            [ 1] 3671 	or	a, (1, sp)
      001382 85               [ 2] 3672 	popw	x
      001383 01               [ 1] 3673 	rrwa	x
      001384 1A 02            [ 1] 3674 	or	a, (0x02, sp)
      001386 97               [ 1] 3675 	ld	xl, a
                                   3676 ;	../..//StdPeriph_Driver/STM8S_StdPeriph_Driver//src/stm8s_tim1.c: 1996: return (uint16_t)tmpccr4;
                                   3677 ;	../..//StdPeriph_Driver/STM8S_StdPeriph_Driver//src/stm8s_tim1.c: 1997: }
      001387 5B 02            [ 2] 3678 	addw	sp, #2
      001389 81               [ 4] 3679 	ret
                                   3680 ;	../..//StdPeriph_Driver/STM8S_StdPeriph_Driver//src/stm8s_tim1.c: 2004: uint16_t TIM1_GetCounter(void)
                                   3681 ;	-----------------------------------------
                                   3682 ;	 function TIM1_GetCounter
                                   3683 ;	-----------------------------------------
      00138A                       3684 _TIM1_GetCounter:
      00138A 52 04            [ 2] 3685 	sub	sp, #4
                                   3686 ;	../..//StdPeriph_Driver/STM8S_StdPeriph_Driver//src/stm8s_tim1.c: 2008: tmpcntr = ((uint16_t)TIM1->CNTRH << 8);
      00138C C6 52 5E         [ 1] 3687 	ld	a, 0x525e
      00138F 5F               [ 1] 3688 	clrw	x
      001390 95               [ 1] 3689 	ld	xh, a
      001391 4F               [ 1] 3690 	clr	a
      001392 6B 02            [ 1] 3691 	ld	(0x02, sp), a
                                   3692 ;	../..//StdPeriph_Driver/STM8S_StdPeriph_Driver//src/stm8s_tim1.c: 2011: return (uint16_t)(tmpcntr | (uint16_t)(TIM1->CNTRL));
      001394 C6 52 5F         [ 1] 3693 	ld	a, 0x525f
      001397 0F 03            [ 1] 3694 	clr	(0x03, sp)
      001399 1A 02            [ 1] 3695 	or	a, (0x02, sp)
      00139B 02               [ 1] 3696 	rlwa	x
      00139C 1A 03            [ 1] 3697 	or	a, (0x03, sp)
      00139E 95               [ 1] 3698 	ld	xh, a
                                   3699 ;	../..//StdPeriph_Driver/STM8S_StdPeriph_Driver//src/stm8s_tim1.c: 2012: }
      00139F 5B 04            [ 2] 3700 	addw	sp, #4
      0013A1 81               [ 4] 3701 	ret
                                   3702 ;	../..//StdPeriph_Driver/STM8S_StdPeriph_Driver//src/stm8s_tim1.c: 2019: uint16_t TIM1_GetPrescaler(void)
                                   3703 ;	-----------------------------------------
                                   3704 ;	 function TIM1_GetPrescaler
                                   3705 ;	-----------------------------------------
      0013A2                       3706 _TIM1_GetPrescaler:
      0013A2 52 04            [ 2] 3707 	sub	sp, #4
                                   3708 ;	../..//StdPeriph_Driver/STM8S_StdPeriph_Driver//src/stm8s_tim1.c: 2023: temp = ((uint16_t)TIM1->PSCRH << 8);
      0013A4 C6 52 60         [ 1] 3709 	ld	a, 0x5260
      0013A7 5F               [ 1] 3710 	clrw	x
      0013A8 95               [ 1] 3711 	ld	xh, a
      0013A9 4F               [ 1] 3712 	clr	a
      0013AA 6B 02            [ 1] 3713 	ld	(0x02, sp), a
                                   3714 ;	../..//StdPeriph_Driver/STM8S_StdPeriph_Driver//src/stm8s_tim1.c: 2026: return (uint16_t)( temp | (uint16_t)(TIM1->PSCRL));
      0013AC C6 52 61         [ 1] 3715 	ld	a, 0x5261
      0013AF 0F 03            [ 1] 3716 	clr	(0x03, sp)
      0013B1 1A 02            [ 1] 3717 	or	a, (0x02, sp)
      0013B3 02               [ 1] 3718 	rlwa	x
      0013B4 1A 03            [ 1] 3719 	or	a, (0x03, sp)
      0013B6 95               [ 1] 3720 	ld	xh, a
                                   3721 ;	../..//StdPeriph_Driver/STM8S_StdPeriph_Driver//src/stm8s_tim1.c: 2027: }
      0013B7 5B 04            [ 2] 3722 	addw	sp, #4
      0013B9 81               [ 4] 3723 	ret
                                   3724 ;	../..//StdPeriph_Driver/STM8S_StdPeriph_Driver//src/stm8s_tim1.c: 2047: FlagStatus TIM1_GetFlagStatus(TIM1_FLAG_TypeDef TIM1_FLAG)
                                   3725 ;	-----------------------------------------
                                   3726 ;	 function TIM1_GetFlagStatus
                                   3727 ;	-----------------------------------------
      0013BA                       3728 _TIM1_GetFlagStatus:
      0013BA 88               [ 1] 3729 	push	a
                                   3730 ;	../..//StdPeriph_Driver/STM8S_StdPeriph_Driver//src/stm8s_tim1.c: 2053: assert_param(IS_TIM1_GET_FLAG_OK(TIM1_FLAG));
      0013BB 1E 04            [ 2] 3731 	ldw	x, (0x04, sp)
      0013BD A3 00 01         [ 2] 3732 	cpw	x, #0x0001
      0013C0 27 4A            [ 1] 3733 	jreq	00107$
      0013C2 A3 00 02         [ 2] 3734 	cpw	x, #0x0002
      0013C5 27 45            [ 1] 3735 	jreq	00107$
      0013C7 A3 00 04         [ 2] 3736 	cpw	x, #0x0004
      0013CA 27 40            [ 1] 3737 	jreq	00107$
      0013CC A3 00 08         [ 2] 3738 	cpw	x, #0x0008
      0013CF 27 3B            [ 1] 3739 	jreq	00107$
      0013D1 A3 00 10         [ 2] 3740 	cpw	x, #0x0010
      0013D4 27 36            [ 1] 3741 	jreq	00107$
      0013D6 A3 00 20         [ 2] 3742 	cpw	x, #0x0020
      0013D9 27 31            [ 1] 3743 	jreq	00107$
      0013DB A3 00 40         [ 2] 3744 	cpw	x, #0x0040
      0013DE 27 2C            [ 1] 3745 	jreq	00107$
      0013E0 A3 00 80         [ 2] 3746 	cpw	x, #0x0080
      0013E3 27 27            [ 1] 3747 	jreq	00107$
      0013E5 A3 02 00         [ 2] 3748 	cpw	x, #0x0200
      0013E8 27 22            [ 1] 3749 	jreq	00107$
      0013EA A3 04 00         [ 2] 3750 	cpw	x, #0x0400
      0013ED 27 1D            [ 1] 3751 	jreq	00107$
      0013EF A3 08 00         [ 2] 3752 	cpw	x, #0x0800
      0013F2 27 18            [ 1] 3753 	jreq	00107$
      0013F4 A3 10 00         [ 2] 3754 	cpw	x, #0x1000
      0013F7 27 13            [ 1] 3755 	jreq	00107$
      0013F9 89               [ 2] 3756 	pushw	x
      0013FA 4B 05            [ 1] 3757 	push	#0x05
      0013FC 4B 08            [ 1] 3758 	push	#0x08
      0013FE 4B 00            [ 1] 3759 	push	#0x00
      001400 4B 00            [ 1] 3760 	push	#0x00
      001402 4Br00            [ 1] 3761 	push	#<(___str_0+0)
      001404 4Bs00            [ 1] 3762 	push	#((___str_0+0) >> 8)
      001406 CDr00r00         [ 4] 3763 	call	_assert_failed
      001409 5B 06            [ 2] 3764 	addw	sp, #6
      00140B 85               [ 2] 3765 	popw	x
      00140C                       3766 00107$:
                                   3767 ;	../..//StdPeriph_Driver/STM8S_StdPeriph_Driver//src/stm8s_tim1.c: 2055: tim1_flag_l = (uint8_t)(TIM1->SR1 & (uint8_t)TIM1_FLAG);
      00140C C6 52 55         [ 1] 3768 	ld	a, 0x5255
      00140F 6B 01            [ 1] 3769 	ld	(0x01, sp), a
      001411 7B 05            [ 1] 3770 	ld	a, (0x05, sp)
      001413 14 01            [ 1] 3771 	and	a, (0x01, sp)
      001415 6B 01            [ 1] 3772 	ld	(0x01, sp), a
                                   3773 ;	../..//StdPeriph_Driver/STM8S_StdPeriph_Driver//src/stm8s_tim1.c: 2056: tim1_flag_h = (uint8_t)((uint16_t)TIM1_FLAG >> 8);
                                   3774 ;	../..//StdPeriph_Driver/STM8S_StdPeriph_Driver//src/stm8s_tim1.c: 2058: if ((tim1_flag_l | (uint8_t)(TIM1->SR2 & tim1_flag_h)) != 0)
      001417 C6 52 56         [ 1] 3775 	ld	a, 0x5256
      00141A 89               [ 2] 3776 	pushw	x
      00141B 14 01            [ 1] 3777 	and	a, (1, sp)
      00141D 85               [ 2] 3778 	popw	x
      00141E 1A 01            [ 1] 3779 	or	a, (0x01, sp)
      001420 27 03            [ 1] 3780 	jreq	00102$
                                   3781 ;	../..//StdPeriph_Driver/STM8S_StdPeriph_Driver//src/stm8s_tim1.c: 2060: bitstatus = SET;
      001422 A6 01            [ 1] 3782 	ld	a, #0x01
                                   3783 ;	../..//StdPeriph_Driver/STM8S_StdPeriph_Driver//src/stm8s_tim1.c: 2064: bitstatus = RESET;
      001424 21                    3784 	.byte 0x21
      001425                       3785 00102$:
      001425 4F               [ 1] 3786 	clr	a
      001426                       3787 00103$:
                                   3788 ;	../..//StdPeriph_Driver/STM8S_StdPeriph_Driver//src/stm8s_tim1.c: 2066: return (FlagStatus)(bitstatus);
                                   3789 ;	../..//StdPeriph_Driver/STM8S_StdPeriph_Driver//src/stm8s_tim1.c: 2067: }
      001426 5B 01            [ 2] 3790 	addw	sp, #1
      001428 81               [ 4] 3791 	ret
                                   3792 ;	../..//StdPeriph_Driver/STM8S_StdPeriph_Driver//src/stm8s_tim1.c: 2087: void TIM1_ClearFlag(TIM1_FLAG_TypeDef TIM1_FLAG)
                                   3793 ;	-----------------------------------------
                                   3794 ;	 function TIM1_ClearFlag
                                   3795 ;	-----------------------------------------
      001429                       3796 _TIM1_ClearFlag:
      001429 89               [ 2] 3797 	pushw	x
                                   3798 ;	../..//StdPeriph_Driver/STM8S_StdPeriph_Driver//src/stm8s_tim1.c: 2090: assert_param(IS_TIM1_CLEAR_FLAG_OK(TIM1_FLAG));
      00142A 16 05            [ 2] 3799 	ldw	y, (0x05, sp)
      00142C 17 01            [ 2] 3800 	ldw	(0x01, sp), y
      00142E 7B 01            [ 1] 3801 	ld	a, (0x01, sp)
      001430 A5 E1            [ 1] 3802 	bcp	a, #0xe1
      001432 26 04            [ 1] 3803 	jrne	00103$
      001434 1E 05            [ 2] 3804 	ldw	x, (0x05, sp)
      001436 26 0F            [ 1] 3805 	jrne	00104$
      001438                       3806 00103$:
      001438 4B 2A            [ 1] 3807 	push	#0x2a
      00143A 4B 08            [ 1] 3808 	push	#0x08
      00143C 5F               [ 1] 3809 	clrw	x
      00143D 89               [ 2] 3810 	pushw	x
      00143E 4Br00            [ 1] 3811 	push	#<(___str_0+0)
      001440 4Bs00            [ 1] 3812 	push	#((___str_0+0) >> 8)
      001442 CDr00r00         [ 4] 3813 	call	_assert_failed
      001445 5B 06            [ 2] 3814 	addw	sp, #6
      001447                       3815 00104$:
                                   3816 ;	../..//StdPeriph_Driver/STM8S_StdPeriph_Driver//src/stm8s_tim1.c: 2093: TIM1->SR1 = (uint8_t)(~(uint8_t)(TIM1_FLAG));
      001447 7B 06            [ 1] 3817 	ld	a, (0x06, sp)
      001449 43               [ 1] 3818 	cpl	a
      00144A C7 52 55         [ 1] 3819 	ld	0x5255, a
                                   3820 ;	../..//StdPeriph_Driver/STM8S_StdPeriph_Driver//src/stm8s_tim1.c: 2094: TIM1->SR2 = (uint8_t)((uint8_t)(~((uint8_t)((uint16_t)TIM1_FLAG >> 8))) & 
      00144D 7B 01            [ 1] 3821 	ld	a, (0x01, sp)
      00144F 43               [ 1] 3822 	cpl	a
      001450 A4 1E            [ 1] 3823 	and	a, #0x1e
      001452 C7 52 56         [ 1] 3824 	ld	0x5256, a
                                   3825 ;	../..//StdPeriph_Driver/STM8S_StdPeriph_Driver//src/stm8s_tim1.c: 2096: }
      001455 85               [ 2] 3826 	popw	x
      001456 81               [ 4] 3827 	ret
                                   3828 ;	../..//StdPeriph_Driver/STM8S_StdPeriph_Driver//src/stm8s_tim1.c: 2112: ITStatus TIM1_GetITStatus(TIM1_IT_TypeDef TIM1_IT)
                                   3829 ;	-----------------------------------------
                                   3830 ;	 function TIM1_GetITStatus
                                   3831 ;	-----------------------------------------
      001457                       3832 _TIM1_GetITStatus:
      001457 88               [ 1] 3833 	push	a
                                   3834 ;	../..//StdPeriph_Driver/STM8S_StdPeriph_Driver//src/stm8s_tim1.c: 2118: assert_param(IS_TIM1_GET_IT_OK(TIM1_IT));
      001458 7B 04            [ 1] 3835 	ld	a, (0x04, sp)
      00145A 4A               [ 1] 3836 	dec	a
      00145B 27 39            [ 1] 3837 	jreq	00108$
      00145D 7B 04            [ 1] 3838 	ld	a, (0x04, sp)
      00145F A1 02            [ 1] 3839 	cp	a, #0x02
      001461 27 33            [ 1] 3840 	jreq	00108$
      001463 7B 04            [ 1] 3841 	ld	a, (0x04, sp)
      001465 A1 04            [ 1] 3842 	cp	a, #0x04
      001467 27 2D            [ 1] 3843 	jreq	00108$
      001469 7B 04            [ 1] 3844 	ld	a, (0x04, sp)
      00146B A1 08            [ 1] 3845 	cp	a, #0x08
      00146D 27 27            [ 1] 3846 	jreq	00108$
      00146F 7B 04            [ 1] 3847 	ld	a, (0x04, sp)
      001471 A1 10            [ 1] 3848 	cp	a, #0x10
      001473 27 21            [ 1] 3849 	jreq	00108$
      001475 7B 04            [ 1] 3850 	ld	a, (0x04, sp)
      001477 A1 20            [ 1] 3851 	cp	a, #0x20
      001479 27 1B            [ 1] 3852 	jreq	00108$
      00147B 7B 04            [ 1] 3853 	ld	a, (0x04, sp)
      00147D A1 40            [ 1] 3854 	cp	a, #0x40
      00147F 27 15            [ 1] 3855 	jreq	00108$
      001481 7B 04            [ 1] 3856 	ld	a, (0x04, sp)
      001483 A1 80            [ 1] 3857 	cp	a, #0x80
      001485 27 0F            [ 1] 3858 	jreq	00108$
      001487 4B 46            [ 1] 3859 	push	#0x46
      001489 4B 08            [ 1] 3860 	push	#0x08
      00148B 5F               [ 1] 3861 	clrw	x
      00148C 89               [ 2] 3862 	pushw	x
      00148D 4Br00            [ 1] 3863 	push	#<(___str_0+0)
      00148F 4Bs00            [ 1] 3864 	push	#((___str_0+0) >> 8)
      001491 CDr00r00         [ 4] 3865 	call	_assert_failed
      001494 5B 06            [ 2] 3866 	addw	sp, #6
      001496                       3867 00108$:
                                   3868 ;	../..//StdPeriph_Driver/STM8S_StdPeriph_Driver//src/stm8s_tim1.c: 2120: TIM1_itStatus = (uint8_t)(TIM1->SR1 & (uint8_t)TIM1_IT);
      001496 C6 52 55         [ 1] 3869 	ld	a, 0x5255
      001499 14 04            [ 1] 3870 	and	a, (0x04, sp)
      00149B 6B 01            [ 1] 3871 	ld	(0x01, sp), a
                                   3872 ;	../..//StdPeriph_Driver/STM8S_StdPeriph_Driver//src/stm8s_tim1.c: 2122: TIM1_itEnable = (uint8_t)(TIM1->IER & (uint8_t)TIM1_IT);
      00149D C6 52 54         [ 1] 3873 	ld	a, 0x5254
      0014A0 14 04            [ 1] 3874 	and	a, (0x04, sp)
                                   3875 ;	../..//StdPeriph_Driver/STM8S_StdPeriph_Driver//src/stm8s_tim1.c: 2124: if ((TIM1_itStatus != (uint8_t)RESET ) && (TIM1_itEnable != (uint8_t)RESET ))
      0014A2 0D 01            [ 1] 3876 	tnz	(0x01, sp)
      0014A4 27 06            [ 1] 3877 	jreq	00102$
      0014A6 4D               [ 1] 3878 	tnz	a
      0014A7 27 03            [ 1] 3879 	jreq	00102$
                                   3880 ;	../..//StdPeriph_Driver/STM8S_StdPeriph_Driver//src/stm8s_tim1.c: 2126: bitstatus = SET;
      0014A9 A6 01            [ 1] 3881 	ld	a, #0x01
                                   3882 ;	../..//StdPeriph_Driver/STM8S_StdPeriph_Driver//src/stm8s_tim1.c: 2130: bitstatus = RESET;
      0014AB 21                    3883 	.byte 0x21
      0014AC                       3884 00102$:
      0014AC 4F               [ 1] 3885 	clr	a
      0014AD                       3886 00103$:
                                   3887 ;	../..//StdPeriph_Driver/STM8S_StdPeriph_Driver//src/stm8s_tim1.c: 2132: return (ITStatus)(bitstatus);
                                   3888 ;	../..//StdPeriph_Driver/STM8S_StdPeriph_Driver//src/stm8s_tim1.c: 2133: }
      0014AD 5B 01            [ 2] 3889 	addw	sp, #1
      0014AF 81               [ 4] 3890 	ret
                                   3891 ;	../..//StdPeriph_Driver/STM8S_StdPeriph_Driver//src/stm8s_tim1.c: 2149: void TIM1_ClearITPendingBit(TIM1_IT_TypeDef TIM1_IT)
                                   3892 ;	-----------------------------------------
                                   3893 ;	 function TIM1_ClearITPendingBit
                                   3894 ;	-----------------------------------------
      0014B0                       3895 _TIM1_ClearITPendingBit:
                                   3896 ;	../..//StdPeriph_Driver/STM8S_StdPeriph_Driver//src/stm8s_tim1.c: 2152: assert_param(IS_TIM1_IT_OK(TIM1_IT));
      0014B0 0D 03            [ 1] 3897 	tnz	(0x03, sp)
      0014B2 26 0F            [ 1] 3898 	jrne	00104$
      0014B4 4B 68            [ 1] 3899 	push	#0x68
      0014B6 4B 08            [ 1] 3900 	push	#0x08
      0014B8 5F               [ 1] 3901 	clrw	x
      0014B9 89               [ 2] 3902 	pushw	x
      0014BA 4Br00            [ 1] 3903 	push	#<(___str_0+0)
      0014BC 4Bs00            [ 1] 3904 	push	#((___str_0+0) >> 8)
      0014BE CDr00r00         [ 4] 3905 	call	_assert_failed
      0014C1 5B 06            [ 2] 3906 	addw	sp, #6
      0014C3                       3907 00104$:
                                   3908 ;	../..//StdPeriph_Driver/STM8S_StdPeriph_Driver//src/stm8s_tim1.c: 2155: TIM1->SR1 = (uint8_t)(~(uint8_t)TIM1_IT);
      0014C3 7B 03            [ 1] 3909 	ld	a, (0x03, sp)
      0014C5 43               [ 1] 3910 	cpl	a
      0014C6 C7 52 55         [ 1] 3911 	ld	0x5255, a
                                   3912 ;	../..//StdPeriph_Driver/STM8S_StdPeriph_Driver//src/stm8s_tim1.c: 2156: }
      0014C9 81               [ 4] 3913 	ret
                                   3914 ;	../..//StdPeriph_Driver/STM8S_StdPeriph_Driver//src/stm8s_tim1.c: 2174: static void TI1_Config(uint8_t TIM1_ICPolarity,
                                   3915 ;	-----------------------------------------
                                   3916 ;	 function TI1_Config
                                   3917 ;	-----------------------------------------
      0014CA                       3918 _TI1_Config:
      0014CA 88               [ 1] 3919 	push	a
                                   3920 ;	../..//StdPeriph_Driver/STM8S_StdPeriph_Driver//src/stm8s_tim1.c: 2179: TIM1->CCER1 &= (uint8_t)(~TIM1_CCER1_CC1E);
      0014CB 72 11 52 5C      [ 1] 3921 	bres	21084, #0
                                   3922 ;	../..//StdPeriph_Driver/STM8S_StdPeriph_Driver//src/stm8s_tim1.c: 2182: TIM1->CCMR1 = (uint8_t)((uint8_t)(TIM1->CCMR1 & (uint8_t)(~(uint8_t)( TIM1_CCMR_CCxS | TIM1_CCMR_ICxF ))) | 
      0014CF C6 52 58         [ 1] 3923 	ld	a, 0x5258
      0014D2 A4 0C            [ 1] 3924 	and	a, #0x0c
      0014D4 6B 01            [ 1] 3925 	ld	(0x01, sp), a
                                   3926 ;	../..//StdPeriph_Driver/STM8S_StdPeriph_Driver//src/stm8s_tim1.c: 2183: (uint8_t)(( (TIM1_ICSelection)) | ((uint8_t)( TIM1_ICFilter << 4))));
      0014D6 7B 06            [ 1] 3927 	ld	a, (0x06, sp)
      0014D8 4E               [ 1] 3928 	swap	a
      0014D9 A4 F0            [ 1] 3929 	and	a, #0xf0
      0014DB 1A 05            [ 1] 3930 	or	a, (0x05, sp)
      0014DD 1A 01            [ 1] 3931 	or	a, (0x01, sp)
      0014DF C7 52 58         [ 1] 3932 	ld	0x5258, a
                                   3933 ;	../..//StdPeriph_Driver/STM8S_StdPeriph_Driver//src/stm8s_tim1.c: 2179: TIM1->CCER1 &= (uint8_t)(~TIM1_CCER1_CC1E);
      0014E2 C6 52 5C         [ 1] 3934 	ld	a, 0x525c
                                   3935 ;	../..//StdPeriph_Driver/STM8S_StdPeriph_Driver//src/stm8s_tim1.c: 2186: if (TIM1_ICPolarity != TIM1_ICPOLARITY_RISING)
      0014E5 0D 04            [ 1] 3936 	tnz	(0x04, sp)
      0014E7 27 07            [ 1] 3937 	jreq	00102$
                                   3938 ;	../..//StdPeriph_Driver/STM8S_StdPeriph_Driver//src/stm8s_tim1.c: 2188: TIM1->CCER1 |= TIM1_CCER1_CC1P;
      0014E9 AA 02            [ 1] 3939 	or	a, #0x02
      0014EB C7 52 5C         [ 1] 3940 	ld	0x525c, a
      0014EE 20 05            [ 2] 3941 	jra	00103$
      0014F0                       3942 00102$:
                                   3943 ;	../..//StdPeriph_Driver/STM8S_StdPeriph_Driver//src/stm8s_tim1.c: 2192: TIM1->CCER1 &= (uint8_t)(~TIM1_CCER1_CC1P);
      0014F0 A4 FD            [ 1] 3944 	and	a, #0xfd
      0014F2 C7 52 5C         [ 1] 3945 	ld	0x525c, a
      0014F5                       3946 00103$:
                                   3947 ;	../..//StdPeriph_Driver/STM8S_StdPeriph_Driver//src/stm8s_tim1.c: 2196: TIM1->CCER1 |=  TIM1_CCER1_CC1E;
      0014F5 72 10 52 5C      [ 1] 3948 	bset	21084, #0
                                   3949 ;	../..//StdPeriph_Driver/STM8S_StdPeriph_Driver//src/stm8s_tim1.c: 2197: }
      0014F9 84               [ 1] 3950 	pop	a
      0014FA 81               [ 4] 3951 	ret
                                   3952 ;	../..//StdPeriph_Driver/STM8S_StdPeriph_Driver//src/stm8s_tim1.c: 2215: static void TI2_Config(uint8_t TIM1_ICPolarity,
                                   3953 ;	-----------------------------------------
                                   3954 ;	 function TI2_Config
                                   3955 ;	-----------------------------------------
      0014FB                       3956 _TI2_Config:
      0014FB 88               [ 1] 3957 	push	a
                                   3958 ;	../..//StdPeriph_Driver/STM8S_StdPeriph_Driver//src/stm8s_tim1.c: 2220: TIM1->CCER1 &=  (uint8_t)(~TIM1_CCER1_CC2E);
      0014FC 72 19 52 5C      [ 1] 3959 	bres	21084, #4
                                   3960 ;	../..//StdPeriph_Driver/STM8S_StdPeriph_Driver//src/stm8s_tim1.c: 2223: TIM1->CCMR2  = (uint8_t)((uint8_t)(TIM1->CCMR2 & (uint8_t)(~(uint8_t)( TIM1_CCMR_CCxS | TIM1_CCMR_ICxF ))) 
      001500 C6 52 59         [ 1] 3961 	ld	a, 0x5259
      001503 A4 0C            [ 1] 3962 	and	a, #0x0c
      001505 6B 01            [ 1] 3963 	ld	(0x01, sp), a
                                   3964 ;	../..//StdPeriph_Driver/STM8S_StdPeriph_Driver//src/stm8s_tim1.c: 2224: | (uint8_t)(( (TIM1_ICSelection)) | ((uint8_t)( TIM1_ICFilter << 4))));
      001507 7B 06            [ 1] 3965 	ld	a, (0x06, sp)
      001509 4E               [ 1] 3966 	swap	a
      00150A A4 F0            [ 1] 3967 	and	a, #0xf0
      00150C 1A 05            [ 1] 3968 	or	a, (0x05, sp)
      00150E 1A 01            [ 1] 3969 	or	a, (0x01, sp)
      001510 C7 52 59         [ 1] 3970 	ld	0x5259, a
                                   3971 ;	../..//StdPeriph_Driver/STM8S_StdPeriph_Driver//src/stm8s_tim1.c: 2220: TIM1->CCER1 &=  (uint8_t)(~TIM1_CCER1_CC2E);
      001513 C6 52 5C         [ 1] 3972 	ld	a, 0x525c
                                   3973 ;	../..//StdPeriph_Driver/STM8S_StdPeriph_Driver//src/stm8s_tim1.c: 2226: if (TIM1_ICPolarity != TIM1_ICPOLARITY_RISING)
      001516 0D 04            [ 1] 3974 	tnz	(0x04, sp)
      001518 27 07            [ 1] 3975 	jreq	00102$
                                   3976 ;	../..//StdPeriph_Driver/STM8S_StdPeriph_Driver//src/stm8s_tim1.c: 2228: TIM1->CCER1 |= TIM1_CCER1_CC2P;
      00151A AA 20            [ 1] 3977 	or	a, #0x20
      00151C C7 52 5C         [ 1] 3978 	ld	0x525c, a
      00151F 20 05            [ 2] 3979 	jra	00103$
      001521                       3980 00102$:
                                   3981 ;	../..//StdPeriph_Driver/STM8S_StdPeriph_Driver//src/stm8s_tim1.c: 2232: TIM1->CCER1 &= (uint8_t)(~TIM1_CCER1_CC2P);
      001521 A4 DF            [ 1] 3982 	and	a, #0xdf
      001523 C7 52 5C         [ 1] 3983 	ld	0x525c, a
      001526                       3984 00103$:
                                   3985 ;	../..//StdPeriph_Driver/STM8S_StdPeriph_Driver//src/stm8s_tim1.c: 2235: TIM1->CCER1 |=  TIM1_CCER1_CC2E;
      001526 72 18 52 5C      [ 1] 3986 	bset	21084, #4
                                   3987 ;	../..//StdPeriph_Driver/STM8S_StdPeriph_Driver//src/stm8s_tim1.c: 2236: }
      00152A 84               [ 1] 3988 	pop	a
      00152B 81               [ 4] 3989 	ret
                                   3990 ;	../..//StdPeriph_Driver/STM8S_StdPeriph_Driver//src/stm8s_tim1.c: 2254: static void TI3_Config(uint8_t TIM1_ICPolarity,
                                   3991 ;	-----------------------------------------
                                   3992 ;	 function TI3_Config
                                   3993 ;	-----------------------------------------
      00152C                       3994 _TI3_Config:
      00152C 88               [ 1] 3995 	push	a
                                   3996 ;	../..//StdPeriph_Driver/STM8S_StdPeriph_Driver//src/stm8s_tim1.c: 2259: TIM1->CCER2 &=  (uint8_t)(~TIM1_CCER2_CC3E);
      00152D C6 52 5D         [ 1] 3997 	ld	a, 0x525d
      001530 A4 FE            [ 1] 3998 	and	a, #0xfe
      001532 C7 52 5D         [ 1] 3999 	ld	0x525d, a
                                   4000 ;	../..//StdPeriph_Driver/STM8S_StdPeriph_Driver//src/stm8s_tim1.c: 2262: TIM1->CCMR3 = (uint8_t)((uint8_t)(TIM1->CCMR3 & (uint8_t)(~(uint8_t)( TIM1_CCMR_CCxS | TIM1_CCMR_ICxF))) 
      001535 C6 52 5A         [ 1] 4001 	ld	a, 0x525a
      001538 A4 0C            [ 1] 4002 	and	a, #0x0c
      00153A 6B 01            [ 1] 4003 	ld	(0x01, sp), a
                                   4004 ;	../..//StdPeriph_Driver/STM8S_StdPeriph_Driver//src/stm8s_tim1.c: 2263: | (uint8_t)(( (TIM1_ICSelection)) | ((uint8_t)( TIM1_ICFilter << 4))));
      00153C 7B 06            [ 1] 4005 	ld	a, (0x06, sp)
      00153E 4E               [ 1] 4006 	swap	a
      00153F A4 F0            [ 1] 4007 	and	a, #0xf0
      001541 1A 05            [ 1] 4008 	or	a, (0x05, sp)
      001543 1A 01            [ 1] 4009 	or	a, (0x01, sp)
      001545 C7 52 5A         [ 1] 4010 	ld	0x525a, a
                                   4011 ;	../..//StdPeriph_Driver/STM8S_StdPeriph_Driver//src/stm8s_tim1.c: 2259: TIM1->CCER2 &=  (uint8_t)(~TIM1_CCER2_CC3E);
      001548 C6 52 5D         [ 1] 4012 	ld	a, 0x525d
                                   4013 ;	../..//StdPeriph_Driver/STM8S_StdPeriph_Driver//src/stm8s_tim1.c: 2266: if (TIM1_ICPolarity != TIM1_ICPOLARITY_RISING)
      00154B 0D 04            [ 1] 4014 	tnz	(0x04, sp)
      00154D 27 07            [ 1] 4015 	jreq	00102$
                                   4016 ;	../..//StdPeriph_Driver/STM8S_StdPeriph_Driver//src/stm8s_tim1.c: 2268: TIM1->CCER2 |= TIM1_CCER2_CC3P;
      00154F AA 02            [ 1] 4017 	or	a, #0x02
      001551 C7 52 5D         [ 1] 4018 	ld	0x525d, a
      001554 20 05            [ 2] 4019 	jra	00103$
      001556                       4020 00102$:
                                   4021 ;	../..//StdPeriph_Driver/STM8S_StdPeriph_Driver//src/stm8s_tim1.c: 2272: TIM1->CCER2 &= (uint8_t)(~TIM1_CCER2_CC3P);
      001556 A4 FD            [ 1] 4022 	and	a, #0xfd
      001558 C7 52 5D         [ 1] 4023 	ld	0x525d, a
      00155B                       4024 00103$:
                                   4025 ;	../..//StdPeriph_Driver/STM8S_StdPeriph_Driver//src/stm8s_tim1.c: 2275: TIM1->CCER2 |=  TIM1_CCER2_CC3E;
      00155B 72 10 52 5D      [ 1] 4026 	bset	21085, #0
                                   4027 ;	../..//StdPeriph_Driver/STM8S_StdPeriph_Driver//src/stm8s_tim1.c: 2276: }
      00155F 84               [ 1] 4028 	pop	a
      001560 81               [ 4] 4029 	ret
                                   4030 ;	../..//StdPeriph_Driver/STM8S_StdPeriph_Driver//src/stm8s_tim1.c: 2294: static void TI4_Config(uint8_t TIM1_ICPolarity,
                                   4031 ;	-----------------------------------------
                                   4032 ;	 function TI4_Config
                                   4033 ;	-----------------------------------------
      001561                       4034 _TI4_Config:
      001561 88               [ 1] 4035 	push	a
                                   4036 ;	../..//StdPeriph_Driver/STM8S_StdPeriph_Driver//src/stm8s_tim1.c: 2299: TIM1->CCER2 &=  (uint8_t)(~TIM1_CCER2_CC4E);
      001562 72 19 52 5D      [ 1] 4037 	bres	21085, #4
                                   4038 ;	../..//StdPeriph_Driver/STM8S_StdPeriph_Driver//src/stm8s_tim1.c: 2302: TIM1->CCMR4 = (uint8_t)((uint8_t)(TIM1->CCMR4 & (uint8_t)(~(uint8_t)( TIM1_CCMR_CCxS | TIM1_CCMR_ICxF )))
      001566 C6 52 5B         [ 1] 4039 	ld	a, 0x525b
      001569 A4 0C            [ 1] 4040 	and	a, #0x0c
      00156B 6B 01            [ 1] 4041 	ld	(0x01, sp), a
                                   4042 ;	../..//StdPeriph_Driver/STM8S_StdPeriph_Driver//src/stm8s_tim1.c: 2303: | (uint8_t)(( (TIM1_ICSelection)) | ((uint8_t)( TIM1_ICFilter << 4))));
      00156D 7B 06            [ 1] 4043 	ld	a, (0x06, sp)
      00156F 4E               [ 1] 4044 	swap	a
      001570 A4 F0            [ 1] 4045 	and	a, #0xf0
      001572 1A 05            [ 1] 4046 	or	a, (0x05, sp)
      001574 1A 01            [ 1] 4047 	or	a, (0x01, sp)
      001576 C7 52 5B         [ 1] 4048 	ld	0x525b, a
                                   4049 ;	../..//StdPeriph_Driver/STM8S_StdPeriph_Driver//src/stm8s_tim1.c: 2299: TIM1->CCER2 &=  (uint8_t)(~TIM1_CCER2_CC4E);
      001579 C6 52 5D         [ 1] 4050 	ld	a, 0x525d
                                   4051 ;	../..//StdPeriph_Driver/STM8S_StdPeriph_Driver//src/stm8s_tim1.c: 2306: if (TIM1_ICPolarity != TIM1_ICPOLARITY_RISING)
      00157C 0D 04            [ 1] 4052 	tnz	(0x04, sp)
      00157E 27 07            [ 1] 4053 	jreq	00102$
                                   4054 ;	../..//StdPeriph_Driver/STM8S_StdPeriph_Driver//src/stm8s_tim1.c: 2308: TIM1->CCER2 |= TIM1_CCER2_CC4P;
      001580 AA 20            [ 1] 4055 	or	a, #0x20
      001582 C7 52 5D         [ 1] 4056 	ld	0x525d, a
      001585 20 05            [ 2] 4057 	jra	00103$
      001587                       4058 00102$:
                                   4059 ;	../..//StdPeriph_Driver/STM8S_StdPeriph_Driver//src/stm8s_tim1.c: 2312: TIM1->CCER2 &= (uint8_t)(~TIM1_CCER2_CC4P);
      001587 A4 DF            [ 1] 4060 	and	a, #0xdf
      001589 C7 52 5D         [ 1] 4061 	ld	0x525d, a
      00158C                       4062 00103$:
                                   4063 ;	../..//StdPeriph_Driver/STM8S_StdPeriph_Driver//src/stm8s_tim1.c: 2316: TIM1->CCER2 |=  TIM1_CCER2_CC4E;
      00158C 72 18 52 5D      [ 1] 4064 	bset	21085, #4
                                   4065 ;	../..//StdPeriph_Driver/STM8S_StdPeriph_Driver//src/stm8s_tim1.c: 2317: }
      001590 84               [ 1] 4066 	pop	a
      001591 81               [ 4] 4067 	ret
                                   4068 	.area CODE
                                   4069 	.area CONST
                                   4070 	.area CONST
      000000                       4071 ___str_0:
      000000 2E 2E 2F 2E 2E 2F 2F  4072 	.ascii "../..//StdPeriph_Driver/STM8S_StdPeriph_Driver//src/stm8s_ti"
             53 74 64 50 65 72 69
             70 68 5F 44 72 69 76
             65 72 2F 53 54 4D 38
             53 5F 53 74 64 50 65
             72 69 70 68 5F 44 72
             69 76 65 72 2F 2F 73
             72 63 2F 73 74 6D 38
             73 5F 74 69
      00003C 6D 31 2E 63           4073 	.ascii "m1.c"
      000040 00                    4074 	.db 0x00
                                   4075 	.area CODE
                                   4076 	.area INITIALIZER
                                   4077 	.area CABS (ABS)
