                                      1 ;--------------------------------------------------------
                                      2 ; File Created by SDCC : free open source ANSI-C Compiler
                                      3 ; Version 4.1.0 #12072 (Mac OS X x86_64)
                                      4 ;--------------------------------------------------------
                                      5 	.module stm8s_tim2
                                      6 	.optsdcc -mstm8
                                      7 	
                                      8 ;--------------------------------------------------------
                                      9 ; Public variables in this module
                                     10 ;--------------------------------------------------------
                                     11 	.globl _assert_failed
                                     12 	.globl _TIM2_DeInit
                                     13 	.globl _TIM2_TimeBaseInit
                                     14 	.globl _TIM2_OC1Init
                                     15 	.globl _TIM2_OC2Init
                                     16 	.globl _TIM2_OC3Init
                                     17 	.globl _TIM2_ICInit
                                     18 	.globl _TIM2_PWMIConfig
                                     19 	.globl _TIM2_Cmd
                                     20 	.globl _TIM2_ITConfig
                                     21 	.globl _TIM2_UpdateDisableConfig
                                     22 	.globl _TIM2_UpdateRequestConfig
                                     23 	.globl _TIM2_SelectOnePulseMode
                                     24 	.globl _TIM2_PrescalerConfig
                                     25 	.globl _TIM2_ForcedOC1Config
                                     26 	.globl _TIM2_ForcedOC2Config
                                     27 	.globl _TIM2_ForcedOC3Config
                                     28 	.globl _TIM2_ARRPreloadConfig
                                     29 	.globl _TIM2_OC1PreloadConfig
                                     30 	.globl _TIM2_OC2PreloadConfig
                                     31 	.globl _TIM2_OC3PreloadConfig
                                     32 	.globl _TIM2_GenerateEvent
                                     33 	.globl _TIM2_OC1PolarityConfig
                                     34 	.globl _TIM2_OC2PolarityConfig
                                     35 	.globl _TIM2_OC3PolarityConfig
                                     36 	.globl _TIM2_CCxCmd
                                     37 	.globl _TIM2_SelectOCxM
                                     38 	.globl _TIM2_SetCounter
                                     39 	.globl _TIM2_SetAutoreload
                                     40 	.globl _TIM2_SetCompare1
                                     41 	.globl _TIM2_SetCompare2
                                     42 	.globl _TIM2_SetCompare3
                                     43 	.globl _TIM2_SetIC1Prescaler
                                     44 	.globl _TIM2_SetIC2Prescaler
                                     45 	.globl _TIM2_SetIC3Prescaler
                                     46 	.globl _TIM2_GetCapture1
                                     47 	.globl _TIM2_GetCapture2
                                     48 	.globl _TIM2_GetCapture3
                                     49 	.globl _TIM2_GetCounter
                                     50 	.globl _TIM2_GetPrescaler
                                     51 	.globl _TIM2_GetFlagStatus
                                     52 	.globl _TIM2_ClearFlag
                                     53 	.globl _TIM2_GetITStatus
                                     54 	.globl _TIM2_ClearITPendingBit
                                     55 ;--------------------------------------------------------
                                     56 ; ram data
                                     57 ;--------------------------------------------------------
                                     58 	.area DATA
                                     59 ;--------------------------------------------------------
                                     60 ; ram data
                                     61 ;--------------------------------------------------------
                                     62 	.area INITIALIZED
                                     63 ;--------------------------------------------------------
                                     64 ; absolute external ram data
                                     65 ;--------------------------------------------------------
                                     66 	.area DABS (ABS)
                                     67 
                                     68 ; default segment ordering for linker
                                     69 	.area HOME
                                     70 	.area GSINIT
                                     71 	.area GSFINAL
                                     72 	.area CONST
                                     73 	.area INITIALIZER
                                     74 	.area CODE
                                     75 
                                     76 ;--------------------------------------------------------
                                     77 ; global & static initialisations
                                     78 ;--------------------------------------------------------
                                     79 	.area HOME
                                     80 	.area GSINIT
                                     81 	.area GSFINAL
                                     82 	.area GSINIT
                                     83 ;--------------------------------------------------------
                                     84 ; Home
                                     85 ;--------------------------------------------------------
                                     86 	.area HOME
                                     87 	.area HOME
                                     88 ;--------------------------------------------------------
                                     89 ; code
                                     90 ;--------------------------------------------------------
                                     91 	.area CODE
                                     92 ;	../..//StdPeriph_Driver/STM8S_StdPeriph_Driver//src/stm8s_tim2.c: 52: void TIM2_DeInit(void)
                                     93 ;	-----------------------------------------
                                     94 ;	 function TIM2_DeInit
                                     95 ;	-----------------------------------------
      000000                         96 _TIM2_DeInit:
                                     97 ;	../..//StdPeriph_Driver/STM8S_StdPeriph_Driver//src/stm8s_tim2.c: 54: TIM2->CR1 = (uint8_t)TIM2_CR1_RESET_VALUE;
      000000 35 00 53 00      [ 1]   98 	mov	0x5300+0, #0x00
                                     99 ;	../..//StdPeriph_Driver/STM8S_StdPeriph_Driver//src/stm8s_tim2.c: 55: TIM2->IER = (uint8_t)TIM2_IER_RESET_VALUE;
      000004 35 00 53 01      [ 1]  100 	mov	0x5301+0, #0x00
                                    101 ;	../..//StdPeriph_Driver/STM8S_StdPeriph_Driver//src/stm8s_tim2.c: 56: TIM2->SR2 = (uint8_t)TIM2_SR2_RESET_VALUE;
      000008 35 00 53 03      [ 1]  102 	mov	0x5303+0, #0x00
                                    103 ;	../..//StdPeriph_Driver/STM8S_StdPeriph_Driver//src/stm8s_tim2.c: 59: TIM2->CCER1 = (uint8_t)TIM2_CCER1_RESET_VALUE;
      00000C 35 00 53 08      [ 1]  104 	mov	0x5308+0, #0x00
                                    105 ;	../..//StdPeriph_Driver/STM8S_StdPeriph_Driver//src/stm8s_tim2.c: 60: TIM2->CCER2 = (uint8_t)TIM2_CCER2_RESET_VALUE;
      000010 35 00 53 09      [ 1]  106 	mov	0x5309+0, #0x00
                                    107 ;	../..//StdPeriph_Driver/STM8S_StdPeriph_Driver//src/stm8s_tim2.c: 64: TIM2->CCER1 = (uint8_t)TIM2_CCER1_RESET_VALUE;
      000014 35 00 53 08      [ 1]  108 	mov	0x5308+0, #0x00
                                    109 ;	../..//StdPeriph_Driver/STM8S_StdPeriph_Driver//src/stm8s_tim2.c: 65: TIM2->CCER2 = (uint8_t)TIM2_CCER2_RESET_VALUE;
      000018 35 00 53 09      [ 1]  110 	mov	0x5309+0, #0x00
                                    111 ;	../..//StdPeriph_Driver/STM8S_StdPeriph_Driver//src/stm8s_tim2.c: 66: TIM2->CCMR1 = (uint8_t)TIM2_CCMR1_RESET_VALUE;
      00001C 35 00 53 05      [ 1]  112 	mov	0x5305+0, #0x00
                                    113 ;	../..//StdPeriph_Driver/STM8S_StdPeriph_Driver//src/stm8s_tim2.c: 67: TIM2->CCMR2 = (uint8_t)TIM2_CCMR2_RESET_VALUE;
      000020 35 00 53 06      [ 1]  114 	mov	0x5306+0, #0x00
                                    115 ;	../..//StdPeriph_Driver/STM8S_StdPeriph_Driver//src/stm8s_tim2.c: 68: TIM2->CCMR3 = (uint8_t)TIM2_CCMR3_RESET_VALUE;
      000024 35 00 53 07      [ 1]  116 	mov	0x5307+0, #0x00
                                    117 ;	../..//StdPeriph_Driver/STM8S_StdPeriph_Driver//src/stm8s_tim2.c: 69: TIM2->CNTRH = (uint8_t)TIM2_CNTRH_RESET_VALUE;
      000028 35 00 53 0A      [ 1]  118 	mov	0x530a+0, #0x00
                                    119 ;	../..//StdPeriph_Driver/STM8S_StdPeriph_Driver//src/stm8s_tim2.c: 70: TIM2->CNTRL = (uint8_t)TIM2_CNTRL_RESET_VALUE;
      00002C 35 00 53 0B      [ 1]  120 	mov	0x530b+0, #0x00
                                    121 ;	../..//StdPeriph_Driver/STM8S_StdPeriph_Driver//src/stm8s_tim2.c: 71: TIM2->PSCR = (uint8_t)TIM2_PSCR_RESET_VALUE;
      000030 35 00 53 0C      [ 1]  122 	mov	0x530c+0, #0x00
                                    123 ;	../..//StdPeriph_Driver/STM8S_StdPeriph_Driver//src/stm8s_tim2.c: 72: TIM2->ARRH  = (uint8_t)TIM2_ARRH_RESET_VALUE;
      000034 35 FF 53 0D      [ 1]  124 	mov	0x530d+0, #0xff
                                    125 ;	../..//StdPeriph_Driver/STM8S_StdPeriph_Driver//src/stm8s_tim2.c: 73: TIM2->ARRL  = (uint8_t)TIM2_ARRL_RESET_VALUE;
      000038 35 FF 53 0E      [ 1]  126 	mov	0x530e+0, #0xff
                                    127 ;	../..//StdPeriph_Driver/STM8S_StdPeriph_Driver//src/stm8s_tim2.c: 74: TIM2->CCR1H = (uint8_t)TIM2_CCR1H_RESET_VALUE;
      00003C 35 00 53 0F      [ 1]  128 	mov	0x530f+0, #0x00
                                    129 ;	../..//StdPeriph_Driver/STM8S_StdPeriph_Driver//src/stm8s_tim2.c: 75: TIM2->CCR1L = (uint8_t)TIM2_CCR1L_RESET_VALUE;
      000040 35 00 53 10      [ 1]  130 	mov	0x5310+0, #0x00
                                    131 ;	../..//StdPeriph_Driver/STM8S_StdPeriph_Driver//src/stm8s_tim2.c: 76: TIM2->CCR2H = (uint8_t)TIM2_CCR2H_RESET_VALUE;
      000044 35 00 53 11      [ 1]  132 	mov	0x5311+0, #0x00
                                    133 ;	../..//StdPeriph_Driver/STM8S_StdPeriph_Driver//src/stm8s_tim2.c: 77: TIM2->CCR2L = (uint8_t)TIM2_CCR2L_RESET_VALUE;
      000048 35 00 53 12      [ 1]  134 	mov	0x5312+0, #0x00
                                    135 ;	../..//StdPeriph_Driver/STM8S_StdPeriph_Driver//src/stm8s_tim2.c: 78: TIM2->CCR3H = (uint8_t)TIM2_CCR3H_RESET_VALUE;
      00004C 35 00 53 13      [ 1]  136 	mov	0x5313+0, #0x00
                                    137 ;	../..//StdPeriph_Driver/STM8S_StdPeriph_Driver//src/stm8s_tim2.c: 79: TIM2->CCR3L = (uint8_t)TIM2_CCR3L_RESET_VALUE;
      000050 35 00 53 14      [ 1]  138 	mov	0x5314+0, #0x00
                                    139 ;	../..//StdPeriph_Driver/STM8S_StdPeriph_Driver//src/stm8s_tim2.c: 80: TIM2->SR1 = (uint8_t)TIM2_SR1_RESET_VALUE;
      000054 35 00 53 02      [ 1]  140 	mov	0x5302+0, #0x00
                                    141 ;	../..//StdPeriph_Driver/STM8S_StdPeriph_Driver//src/stm8s_tim2.c: 81: }
      000058 81               [ 4]  142 	ret
                                    143 ;	../..//StdPeriph_Driver/STM8S_StdPeriph_Driver//src/stm8s_tim2.c: 89: void TIM2_TimeBaseInit( TIM2_Prescaler_TypeDef TIM2_Prescaler,
                                    144 ;	-----------------------------------------
                                    145 ;	 function TIM2_TimeBaseInit
                                    146 ;	-----------------------------------------
      000059                        147 _TIM2_TimeBaseInit:
                                    148 ;	../..//StdPeriph_Driver/STM8S_StdPeriph_Driver//src/stm8s_tim2.c: 93: TIM2->PSCR = (uint8_t)(TIM2_Prescaler);
      000059 AE 53 0C         [ 2]  149 	ldw	x, #0x530c
      00005C 7B 03            [ 1]  150 	ld	a, (0x03, sp)
      00005E F7               [ 1]  151 	ld	(x), a
                                    152 ;	../..//StdPeriph_Driver/STM8S_StdPeriph_Driver//src/stm8s_tim2.c: 95: TIM2->ARRH = (uint8_t)(TIM2_Period >> 8);
      00005F 7B 04            [ 1]  153 	ld	a, (0x04, sp)
      000061 C7 53 0D         [ 1]  154 	ld	0x530d, a
                                    155 ;	../..//StdPeriph_Driver/STM8S_StdPeriph_Driver//src/stm8s_tim2.c: 96: TIM2->ARRL = (uint8_t)(TIM2_Period);
      000064 7B 05            [ 1]  156 	ld	a, (0x05, sp)
      000066 C7 53 0E         [ 1]  157 	ld	0x530e, a
                                    158 ;	../..//StdPeriph_Driver/STM8S_StdPeriph_Driver//src/stm8s_tim2.c: 97: }
      000069 81               [ 4]  159 	ret
                                    160 ;	../..//StdPeriph_Driver/STM8S_StdPeriph_Driver//src/stm8s_tim2.c: 108: void TIM2_OC1Init(TIM2_OCMode_TypeDef TIM2_OCMode,
                                    161 ;	-----------------------------------------
                                    162 ;	 function TIM2_OC1Init
                                    163 ;	-----------------------------------------
      00006A                        164 _TIM2_OC1Init:
      00006A 89               [ 2]  165 	pushw	x
                                    166 ;	../..//StdPeriph_Driver/STM8S_StdPeriph_Driver//src/stm8s_tim2.c: 114: assert_param(IS_TIM2_OC_MODE_OK(TIM2_OCMode));
      00006B 0D 05            [ 1]  167 	tnz	(0x05, sp)
      00006D 27 2D            [ 1]  168 	jreq	00104$
      00006F 7B 05            [ 1]  169 	ld	a, (0x05, sp)
      000071 A1 10            [ 1]  170 	cp	a, #0x10
      000073 27 27            [ 1]  171 	jreq	00104$
      000075 7B 05            [ 1]  172 	ld	a, (0x05, sp)
      000077 A1 20            [ 1]  173 	cp	a, #0x20
      000079 27 21            [ 1]  174 	jreq	00104$
      00007B 7B 05            [ 1]  175 	ld	a, (0x05, sp)
      00007D A1 30            [ 1]  176 	cp	a, #0x30
      00007F 27 1B            [ 1]  177 	jreq	00104$
      000081 7B 05            [ 1]  178 	ld	a, (0x05, sp)
      000083 A1 60            [ 1]  179 	cp	a, #0x60
      000085 27 15            [ 1]  180 	jreq	00104$
      000087 7B 05            [ 1]  181 	ld	a, (0x05, sp)
      000089 A1 70            [ 1]  182 	cp	a, #0x70
      00008B 27 0F            [ 1]  183 	jreq	00104$
      00008D 4B 72            [ 1]  184 	push	#0x72
      00008F 5F               [ 1]  185 	clrw	x
      000090 89               [ 2]  186 	pushw	x
      000091 4B 00            [ 1]  187 	push	#0x00
      000093 4Br00            [ 1]  188 	push	#<(___str_0+0)
      000095 4Bs00            [ 1]  189 	push	#((___str_0+0) >> 8)
      000097 CDr00r00         [ 4]  190 	call	_assert_failed
      00009A 5B 06            [ 2]  191 	addw	sp, #6
      00009C                        192 00104$:
                                    193 ;	../..//StdPeriph_Driver/STM8S_StdPeriph_Driver//src/stm8s_tim2.c: 115: assert_param(IS_TIM2_OUTPUT_STATE_OK(TIM2_OutputState));
      00009C 0D 06            [ 1]  194 	tnz	(0x06, sp)
      00009E 27 15            [ 1]  195 	jreq	00121$
      0000A0 7B 06            [ 1]  196 	ld	a, (0x06, sp)
      0000A2 A1 11            [ 1]  197 	cp	a, #0x11
      0000A4 27 0F            [ 1]  198 	jreq	00121$
      0000A6 4B 73            [ 1]  199 	push	#0x73
      0000A8 5F               [ 1]  200 	clrw	x
      0000A9 89               [ 2]  201 	pushw	x
      0000AA 4B 00            [ 1]  202 	push	#0x00
      0000AC 4Br00            [ 1]  203 	push	#<(___str_0+0)
      0000AE 4Bs00            [ 1]  204 	push	#((___str_0+0) >> 8)
      0000B0 CDr00r00         [ 4]  205 	call	_assert_failed
      0000B3 5B 06            [ 2]  206 	addw	sp, #6
      0000B5                        207 00121$:
                                    208 ;	../..//StdPeriph_Driver/STM8S_StdPeriph_Driver//src/stm8s_tim2.c: 116: assert_param(IS_TIM2_OC_POLARITY_OK(TIM2_OCPolarity));
      0000B5 0D 09            [ 1]  209 	tnz	(0x09, sp)
      0000B7 27 15            [ 1]  210 	jreq	00126$
      0000B9 7B 09            [ 1]  211 	ld	a, (0x09, sp)
      0000BB A1 22            [ 1]  212 	cp	a, #0x22
      0000BD 27 0F            [ 1]  213 	jreq	00126$
      0000BF 4B 74            [ 1]  214 	push	#0x74
      0000C1 5F               [ 1]  215 	clrw	x
      0000C2 89               [ 2]  216 	pushw	x
      0000C3 4B 00            [ 1]  217 	push	#0x00
      0000C5 4Br00            [ 1]  218 	push	#<(___str_0+0)
      0000C7 4Bs00            [ 1]  219 	push	#((___str_0+0) >> 8)
      0000C9 CDr00r00         [ 4]  220 	call	_assert_failed
      0000CC 5B 06            [ 2]  221 	addw	sp, #6
      0000CE                        222 00126$:
                                    223 ;	../..//StdPeriph_Driver/STM8S_StdPeriph_Driver//src/stm8s_tim2.c: 119: TIM2->CCER1 &= (uint8_t)(~( TIM2_CCER1_CC1E | TIM2_CCER1_CC1P));
      0000CE C6 53 08         [ 1]  224 	ld	a, 0x5308
      0000D1 A4 FC            [ 1]  225 	and	a, #0xfc
      0000D3 C7 53 08         [ 1]  226 	ld	0x5308, a
                                    227 ;	../..//StdPeriph_Driver/STM8S_StdPeriph_Driver//src/stm8s_tim2.c: 121: TIM2->CCER1 |= (uint8_t)((uint8_t)(TIM2_OutputState & TIM2_CCER1_CC1E ) | 
      0000D6 C6 53 08         [ 1]  228 	ld	a, 0x5308
      0000D9 6B 01            [ 1]  229 	ld	(0x01, sp), a
      0000DB 7B 06            [ 1]  230 	ld	a, (0x06, sp)
      0000DD A4 01            [ 1]  231 	and	a, #0x01
      0000DF 6B 02            [ 1]  232 	ld	(0x02, sp), a
                                    233 ;	../..//StdPeriph_Driver/STM8S_StdPeriph_Driver//src/stm8s_tim2.c: 122: (uint8_t)(TIM2_OCPolarity & TIM2_CCER1_CC1P));
      0000E1 7B 09            [ 1]  234 	ld	a, (0x09, sp)
      0000E3 A4 02            [ 1]  235 	and	a, #0x02
      0000E5 1A 02            [ 1]  236 	or	a, (0x02, sp)
      0000E7 1A 01            [ 1]  237 	or	a, (0x01, sp)
      0000E9 C7 53 08         [ 1]  238 	ld	0x5308, a
                                    239 ;	../..//StdPeriph_Driver/STM8S_StdPeriph_Driver//src/stm8s_tim2.c: 125: TIM2->CCMR1 = (uint8_t)((uint8_t)(TIM2->CCMR1 & (uint8_t)(~TIM2_CCMR_OCM)) |
      0000EC C6 53 05         [ 1]  240 	ld	a, 0x5305
      0000EF A4 8F            [ 1]  241 	and	a, #0x8f
                                    242 ;	../..//StdPeriph_Driver/STM8S_StdPeriph_Driver//src/stm8s_tim2.c: 126: (uint8_t)TIM2_OCMode);
      0000F1 1A 05            [ 1]  243 	or	a, (0x05, sp)
      0000F3 C7 53 05         [ 1]  244 	ld	0x5305, a
                                    245 ;	../..//StdPeriph_Driver/STM8S_StdPeriph_Driver//src/stm8s_tim2.c: 129: TIM2->CCR1H = (uint8_t)(TIM2_Pulse >> 8);
      0000F6 7B 07            [ 1]  246 	ld	a, (0x07, sp)
      0000F8 C7 53 0F         [ 1]  247 	ld	0x530f, a
                                    248 ;	../..//StdPeriph_Driver/STM8S_StdPeriph_Driver//src/stm8s_tim2.c: 130: TIM2->CCR1L = (uint8_t)(TIM2_Pulse);
      0000FB 7B 08            [ 1]  249 	ld	a, (0x08, sp)
      0000FD C7 53 10         [ 1]  250 	ld	0x5310, a
                                    251 ;	../..//StdPeriph_Driver/STM8S_StdPeriph_Driver//src/stm8s_tim2.c: 131: }
      000100 85               [ 2]  252 	popw	x
      000101 81               [ 4]  253 	ret
                                    254 ;	../..//StdPeriph_Driver/STM8S_StdPeriph_Driver//src/stm8s_tim2.c: 142: void TIM2_OC2Init(TIM2_OCMode_TypeDef TIM2_OCMode,
                                    255 ;	-----------------------------------------
                                    256 ;	 function TIM2_OC2Init
                                    257 ;	-----------------------------------------
      000102                        258 _TIM2_OC2Init:
      000102 89               [ 2]  259 	pushw	x
                                    260 ;	../..//StdPeriph_Driver/STM8S_StdPeriph_Driver//src/stm8s_tim2.c: 148: assert_param(IS_TIM2_OC_MODE_OK(TIM2_OCMode));
      000103 0D 05            [ 1]  261 	tnz	(0x05, sp)
      000105 27 2D            [ 1]  262 	jreq	00104$
      000107 7B 05            [ 1]  263 	ld	a, (0x05, sp)
      000109 A1 10            [ 1]  264 	cp	a, #0x10
      00010B 27 27            [ 1]  265 	jreq	00104$
      00010D 7B 05            [ 1]  266 	ld	a, (0x05, sp)
      00010F A1 20            [ 1]  267 	cp	a, #0x20
      000111 27 21            [ 1]  268 	jreq	00104$
      000113 7B 05            [ 1]  269 	ld	a, (0x05, sp)
      000115 A1 30            [ 1]  270 	cp	a, #0x30
      000117 27 1B            [ 1]  271 	jreq	00104$
      000119 7B 05            [ 1]  272 	ld	a, (0x05, sp)
      00011B A1 60            [ 1]  273 	cp	a, #0x60
      00011D 27 15            [ 1]  274 	jreq	00104$
      00011F 7B 05            [ 1]  275 	ld	a, (0x05, sp)
      000121 A1 70            [ 1]  276 	cp	a, #0x70
      000123 27 0F            [ 1]  277 	jreq	00104$
      000125 4B 94            [ 1]  278 	push	#0x94
      000127 5F               [ 1]  279 	clrw	x
      000128 89               [ 2]  280 	pushw	x
      000129 4B 00            [ 1]  281 	push	#0x00
      00012B 4Br00            [ 1]  282 	push	#<(___str_0+0)
      00012D 4Bs00            [ 1]  283 	push	#((___str_0+0) >> 8)
      00012F CDr00r00         [ 4]  284 	call	_assert_failed
      000132 5B 06            [ 2]  285 	addw	sp, #6
      000134                        286 00104$:
                                    287 ;	../..//StdPeriph_Driver/STM8S_StdPeriph_Driver//src/stm8s_tim2.c: 149: assert_param(IS_TIM2_OUTPUT_STATE_OK(TIM2_OutputState));
      000134 0D 06            [ 1]  288 	tnz	(0x06, sp)
      000136 27 15            [ 1]  289 	jreq	00121$
      000138 7B 06            [ 1]  290 	ld	a, (0x06, sp)
      00013A A1 11            [ 1]  291 	cp	a, #0x11
      00013C 27 0F            [ 1]  292 	jreq	00121$
      00013E 4B 95            [ 1]  293 	push	#0x95
      000140 5F               [ 1]  294 	clrw	x
      000141 89               [ 2]  295 	pushw	x
      000142 4B 00            [ 1]  296 	push	#0x00
      000144 4Br00            [ 1]  297 	push	#<(___str_0+0)
      000146 4Bs00            [ 1]  298 	push	#((___str_0+0) >> 8)
      000148 CDr00r00         [ 4]  299 	call	_assert_failed
      00014B 5B 06            [ 2]  300 	addw	sp, #6
      00014D                        301 00121$:
                                    302 ;	../..//StdPeriph_Driver/STM8S_StdPeriph_Driver//src/stm8s_tim2.c: 150: assert_param(IS_TIM2_OC_POLARITY_OK(TIM2_OCPolarity));
      00014D 0D 09            [ 1]  303 	tnz	(0x09, sp)
      00014F 27 15            [ 1]  304 	jreq	00126$
      000151 7B 09            [ 1]  305 	ld	a, (0x09, sp)
      000153 A1 22            [ 1]  306 	cp	a, #0x22
      000155 27 0F            [ 1]  307 	jreq	00126$
      000157 4B 96            [ 1]  308 	push	#0x96
      000159 5F               [ 1]  309 	clrw	x
      00015A 89               [ 2]  310 	pushw	x
      00015B 4B 00            [ 1]  311 	push	#0x00
      00015D 4Br00            [ 1]  312 	push	#<(___str_0+0)
      00015F 4Bs00            [ 1]  313 	push	#((___str_0+0) >> 8)
      000161 CDr00r00         [ 4]  314 	call	_assert_failed
      000164 5B 06            [ 2]  315 	addw	sp, #6
      000166                        316 00126$:
                                    317 ;	../..//StdPeriph_Driver/STM8S_StdPeriph_Driver//src/stm8s_tim2.c: 154: TIM2->CCER1 &= (uint8_t)(~( TIM2_CCER1_CC2E |  TIM2_CCER1_CC2P ));
      000166 C6 53 08         [ 1]  318 	ld	a, 0x5308
      000169 A4 CF            [ 1]  319 	and	a, #0xcf
      00016B C7 53 08         [ 1]  320 	ld	0x5308, a
                                    321 ;	../..//StdPeriph_Driver/STM8S_StdPeriph_Driver//src/stm8s_tim2.c: 156: TIM2->CCER1 |= (uint8_t)((uint8_t)(TIM2_OutputState  & TIM2_CCER1_CC2E ) |
      00016E C6 53 08         [ 1]  322 	ld	a, 0x5308
      000171 6B 01            [ 1]  323 	ld	(0x01, sp), a
      000173 7B 06            [ 1]  324 	ld	a, (0x06, sp)
      000175 A4 10            [ 1]  325 	and	a, #0x10
      000177 6B 02            [ 1]  326 	ld	(0x02, sp), a
                                    327 ;	../..//StdPeriph_Driver/STM8S_StdPeriph_Driver//src/stm8s_tim2.c: 157: (uint8_t)(TIM2_OCPolarity & TIM2_CCER1_CC2P));
      000179 7B 09            [ 1]  328 	ld	a, (0x09, sp)
      00017B A4 20            [ 1]  329 	and	a, #0x20
      00017D 1A 02            [ 1]  330 	or	a, (0x02, sp)
      00017F 1A 01            [ 1]  331 	or	a, (0x01, sp)
      000181 C7 53 08         [ 1]  332 	ld	0x5308, a
                                    333 ;	../..//StdPeriph_Driver/STM8S_StdPeriph_Driver//src/stm8s_tim2.c: 161: TIM2->CCMR2 = (uint8_t)((uint8_t)(TIM2->CCMR2 & (uint8_t)(~TIM2_CCMR_OCM)) | 
      000184 C6 53 06         [ 1]  334 	ld	a, 0x5306
      000187 A4 8F            [ 1]  335 	and	a, #0x8f
                                    336 ;	../..//StdPeriph_Driver/STM8S_StdPeriph_Driver//src/stm8s_tim2.c: 162: (uint8_t)TIM2_OCMode);
      000189 1A 05            [ 1]  337 	or	a, (0x05, sp)
      00018B C7 53 06         [ 1]  338 	ld	0x5306, a
                                    339 ;	../..//StdPeriph_Driver/STM8S_StdPeriph_Driver//src/stm8s_tim2.c: 166: TIM2->CCR2H = (uint8_t)(TIM2_Pulse >> 8);
      00018E 7B 07            [ 1]  340 	ld	a, (0x07, sp)
      000190 C7 53 11         [ 1]  341 	ld	0x5311, a
                                    342 ;	../..//StdPeriph_Driver/STM8S_StdPeriph_Driver//src/stm8s_tim2.c: 167: TIM2->CCR2L = (uint8_t)(TIM2_Pulse);
      000193 7B 08            [ 1]  343 	ld	a, (0x08, sp)
      000195 C7 53 12         [ 1]  344 	ld	0x5312, a
                                    345 ;	../..//StdPeriph_Driver/STM8S_StdPeriph_Driver//src/stm8s_tim2.c: 168: }
      000198 85               [ 2]  346 	popw	x
      000199 81               [ 4]  347 	ret
                                    348 ;	../..//StdPeriph_Driver/STM8S_StdPeriph_Driver//src/stm8s_tim2.c: 179: void TIM2_OC3Init(TIM2_OCMode_TypeDef TIM2_OCMode,
                                    349 ;	-----------------------------------------
                                    350 ;	 function TIM2_OC3Init
                                    351 ;	-----------------------------------------
      00019A                        352 _TIM2_OC3Init:
      00019A 89               [ 2]  353 	pushw	x
                                    354 ;	../..//StdPeriph_Driver/STM8S_StdPeriph_Driver//src/stm8s_tim2.c: 185: assert_param(IS_TIM2_OC_MODE_OK(TIM2_OCMode));
      00019B 0D 05            [ 1]  355 	tnz	(0x05, sp)
      00019D 27 2D            [ 1]  356 	jreq	00104$
      00019F 7B 05            [ 1]  357 	ld	a, (0x05, sp)
      0001A1 A1 10            [ 1]  358 	cp	a, #0x10
      0001A3 27 27            [ 1]  359 	jreq	00104$
      0001A5 7B 05            [ 1]  360 	ld	a, (0x05, sp)
      0001A7 A1 20            [ 1]  361 	cp	a, #0x20
      0001A9 27 21            [ 1]  362 	jreq	00104$
      0001AB 7B 05            [ 1]  363 	ld	a, (0x05, sp)
      0001AD A1 30            [ 1]  364 	cp	a, #0x30
      0001AF 27 1B            [ 1]  365 	jreq	00104$
      0001B1 7B 05            [ 1]  366 	ld	a, (0x05, sp)
      0001B3 A1 60            [ 1]  367 	cp	a, #0x60
      0001B5 27 15            [ 1]  368 	jreq	00104$
      0001B7 7B 05            [ 1]  369 	ld	a, (0x05, sp)
      0001B9 A1 70            [ 1]  370 	cp	a, #0x70
      0001BB 27 0F            [ 1]  371 	jreq	00104$
      0001BD 4B B9            [ 1]  372 	push	#0xb9
      0001BF 5F               [ 1]  373 	clrw	x
      0001C0 89               [ 2]  374 	pushw	x
      0001C1 4B 00            [ 1]  375 	push	#0x00
      0001C3 4Br00            [ 1]  376 	push	#<(___str_0+0)
      0001C5 4Bs00            [ 1]  377 	push	#((___str_0+0) >> 8)
      0001C7 CDr00r00         [ 4]  378 	call	_assert_failed
      0001CA 5B 06            [ 2]  379 	addw	sp, #6
      0001CC                        380 00104$:
                                    381 ;	../..//StdPeriph_Driver/STM8S_StdPeriph_Driver//src/stm8s_tim2.c: 186: assert_param(IS_TIM2_OUTPUT_STATE_OK(TIM2_OutputState));
      0001CC 0D 06            [ 1]  382 	tnz	(0x06, sp)
      0001CE 27 15            [ 1]  383 	jreq	00121$
      0001D0 7B 06            [ 1]  384 	ld	a, (0x06, sp)
      0001D2 A1 11            [ 1]  385 	cp	a, #0x11
      0001D4 27 0F            [ 1]  386 	jreq	00121$
      0001D6 4B BA            [ 1]  387 	push	#0xba
      0001D8 5F               [ 1]  388 	clrw	x
      0001D9 89               [ 2]  389 	pushw	x
      0001DA 4B 00            [ 1]  390 	push	#0x00
      0001DC 4Br00            [ 1]  391 	push	#<(___str_0+0)
      0001DE 4Bs00            [ 1]  392 	push	#((___str_0+0) >> 8)
      0001E0 CDr00r00         [ 4]  393 	call	_assert_failed
      0001E3 5B 06            [ 2]  394 	addw	sp, #6
      0001E5                        395 00121$:
                                    396 ;	../..//StdPeriph_Driver/STM8S_StdPeriph_Driver//src/stm8s_tim2.c: 187: assert_param(IS_TIM2_OC_POLARITY_OK(TIM2_OCPolarity));
      0001E5 0D 09            [ 1]  397 	tnz	(0x09, sp)
      0001E7 27 15            [ 1]  398 	jreq	00126$
      0001E9 7B 09            [ 1]  399 	ld	a, (0x09, sp)
      0001EB A1 22            [ 1]  400 	cp	a, #0x22
      0001ED 27 0F            [ 1]  401 	jreq	00126$
      0001EF 4B BB            [ 1]  402 	push	#0xbb
      0001F1 5F               [ 1]  403 	clrw	x
      0001F2 89               [ 2]  404 	pushw	x
      0001F3 4B 00            [ 1]  405 	push	#0x00
      0001F5 4Br00            [ 1]  406 	push	#<(___str_0+0)
      0001F7 4Bs00            [ 1]  407 	push	#((___str_0+0) >> 8)
      0001F9 CDr00r00         [ 4]  408 	call	_assert_failed
      0001FC 5B 06            [ 2]  409 	addw	sp, #6
      0001FE                        410 00126$:
                                    411 ;	../..//StdPeriph_Driver/STM8S_StdPeriph_Driver//src/stm8s_tim2.c: 189: TIM2->CCER2 &= (uint8_t)(~( TIM2_CCER2_CC3E  | TIM2_CCER2_CC3P));
      0001FE C6 53 09         [ 1]  412 	ld	a, 0x5309
      000201 A4 FC            [ 1]  413 	and	a, #0xfc
      000203 C7 53 09         [ 1]  414 	ld	0x5309, a
                                    415 ;	../..//StdPeriph_Driver/STM8S_StdPeriph_Driver//src/stm8s_tim2.c: 191: TIM2->CCER2 |= (uint8_t)((uint8_t)(TIM2_OutputState & TIM2_CCER2_CC3E) |  
      000206 C6 53 09         [ 1]  416 	ld	a, 0x5309
      000209 6B 01            [ 1]  417 	ld	(0x01, sp), a
      00020B 7B 06            [ 1]  418 	ld	a, (0x06, sp)
      00020D A4 01            [ 1]  419 	and	a, #0x01
      00020F 6B 02            [ 1]  420 	ld	(0x02, sp), a
                                    421 ;	../..//StdPeriph_Driver/STM8S_StdPeriph_Driver//src/stm8s_tim2.c: 192: (uint8_t)(TIM2_OCPolarity & TIM2_CCER2_CC3P));
      000211 7B 09            [ 1]  422 	ld	a, (0x09, sp)
      000213 A4 02            [ 1]  423 	and	a, #0x02
      000215 1A 02            [ 1]  424 	or	a, (0x02, sp)
      000217 1A 01            [ 1]  425 	or	a, (0x01, sp)
      000219 C7 53 09         [ 1]  426 	ld	0x5309, a
                                    427 ;	../..//StdPeriph_Driver/STM8S_StdPeriph_Driver//src/stm8s_tim2.c: 195: TIM2->CCMR3 = (uint8_t)((uint8_t)(TIM2->CCMR3 & (uint8_t)(~TIM2_CCMR_OCM)) |
      00021C C6 53 07         [ 1]  428 	ld	a, 0x5307
      00021F A4 8F            [ 1]  429 	and	a, #0x8f
                                    430 ;	../..//StdPeriph_Driver/STM8S_StdPeriph_Driver//src/stm8s_tim2.c: 196: (uint8_t)TIM2_OCMode);
      000221 1A 05            [ 1]  431 	or	a, (0x05, sp)
      000223 C7 53 07         [ 1]  432 	ld	0x5307, a
                                    433 ;	../..//StdPeriph_Driver/STM8S_StdPeriph_Driver//src/stm8s_tim2.c: 199: TIM2->CCR3H = (uint8_t)(TIM2_Pulse >> 8);
      000226 7B 07            [ 1]  434 	ld	a, (0x07, sp)
      000228 C7 53 13         [ 1]  435 	ld	0x5313, a
                                    436 ;	../..//StdPeriph_Driver/STM8S_StdPeriph_Driver//src/stm8s_tim2.c: 200: TIM2->CCR3L = (uint8_t)(TIM2_Pulse);
      00022B 7B 08            [ 1]  437 	ld	a, (0x08, sp)
      00022D C7 53 14         [ 1]  438 	ld	0x5314, a
                                    439 ;	../..//StdPeriph_Driver/STM8S_StdPeriph_Driver//src/stm8s_tim2.c: 201: }
      000230 85               [ 2]  440 	popw	x
      000231 81               [ 4]  441 	ret
                                    442 ;	../..//StdPeriph_Driver/STM8S_StdPeriph_Driver//src/stm8s_tim2.c: 212: void TIM2_ICInit(TIM2_Channel_TypeDef TIM2_Channel,
                                    443 ;	-----------------------------------------
                                    444 ;	 function TIM2_ICInit
                                    445 ;	-----------------------------------------
      000232                        446 _TIM2_ICInit:
      000232 88               [ 1]  447 	push	a
                                    448 ;	../..//StdPeriph_Driver/STM8S_StdPeriph_Driver//src/stm8s_tim2.c: 219: assert_param(IS_TIM2_CHANNEL_OK(TIM2_Channel));
      000233 7B 04            [ 1]  449 	ld	a, (0x04, sp)
      000235 4A               [ 1]  450 	dec	a
      000236 26 05            [ 1]  451 	jrne	00219$
      000238 A6 01            [ 1]  452 	ld	a, #0x01
      00023A 6B 01            [ 1]  453 	ld	(0x01, sp), a
      00023C C5                     454 	.byte 0xc5
      00023D                        455 00219$:
      00023D 0F 01            [ 1]  456 	clr	(0x01, sp)
      00023F                        457 00220$:
      00023F 0D 04            [ 1]  458 	tnz	(0x04, sp)
      000241 27 19            [ 1]  459 	jreq	00110$
      000243 0D 01            [ 1]  460 	tnz	(0x01, sp)
      000245 26 15            [ 1]  461 	jrne	00110$
      000247 7B 04            [ 1]  462 	ld	a, (0x04, sp)
      000249 A1 02            [ 1]  463 	cp	a, #0x02
      00024B 27 0F            [ 1]  464 	jreq	00110$
      00024D 4B DB            [ 1]  465 	push	#0xdb
      00024F 5F               [ 1]  466 	clrw	x
      000250 89               [ 2]  467 	pushw	x
      000251 4B 00            [ 1]  468 	push	#0x00
      000253 4Br00            [ 1]  469 	push	#<(___str_0+0)
      000255 4Bs00            [ 1]  470 	push	#((___str_0+0) >> 8)
      000257 CDr00r00         [ 4]  471 	call	_assert_failed
      00025A 5B 06            [ 2]  472 	addw	sp, #6
      00025C                        473 00110$:
                                    474 ;	../..//StdPeriph_Driver/STM8S_StdPeriph_Driver//src/stm8s_tim2.c: 220: assert_param(IS_TIM2_IC_POLARITY_OK(TIM2_ICPolarity));
      00025C 0D 05            [ 1]  475 	tnz	(0x05, sp)
      00025E 27 15            [ 1]  476 	jreq	00118$
      000260 7B 05            [ 1]  477 	ld	a, (0x05, sp)
      000262 A1 44            [ 1]  478 	cp	a, #0x44
      000264 27 0F            [ 1]  479 	jreq	00118$
      000266 4B DC            [ 1]  480 	push	#0xdc
      000268 5F               [ 1]  481 	clrw	x
      000269 89               [ 2]  482 	pushw	x
      00026A 4B 00            [ 1]  483 	push	#0x00
      00026C 4Br00            [ 1]  484 	push	#<(___str_0+0)
      00026E 4Bs00            [ 1]  485 	push	#((___str_0+0) >> 8)
      000270 CDr00r00         [ 4]  486 	call	_assert_failed
      000273 5B 06            [ 2]  487 	addw	sp, #6
      000275                        488 00118$:
                                    489 ;	../..//StdPeriph_Driver/STM8S_StdPeriph_Driver//src/stm8s_tim2.c: 221: assert_param(IS_TIM2_IC_SELECTION_OK(TIM2_ICSelection));
      000275 7B 06            [ 1]  490 	ld	a, (0x06, sp)
      000277 4A               [ 1]  491 	dec	a
      000278 27 1B            [ 1]  492 	jreq	00123$
      00027A 7B 06            [ 1]  493 	ld	a, (0x06, sp)
      00027C A1 02            [ 1]  494 	cp	a, #0x02
      00027E 27 15            [ 1]  495 	jreq	00123$
      000280 7B 06            [ 1]  496 	ld	a, (0x06, sp)
      000282 A1 03            [ 1]  497 	cp	a, #0x03
      000284 27 0F            [ 1]  498 	jreq	00123$
      000286 4B DD            [ 1]  499 	push	#0xdd
      000288 5F               [ 1]  500 	clrw	x
      000289 89               [ 2]  501 	pushw	x
      00028A 4B 00            [ 1]  502 	push	#0x00
      00028C 4Br00            [ 1]  503 	push	#<(___str_0+0)
      00028E 4Bs00            [ 1]  504 	push	#((___str_0+0) >> 8)
      000290 CDr00r00         [ 4]  505 	call	_assert_failed
      000293 5B 06            [ 2]  506 	addw	sp, #6
      000295                        507 00123$:
                                    508 ;	../..//StdPeriph_Driver/STM8S_StdPeriph_Driver//src/stm8s_tim2.c: 222: assert_param(IS_TIM2_IC_PRESCALER_OK(TIM2_ICPrescaler));
      000295 0D 07            [ 1]  509 	tnz	(0x07, sp)
      000297 27 21            [ 1]  510 	jreq	00131$
      000299 7B 07            [ 1]  511 	ld	a, (0x07, sp)
      00029B A1 04            [ 1]  512 	cp	a, #0x04
      00029D 27 1B            [ 1]  513 	jreq	00131$
      00029F 7B 07            [ 1]  514 	ld	a, (0x07, sp)
      0002A1 A1 08            [ 1]  515 	cp	a, #0x08
      0002A3 27 15            [ 1]  516 	jreq	00131$
      0002A5 7B 07            [ 1]  517 	ld	a, (0x07, sp)
      0002A7 A1 0C            [ 1]  518 	cp	a, #0x0c
      0002A9 27 0F            [ 1]  519 	jreq	00131$
      0002AB 4B DE            [ 1]  520 	push	#0xde
      0002AD 5F               [ 1]  521 	clrw	x
      0002AE 89               [ 2]  522 	pushw	x
      0002AF 4B 00            [ 1]  523 	push	#0x00
      0002B1 4Br00            [ 1]  524 	push	#<(___str_0+0)
      0002B3 4Bs00            [ 1]  525 	push	#((___str_0+0) >> 8)
      0002B5 CDr00r00         [ 4]  526 	call	_assert_failed
      0002B8 5B 06            [ 2]  527 	addw	sp, #6
      0002BA                        528 00131$:
                                    529 ;	../..//StdPeriph_Driver/STM8S_StdPeriph_Driver//src/stm8s_tim2.c: 223: assert_param(IS_TIM2_IC_FILTER_OK(TIM2_ICFilter));
      0002BA 7B 08            [ 1]  530 	ld	a, (0x08, sp)
      0002BC A1 0F            [ 1]  531 	cp	a, #0x0f
      0002BE 23 0F            [ 2]  532 	jrule	00142$
      0002C0 4B DF            [ 1]  533 	push	#0xdf
      0002C2 5F               [ 1]  534 	clrw	x
      0002C3 89               [ 2]  535 	pushw	x
      0002C4 4B 00            [ 1]  536 	push	#0x00
      0002C6 4Br00            [ 1]  537 	push	#<(___str_0+0)
      0002C8 4Bs00            [ 1]  538 	push	#((___str_0+0) >> 8)
      0002CA CDr00r00         [ 4]  539 	call	_assert_failed
      0002CD 5B 06            [ 2]  540 	addw	sp, #6
      0002CF                        541 00142$:
                                    542 ;	../..//StdPeriph_Driver/STM8S_StdPeriph_Driver//src/stm8s_tim2.c: 225: if (TIM2_Channel == TIM2_CHANNEL_1)
      0002CF 0D 04            [ 1]  543 	tnz	(0x04, sp)
      0002D1 26 17            [ 1]  544 	jrne	00105$
                                    545 ;	../..//StdPeriph_Driver/STM8S_StdPeriph_Driver//src/stm8s_tim2.c: 228: TI1_Config((uint8_t)TIM2_ICPolarity,
      0002D3 7B 08            [ 1]  546 	ld	a, (0x08, sp)
      0002D5 88               [ 1]  547 	push	a
      0002D6 7B 07            [ 1]  548 	ld	a, (0x07, sp)
      0002D8 88               [ 1]  549 	push	a
      0002D9 7B 07            [ 1]  550 	ld	a, (0x07, sp)
      0002DB 88               [ 1]  551 	push	a
      0002DC CDr0Ar9C         [ 4]  552 	call	_TI1_Config
      0002DF 5B 03            [ 2]  553 	addw	sp, #3
                                    554 ;	../..//StdPeriph_Driver/STM8S_StdPeriph_Driver//src/stm8s_tim2.c: 233: TIM2_SetIC1Prescaler(TIM2_ICPrescaler);
      0002E1 7B 07            [ 1]  555 	ld	a, (0x07, sp)
      0002E3 88               [ 1]  556 	push	a
      0002E4 CDr08rC3         [ 4]  557 	call	_TIM2_SetIC1Prescaler
      0002E7 84               [ 1]  558 	pop	a
      0002E8 20 30            [ 2]  559 	jra	00107$
      0002EA                        560 00105$:
                                    561 ;	../..//StdPeriph_Driver/STM8S_StdPeriph_Driver//src/stm8s_tim2.c: 235: else if (TIM2_Channel == TIM2_CHANNEL_2)
      0002EA 7B 01            [ 1]  562 	ld	a, (0x01, sp)
      0002EC 27 17            [ 1]  563 	jreq	00102$
                                    564 ;	../..//StdPeriph_Driver/STM8S_StdPeriph_Driver//src/stm8s_tim2.c: 238: TI2_Config((uint8_t)TIM2_ICPolarity,
      0002EE 7B 08            [ 1]  565 	ld	a, (0x08, sp)
      0002F0 88               [ 1]  566 	push	a
      0002F1 7B 07            [ 1]  567 	ld	a, (0x07, sp)
      0002F3 88               [ 1]  568 	push	a
      0002F4 7B 07            [ 1]  569 	ld	a, (0x07, sp)
      0002F6 88               [ 1]  570 	push	a
      0002F7 CDr0ArCD         [ 4]  571 	call	_TI2_Config
      0002FA 5B 03            [ 2]  572 	addw	sp, #3
                                    573 ;	../..//StdPeriph_Driver/STM8S_StdPeriph_Driver//src/stm8s_tim2.c: 243: TIM2_SetIC2Prescaler(TIM2_ICPrescaler);
      0002FC 7B 07            [ 1]  574 	ld	a, (0x07, sp)
      0002FE 88               [ 1]  575 	push	a
      0002FF CDr08rF3         [ 4]  576 	call	_TIM2_SetIC2Prescaler
      000302 84               [ 1]  577 	pop	a
      000303 20 15            [ 2]  578 	jra	00107$
      000305                        579 00102$:
                                    580 ;	../..//StdPeriph_Driver/STM8S_StdPeriph_Driver//src/stm8s_tim2.c: 248: TI3_Config((uint8_t)TIM2_ICPolarity,
      000305 7B 08            [ 1]  581 	ld	a, (0x08, sp)
      000307 88               [ 1]  582 	push	a
      000308 7B 07            [ 1]  583 	ld	a, (0x07, sp)
      00030A 88               [ 1]  584 	push	a
      00030B 7B 07            [ 1]  585 	ld	a, (0x07, sp)
      00030D 88               [ 1]  586 	push	a
      00030E CDr0ArFE         [ 4]  587 	call	_TI3_Config
      000311 5B 03            [ 2]  588 	addw	sp, #3
                                    589 ;	../..//StdPeriph_Driver/STM8S_StdPeriph_Driver//src/stm8s_tim2.c: 253: TIM2_SetIC3Prescaler(TIM2_ICPrescaler);
      000313 7B 07            [ 1]  590 	ld	a, (0x07, sp)
      000315 88               [ 1]  591 	push	a
      000316 CDr09r23         [ 4]  592 	call	_TIM2_SetIC3Prescaler
      000319 84               [ 1]  593 	pop	a
      00031A                        594 00107$:
                                    595 ;	../..//StdPeriph_Driver/STM8S_StdPeriph_Driver//src/stm8s_tim2.c: 255: }
      00031A 84               [ 1]  596 	pop	a
      00031B 81               [ 4]  597 	ret
                                    598 ;	../..//StdPeriph_Driver/STM8S_StdPeriph_Driver//src/stm8s_tim2.c: 266: void TIM2_PWMIConfig(TIM2_Channel_TypeDef TIM2_Channel,
                                    599 ;	-----------------------------------------
                                    600 ;	 function TIM2_PWMIConfig
                                    601 ;	-----------------------------------------
      00031C                        602 _TIM2_PWMIConfig:
      00031C 89               [ 2]  603 	pushw	x
                                    604 ;	../..//StdPeriph_Driver/STM8S_StdPeriph_Driver//src/stm8s_tim2.c: 276: assert_param(IS_TIM2_PWMI_CHANNEL_OK(TIM2_Channel));
      00031D 0D 05            [ 1]  605 	tnz	(0x05, sp)
      00031F 27 14            [ 1]  606 	jreq	00113$
      000321 7B 05            [ 1]  607 	ld	a, (0x05, sp)
      000323 4A               [ 1]  608 	dec	a
      000324 27 0F            [ 1]  609 	jreq	00113$
      000326 4B 14            [ 1]  610 	push	#0x14
      000328 4B 01            [ 1]  611 	push	#0x01
      00032A 5F               [ 1]  612 	clrw	x
      00032B 89               [ 2]  613 	pushw	x
      00032C 4Br00            [ 1]  614 	push	#<(___str_0+0)
      00032E 4Bs00            [ 1]  615 	push	#((___str_0+0) >> 8)
      000330 CDr00r00         [ 4]  616 	call	_assert_failed
      000333 5B 06            [ 2]  617 	addw	sp, #6
      000335                        618 00113$:
                                    619 ;	../..//StdPeriph_Driver/STM8S_StdPeriph_Driver//src/stm8s_tim2.c: 277: assert_param(IS_TIM2_IC_POLARITY_OK(TIM2_ICPolarity));
      000335 7B 06            [ 1]  620 	ld	a, (0x06, sp)
      000337 A0 44            [ 1]  621 	sub	a, #0x44
      000339 26 04            [ 1]  622 	jrne	00216$
      00033B 4C               [ 1]  623 	inc	a
      00033C 6B 01            [ 1]  624 	ld	(0x01, sp), a
      00033E C5                     625 	.byte 0xc5
      00033F                        626 00216$:
      00033F 0F 01            [ 1]  627 	clr	(0x01, sp)
      000341                        628 00217$:
      000341 0D 06            [ 1]  629 	tnz	(0x06, sp)
      000343 27 13            [ 1]  630 	jreq	00118$
      000345 0D 01            [ 1]  631 	tnz	(0x01, sp)
      000347 26 0F            [ 1]  632 	jrne	00118$
      000349 4B 15            [ 1]  633 	push	#0x15
      00034B 4B 01            [ 1]  634 	push	#0x01
      00034D 5F               [ 1]  635 	clrw	x
      00034E 89               [ 2]  636 	pushw	x
      00034F 4Br00            [ 1]  637 	push	#<(___str_0+0)
      000351 4Bs00            [ 1]  638 	push	#((___str_0+0) >> 8)
      000353 CDr00r00         [ 4]  639 	call	_assert_failed
      000356 5B 06            [ 2]  640 	addw	sp, #6
      000358                        641 00118$:
                                    642 ;	../..//StdPeriph_Driver/STM8S_StdPeriph_Driver//src/stm8s_tim2.c: 278: assert_param(IS_TIM2_IC_SELECTION_OK(TIM2_ICSelection));
      000358 7B 07            [ 1]  643 	ld	a, (0x07, sp)
      00035A 4A               [ 1]  644 	dec	a
      00035B 26 05            [ 1]  645 	jrne	00221$
      00035D A6 01            [ 1]  646 	ld	a, #0x01
      00035F 6B 02            [ 1]  647 	ld	(0x02, sp), a
      000361 C5                     648 	.byte 0xc5
      000362                        649 00221$:
      000362 0F 02            [ 1]  650 	clr	(0x02, sp)
      000364                        651 00222$:
      000364 0D 02            [ 1]  652 	tnz	(0x02, sp)
      000366 26 1B            [ 1]  653 	jrne	00123$
      000368 7B 07            [ 1]  654 	ld	a, (0x07, sp)
      00036A A1 02            [ 1]  655 	cp	a, #0x02
      00036C 27 15            [ 1]  656 	jreq	00123$
      00036E 7B 07            [ 1]  657 	ld	a, (0x07, sp)
      000370 A1 03            [ 1]  658 	cp	a, #0x03
      000372 27 0F            [ 1]  659 	jreq	00123$
      000374 4B 16            [ 1]  660 	push	#0x16
      000376 4B 01            [ 1]  661 	push	#0x01
      000378 5F               [ 1]  662 	clrw	x
      000379 89               [ 2]  663 	pushw	x
      00037A 4Br00            [ 1]  664 	push	#<(___str_0+0)
      00037C 4Bs00            [ 1]  665 	push	#((___str_0+0) >> 8)
      00037E CDr00r00         [ 4]  666 	call	_assert_failed
      000381 5B 06            [ 2]  667 	addw	sp, #6
      000383                        668 00123$:
                                    669 ;	../..//StdPeriph_Driver/STM8S_StdPeriph_Driver//src/stm8s_tim2.c: 279: assert_param(IS_TIM2_IC_PRESCALER_OK(TIM2_ICPrescaler));
      000383 0D 08            [ 1]  670 	tnz	(0x08, sp)
      000385 27 21            [ 1]  671 	jreq	00131$
      000387 7B 08            [ 1]  672 	ld	a, (0x08, sp)
      000389 A1 04            [ 1]  673 	cp	a, #0x04
      00038B 27 1B            [ 1]  674 	jreq	00131$
      00038D 7B 08            [ 1]  675 	ld	a, (0x08, sp)
      00038F A1 08            [ 1]  676 	cp	a, #0x08
      000391 27 15            [ 1]  677 	jreq	00131$
      000393 7B 08            [ 1]  678 	ld	a, (0x08, sp)
      000395 A1 0C            [ 1]  679 	cp	a, #0x0c
      000397 27 0F            [ 1]  680 	jreq	00131$
      000399 4B 17            [ 1]  681 	push	#0x17
      00039B 4B 01            [ 1]  682 	push	#0x01
      00039D 5F               [ 1]  683 	clrw	x
      00039E 89               [ 2]  684 	pushw	x
      00039F 4Br00            [ 1]  685 	push	#<(___str_0+0)
      0003A1 4Bs00            [ 1]  686 	push	#((___str_0+0) >> 8)
      0003A3 CDr00r00         [ 4]  687 	call	_assert_failed
      0003A6 5B 06            [ 2]  688 	addw	sp, #6
      0003A8                        689 00131$:
                                    690 ;	../..//StdPeriph_Driver/STM8S_StdPeriph_Driver//src/stm8s_tim2.c: 282: if (TIM2_ICPolarity != TIM2_ICPOLARITY_FALLING)
      0003A8 0D 01            [ 1]  691 	tnz	(0x01, sp)
      0003AA 26 05            [ 1]  692 	jrne	00102$
                                    693 ;	../..//StdPeriph_Driver/STM8S_StdPeriph_Driver//src/stm8s_tim2.c: 284: icpolarity = (uint8_t)TIM2_ICPOLARITY_FALLING;
      0003AC A6 44            [ 1]  694 	ld	a, #0x44
      0003AE 6B 01            [ 1]  695 	ld	(0x01, sp), a
                                    696 ;	../..//StdPeriph_Driver/STM8S_StdPeriph_Driver//src/stm8s_tim2.c: 288: icpolarity = (uint8_t)TIM2_ICPOLARITY_RISING;
      0003B0 C5                     697 	.byte 0xc5
      0003B1                        698 00102$:
      0003B1 0F 01            [ 1]  699 	clr	(0x01, sp)
      0003B3                        700 00103$:
                                    701 ;	../..//StdPeriph_Driver/STM8S_StdPeriph_Driver//src/stm8s_tim2.c: 292: if (TIM2_ICSelection == TIM2_ICSELECTION_DIRECTTI)
      0003B3 7B 02            [ 1]  702 	ld	a, (0x02, sp)
      0003B5 27 06            [ 1]  703 	jreq	00105$
                                    704 ;	../..//StdPeriph_Driver/STM8S_StdPeriph_Driver//src/stm8s_tim2.c: 294: icselection = (uint8_t)TIM2_ICSELECTION_INDIRECTTI;
      0003B7 A6 02            [ 1]  705 	ld	a, #0x02
      0003B9 6B 02            [ 1]  706 	ld	(0x02, sp), a
      0003BB 20 04            [ 2]  707 	jra	00106$
      0003BD                        708 00105$:
                                    709 ;	../..//StdPeriph_Driver/STM8S_StdPeriph_Driver//src/stm8s_tim2.c: 298: icselection = (uint8_t)TIM2_ICSELECTION_DIRECTTI;
      0003BD A6 01            [ 1]  710 	ld	a, #0x01
      0003BF 6B 02            [ 1]  711 	ld	(0x02, sp), a
      0003C1                        712 00106$:
                                    713 ;	../..//StdPeriph_Driver/STM8S_StdPeriph_Driver//src/stm8s_tim2.c: 301: if (TIM2_Channel == TIM2_CHANNEL_1)
      0003C1 0D 05            [ 1]  714 	tnz	(0x05, sp)
      0003C3 26 2C            [ 1]  715 	jrne	00108$
                                    716 ;	../..//StdPeriph_Driver/STM8S_StdPeriph_Driver//src/stm8s_tim2.c: 304: TI1_Config((uint8_t)TIM2_ICPolarity, (uint8_t)TIM2_ICSelection,
      0003C5 7B 09            [ 1]  717 	ld	a, (0x09, sp)
      0003C7 88               [ 1]  718 	push	a
      0003C8 7B 08            [ 1]  719 	ld	a, (0x08, sp)
      0003CA 88               [ 1]  720 	push	a
      0003CB 7B 08            [ 1]  721 	ld	a, (0x08, sp)
      0003CD 88               [ 1]  722 	push	a
      0003CE CDr0Ar9C         [ 4]  723 	call	_TI1_Config
      0003D1 5B 03            [ 2]  724 	addw	sp, #3
                                    725 ;	../..//StdPeriph_Driver/STM8S_StdPeriph_Driver//src/stm8s_tim2.c: 308: TIM2_SetIC1Prescaler(TIM2_ICPrescaler);
      0003D3 7B 08            [ 1]  726 	ld	a, (0x08, sp)
      0003D5 88               [ 1]  727 	push	a
      0003D6 CDr08rC3         [ 4]  728 	call	_TIM2_SetIC1Prescaler
      0003D9 84               [ 1]  729 	pop	a
                                    730 ;	../..//StdPeriph_Driver/STM8S_StdPeriph_Driver//src/stm8s_tim2.c: 311: TI2_Config(icpolarity, icselection, TIM2_ICFilter);
      0003DA 7B 09            [ 1]  731 	ld	a, (0x09, sp)
      0003DC 88               [ 1]  732 	push	a
      0003DD 7B 03            [ 1]  733 	ld	a, (0x03, sp)
      0003DF 88               [ 1]  734 	push	a
      0003E0 7B 03            [ 1]  735 	ld	a, (0x03, sp)
      0003E2 88               [ 1]  736 	push	a
      0003E3 CDr0ArCD         [ 4]  737 	call	_TI2_Config
      0003E6 5B 03            [ 2]  738 	addw	sp, #3
                                    739 ;	../..//StdPeriph_Driver/STM8S_StdPeriph_Driver//src/stm8s_tim2.c: 314: TIM2_SetIC2Prescaler(TIM2_ICPrescaler);
      0003E8 7B 08            [ 1]  740 	ld	a, (0x08, sp)
      0003EA 88               [ 1]  741 	push	a
      0003EB CDr08rF3         [ 4]  742 	call	_TIM2_SetIC2Prescaler
      0003EE 84               [ 1]  743 	pop	a
      0003EF 20 2A            [ 2]  744 	jra	00110$
      0003F1                        745 00108$:
                                    746 ;	../..//StdPeriph_Driver/STM8S_StdPeriph_Driver//src/stm8s_tim2.c: 319: TI2_Config((uint8_t)TIM2_ICPolarity, (uint8_t)TIM2_ICSelection,
      0003F1 7B 09            [ 1]  747 	ld	a, (0x09, sp)
      0003F3 88               [ 1]  748 	push	a
      0003F4 7B 08            [ 1]  749 	ld	a, (0x08, sp)
      0003F6 88               [ 1]  750 	push	a
      0003F7 7B 08            [ 1]  751 	ld	a, (0x08, sp)
      0003F9 88               [ 1]  752 	push	a
      0003FA CDr0ArCD         [ 4]  753 	call	_TI2_Config
      0003FD 5B 03            [ 2]  754 	addw	sp, #3
                                    755 ;	../..//StdPeriph_Driver/STM8S_StdPeriph_Driver//src/stm8s_tim2.c: 323: TIM2_SetIC2Prescaler(TIM2_ICPrescaler);
      0003FF 7B 08            [ 1]  756 	ld	a, (0x08, sp)
      000401 88               [ 1]  757 	push	a
      000402 CDr08rF3         [ 4]  758 	call	_TIM2_SetIC2Prescaler
      000405 84               [ 1]  759 	pop	a
                                    760 ;	../..//StdPeriph_Driver/STM8S_StdPeriph_Driver//src/stm8s_tim2.c: 326: TI1_Config((uint8_t)icpolarity, icselection, (uint8_t)TIM2_ICFilter);
      000406 7B 09            [ 1]  761 	ld	a, (0x09, sp)
      000408 88               [ 1]  762 	push	a
      000409 7B 03            [ 1]  763 	ld	a, (0x03, sp)
      00040B 88               [ 1]  764 	push	a
      00040C 7B 03            [ 1]  765 	ld	a, (0x03, sp)
      00040E 88               [ 1]  766 	push	a
      00040F CDr0Ar9C         [ 4]  767 	call	_TI1_Config
      000412 5B 03            [ 2]  768 	addw	sp, #3
                                    769 ;	../..//StdPeriph_Driver/STM8S_StdPeriph_Driver//src/stm8s_tim2.c: 329: TIM2_SetIC1Prescaler(TIM2_ICPrescaler);
      000414 7B 08            [ 1]  770 	ld	a, (0x08, sp)
      000416 88               [ 1]  771 	push	a
      000417 CDr08rC3         [ 4]  772 	call	_TIM2_SetIC1Prescaler
      00041A 84               [ 1]  773 	pop	a
      00041B                        774 00110$:
                                    775 ;	../..//StdPeriph_Driver/STM8S_StdPeriph_Driver//src/stm8s_tim2.c: 331: }
      00041B 85               [ 2]  776 	popw	x
      00041C 81               [ 4]  777 	ret
                                    778 ;	../..//StdPeriph_Driver/STM8S_StdPeriph_Driver//src/stm8s_tim2.c: 339: void TIM2_Cmd(FunctionalState NewState)
                                    779 ;	-----------------------------------------
                                    780 ;	 function TIM2_Cmd
                                    781 ;	-----------------------------------------
      00041D                        782 _TIM2_Cmd:
                                    783 ;	../..//StdPeriph_Driver/STM8S_StdPeriph_Driver//src/stm8s_tim2.c: 342: assert_param(IS_FUNCTIONALSTATE_OK(NewState));
      00041D 0D 03            [ 1]  784 	tnz	(0x03, sp)
      00041F 27 14            [ 1]  785 	jreq	00107$
      000421 7B 03            [ 1]  786 	ld	a, (0x03, sp)
      000423 4A               [ 1]  787 	dec	a
      000424 27 0F            [ 1]  788 	jreq	00107$
      000426 4B 56            [ 1]  789 	push	#0x56
      000428 4B 01            [ 1]  790 	push	#0x01
      00042A 5F               [ 1]  791 	clrw	x
      00042B 89               [ 2]  792 	pushw	x
      00042C 4Br00            [ 1]  793 	push	#<(___str_0+0)
      00042E 4Bs00            [ 1]  794 	push	#((___str_0+0) >> 8)
      000430 CDr00r00         [ 4]  795 	call	_assert_failed
      000433 5B 06            [ 2]  796 	addw	sp, #6
      000435                        797 00107$:
                                    798 ;	../..//StdPeriph_Driver/STM8S_StdPeriph_Driver//src/stm8s_tim2.c: 347: TIM2->CR1 |= (uint8_t)TIM2_CR1_CEN;
      000435 C6 53 00         [ 1]  799 	ld	a, 0x5300
                                    800 ;	../..//StdPeriph_Driver/STM8S_StdPeriph_Driver//src/stm8s_tim2.c: 345: if (NewState != DISABLE)
      000438 0D 03            [ 1]  801 	tnz	(0x03, sp)
      00043A 27 06            [ 1]  802 	jreq	00102$
                                    803 ;	../..//StdPeriph_Driver/STM8S_StdPeriph_Driver//src/stm8s_tim2.c: 347: TIM2->CR1 |= (uint8_t)TIM2_CR1_CEN;
      00043C AA 01            [ 1]  804 	or	a, #0x01
      00043E C7 53 00         [ 1]  805 	ld	0x5300, a
      000441 81               [ 4]  806 	ret
      000442                        807 00102$:
                                    808 ;	../..//StdPeriph_Driver/STM8S_StdPeriph_Driver//src/stm8s_tim2.c: 351: TIM2->CR1 &= (uint8_t)(~TIM2_CR1_CEN);
      000442 A4 FE            [ 1]  809 	and	a, #0xfe
      000444 C7 53 00         [ 1]  810 	ld	0x5300, a
                                    811 ;	../..//StdPeriph_Driver/STM8S_StdPeriph_Driver//src/stm8s_tim2.c: 353: }
      000447 81               [ 4]  812 	ret
                                    813 ;	../..//StdPeriph_Driver/STM8S_StdPeriph_Driver//src/stm8s_tim2.c: 368: void TIM2_ITConfig(TIM2_IT_TypeDef TIM2_IT, FunctionalState NewState)
                                    814 ;	-----------------------------------------
                                    815 ;	 function TIM2_ITConfig
                                    816 ;	-----------------------------------------
      000448                        817 _TIM2_ITConfig:
      000448 88               [ 1]  818 	push	a
                                    819 ;	../..//StdPeriph_Driver/STM8S_StdPeriph_Driver//src/stm8s_tim2.c: 371: assert_param(IS_TIM2_IT_OK(TIM2_IT));
      000449 0D 04            [ 1]  820 	tnz	(0x04, sp)
      00044B 27 06            [ 1]  821 	jreq	00106$
      00044D 7B 04            [ 1]  822 	ld	a, (0x04, sp)
      00044F A1 0F            [ 1]  823 	cp	a, #0x0f
      000451 23 0F            [ 2]  824 	jrule	00107$
      000453                        825 00106$:
      000453 4B 73            [ 1]  826 	push	#0x73
      000455 4B 01            [ 1]  827 	push	#0x01
      000457 5F               [ 1]  828 	clrw	x
      000458 89               [ 2]  829 	pushw	x
      000459 4Br00            [ 1]  830 	push	#<(___str_0+0)
      00045B 4Bs00            [ 1]  831 	push	#((___str_0+0) >> 8)
      00045D CDr00r00         [ 4]  832 	call	_assert_failed
      000460 5B 06            [ 2]  833 	addw	sp, #6
      000462                        834 00107$:
                                    835 ;	../..//StdPeriph_Driver/STM8S_StdPeriph_Driver//src/stm8s_tim2.c: 372: assert_param(IS_FUNCTIONALSTATE_OK(NewState));
      000462 0D 05            [ 1]  836 	tnz	(0x05, sp)
      000464 27 14            [ 1]  837 	jreq	00112$
      000466 7B 05            [ 1]  838 	ld	a, (0x05, sp)
      000468 4A               [ 1]  839 	dec	a
      000469 27 0F            [ 1]  840 	jreq	00112$
      00046B 4B 74            [ 1]  841 	push	#0x74
      00046D 4B 01            [ 1]  842 	push	#0x01
      00046F 5F               [ 1]  843 	clrw	x
      000470 89               [ 2]  844 	pushw	x
      000471 4Br00            [ 1]  845 	push	#<(___str_0+0)
      000473 4Bs00            [ 1]  846 	push	#((___str_0+0) >> 8)
      000475 CDr00r00         [ 4]  847 	call	_assert_failed
      000478 5B 06            [ 2]  848 	addw	sp, #6
      00047A                        849 00112$:
                                    850 ;	../..//StdPeriph_Driver/STM8S_StdPeriph_Driver//src/stm8s_tim2.c: 377: TIM2->IER |= (uint8_t)TIM2_IT;
      00047A C6 53 01         [ 1]  851 	ld	a, 0x5301
                                    852 ;	../..//StdPeriph_Driver/STM8S_StdPeriph_Driver//src/stm8s_tim2.c: 374: if (NewState != DISABLE)
      00047D 0D 05            [ 1]  853 	tnz	(0x05, sp)
      00047F 27 07            [ 1]  854 	jreq	00102$
                                    855 ;	../..//StdPeriph_Driver/STM8S_StdPeriph_Driver//src/stm8s_tim2.c: 377: TIM2->IER |= (uint8_t)TIM2_IT;
      000481 1A 04            [ 1]  856 	or	a, (0x04, sp)
      000483 C7 53 01         [ 1]  857 	ld	0x5301, a
      000486 20 0C            [ 2]  858 	jra	00104$
      000488                        859 00102$:
                                    860 ;	../..//StdPeriph_Driver/STM8S_StdPeriph_Driver//src/stm8s_tim2.c: 382: TIM2->IER &= (uint8_t)(~TIM2_IT);
      000488 88               [ 1]  861 	push	a
      000489 7B 05            [ 1]  862 	ld	a, (0x05, sp)
      00048B 43               [ 1]  863 	cpl	a
      00048C 6B 02            [ 1]  864 	ld	(0x02, sp), a
      00048E 84               [ 1]  865 	pop	a
      00048F 14 01            [ 1]  866 	and	a, (0x01, sp)
      000491 C7 53 01         [ 1]  867 	ld	0x5301, a
      000494                        868 00104$:
                                    869 ;	../..//StdPeriph_Driver/STM8S_StdPeriph_Driver//src/stm8s_tim2.c: 384: }
      000494 84               [ 1]  870 	pop	a
      000495 81               [ 4]  871 	ret
                                    872 ;	../..//StdPeriph_Driver/STM8S_StdPeriph_Driver//src/stm8s_tim2.c: 392: void TIM2_UpdateDisableConfig(FunctionalState NewState)
                                    873 ;	-----------------------------------------
                                    874 ;	 function TIM2_UpdateDisableConfig
                                    875 ;	-----------------------------------------
      000496                        876 _TIM2_UpdateDisableConfig:
                                    877 ;	../..//StdPeriph_Driver/STM8S_StdPeriph_Driver//src/stm8s_tim2.c: 395: assert_param(IS_FUNCTIONALSTATE_OK(NewState));
      000496 0D 03            [ 1]  878 	tnz	(0x03, sp)
      000498 27 14            [ 1]  879 	jreq	00107$
      00049A 7B 03            [ 1]  880 	ld	a, (0x03, sp)
      00049C 4A               [ 1]  881 	dec	a
      00049D 27 0F            [ 1]  882 	jreq	00107$
      00049F 4B 8B            [ 1]  883 	push	#0x8b
      0004A1 4B 01            [ 1]  884 	push	#0x01
      0004A3 5F               [ 1]  885 	clrw	x
      0004A4 89               [ 2]  886 	pushw	x
      0004A5 4Br00            [ 1]  887 	push	#<(___str_0+0)
      0004A7 4Bs00            [ 1]  888 	push	#((___str_0+0) >> 8)
      0004A9 CDr00r00         [ 4]  889 	call	_assert_failed
      0004AC 5B 06            [ 2]  890 	addw	sp, #6
      0004AE                        891 00107$:
                                    892 ;	../..//StdPeriph_Driver/STM8S_StdPeriph_Driver//src/stm8s_tim2.c: 400: TIM2->CR1 |= (uint8_t)TIM2_CR1_UDIS;
      0004AE C6 53 00         [ 1]  893 	ld	a, 0x5300
                                    894 ;	../..//StdPeriph_Driver/STM8S_StdPeriph_Driver//src/stm8s_tim2.c: 398: if (NewState != DISABLE)
      0004B1 0D 03            [ 1]  895 	tnz	(0x03, sp)
      0004B3 27 06            [ 1]  896 	jreq	00102$
                                    897 ;	../..//StdPeriph_Driver/STM8S_StdPeriph_Driver//src/stm8s_tim2.c: 400: TIM2->CR1 |= (uint8_t)TIM2_CR1_UDIS;
      0004B5 AA 02            [ 1]  898 	or	a, #0x02
      0004B7 C7 53 00         [ 1]  899 	ld	0x5300, a
      0004BA 81               [ 4]  900 	ret
      0004BB                        901 00102$:
                                    902 ;	../..//StdPeriph_Driver/STM8S_StdPeriph_Driver//src/stm8s_tim2.c: 404: TIM2->CR1 &= (uint8_t)(~TIM2_CR1_UDIS);
      0004BB A4 FD            [ 1]  903 	and	a, #0xfd
      0004BD C7 53 00         [ 1]  904 	ld	0x5300, a
                                    905 ;	../..//StdPeriph_Driver/STM8S_StdPeriph_Driver//src/stm8s_tim2.c: 406: }
      0004C0 81               [ 4]  906 	ret
                                    907 ;	../..//StdPeriph_Driver/STM8S_StdPeriph_Driver//src/stm8s_tim2.c: 416: void TIM2_UpdateRequestConfig(TIM2_UpdateSource_TypeDef TIM2_UpdateSource)
                                    908 ;	-----------------------------------------
                                    909 ;	 function TIM2_UpdateRequestConfig
                                    910 ;	-----------------------------------------
      0004C1                        911 _TIM2_UpdateRequestConfig:
                                    912 ;	../..//StdPeriph_Driver/STM8S_StdPeriph_Driver//src/stm8s_tim2.c: 419: assert_param(IS_TIM2_UPDATE_SOURCE_OK(TIM2_UpdateSource));
      0004C1 0D 03            [ 1]  913 	tnz	(0x03, sp)
      0004C3 27 14            [ 1]  914 	jreq	00107$
      0004C5 7B 03            [ 1]  915 	ld	a, (0x03, sp)
      0004C7 4A               [ 1]  916 	dec	a
      0004C8 27 0F            [ 1]  917 	jreq	00107$
      0004CA 4B A3            [ 1]  918 	push	#0xa3
      0004CC 4B 01            [ 1]  919 	push	#0x01
      0004CE 5F               [ 1]  920 	clrw	x
      0004CF 89               [ 2]  921 	pushw	x
      0004D0 4Br00            [ 1]  922 	push	#<(___str_0+0)
      0004D2 4Bs00            [ 1]  923 	push	#((___str_0+0) >> 8)
      0004D4 CDr00r00         [ 4]  924 	call	_assert_failed
      0004D7 5B 06            [ 2]  925 	addw	sp, #6
      0004D9                        926 00107$:
                                    927 ;	../..//StdPeriph_Driver/STM8S_StdPeriph_Driver//src/stm8s_tim2.c: 424: TIM2->CR1 |= (uint8_t)TIM2_CR1_URS;
      0004D9 C6 53 00         [ 1]  928 	ld	a, 0x5300
                                    929 ;	../..//StdPeriph_Driver/STM8S_StdPeriph_Driver//src/stm8s_tim2.c: 422: if (TIM2_UpdateSource != TIM2_UPDATESOURCE_GLOBAL)
      0004DC 0D 03            [ 1]  930 	tnz	(0x03, sp)
      0004DE 27 06            [ 1]  931 	jreq	00102$
                                    932 ;	../..//StdPeriph_Driver/STM8S_StdPeriph_Driver//src/stm8s_tim2.c: 424: TIM2->CR1 |= (uint8_t)TIM2_CR1_URS;
      0004E0 AA 04            [ 1]  933 	or	a, #0x04
      0004E2 C7 53 00         [ 1]  934 	ld	0x5300, a
      0004E5 81               [ 4]  935 	ret
      0004E6                        936 00102$:
                                    937 ;	../..//StdPeriph_Driver/STM8S_StdPeriph_Driver//src/stm8s_tim2.c: 428: TIM2->CR1 &= (uint8_t)(~TIM2_CR1_URS);
      0004E6 A4 FB            [ 1]  938 	and	a, #0xfb
      0004E8 C7 53 00         [ 1]  939 	ld	0x5300, a
                                    940 ;	../..//StdPeriph_Driver/STM8S_StdPeriph_Driver//src/stm8s_tim2.c: 430: }
      0004EB 81               [ 4]  941 	ret
                                    942 ;	../..//StdPeriph_Driver/STM8S_StdPeriph_Driver//src/stm8s_tim2.c: 440: void TIM2_SelectOnePulseMode(TIM2_OPMode_TypeDef TIM2_OPMode)
                                    943 ;	-----------------------------------------
                                    944 ;	 function TIM2_SelectOnePulseMode
                                    945 ;	-----------------------------------------
      0004EC                        946 _TIM2_SelectOnePulseMode:
                                    947 ;	../..//StdPeriph_Driver/STM8S_StdPeriph_Driver//src/stm8s_tim2.c: 443: assert_param(IS_TIM2_OPM_MODE_OK(TIM2_OPMode));
      0004EC 7B 03            [ 1]  948 	ld	a, (0x03, sp)
      0004EE 4A               [ 1]  949 	dec	a
      0004EF 27 13            [ 1]  950 	jreq	00107$
      0004F1 0D 03            [ 1]  951 	tnz	(0x03, sp)
      0004F3 27 0F            [ 1]  952 	jreq	00107$
      0004F5 4B BB            [ 1]  953 	push	#0xbb
      0004F7 4B 01            [ 1]  954 	push	#0x01
      0004F9 5F               [ 1]  955 	clrw	x
      0004FA 89               [ 2]  956 	pushw	x
      0004FB 4Br00            [ 1]  957 	push	#<(___str_0+0)
      0004FD 4Bs00            [ 1]  958 	push	#((___str_0+0) >> 8)
      0004FF CDr00r00         [ 4]  959 	call	_assert_failed
      000502 5B 06            [ 2]  960 	addw	sp, #6
      000504                        961 00107$:
                                    962 ;	../..//StdPeriph_Driver/STM8S_StdPeriph_Driver//src/stm8s_tim2.c: 448: TIM2->CR1 |= (uint8_t)TIM2_CR1_OPM;
      000504 C6 53 00         [ 1]  963 	ld	a, 0x5300
                                    964 ;	../..//StdPeriph_Driver/STM8S_StdPeriph_Driver//src/stm8s_tim2.c: 446: if (TIM2_OPMode != TIM2_OPMODE_REPETITIVE)
      000507 0D 03            [ 1]  965 	tnz	(0x03, sp)
      000509 27 06            [ 1]  966 	jreq	00102$
                                    967 ;	../..//StdPeriph_Driver/STM8S_StdPeriph_Driver//src/stm8s_tim2.c: 448: TIM2->CR1 |= (uint8_t)TIM2_CR1_OPM;
      00050B AA 08            [ 1]  968 	or	a, #0x08
      00050D C7 53 00         [ 1]  969 	ld	0x5300, a
      000510 81               [ 4]  970 	ret
      000511                        971 00102$:
                                    972 ;	../..//StdPeriph_Driver/STM8S_StdPeriph_Driver//src/stm8s_tim2.c: 452: TIM2->CR1 &= (uint8_t)(~TIM2_CR1_OPM);
      000511 A4 F7            [ 1]  973 	and	a, #0xf7
      000513 C7 53 00         [ 1]  974 	ld	0x5300, a
                                    975 ;	../..//StdPeriph_Driver/STM8S_StdPeriph_Driver//src/stm8s_tim2.c: 454: }
      000516 81               [ 4]  976 	ret
                                    977 ;	../..//StdPeriph_Driver/STM8S_StdPeriph_Driver//src/stm8s_tim2.c: 484: void TIM2_PrescalerConfig(TIM2_Prescaler_TypeDef Prescaler,
                                    978 ;	-----------------------------------------
                                    979 ;	 function TIM2_PrescalerConfig
                                    980 ;	-----------------------------------------
      000517                        981 _TIM2_PrescalerConfig:
                                    982 ;	../..//StdPeriph_Driver/STM8S_StdPeriph_Driver//src/stm8s_tim2.c: 488: assert_param(IS_TIM2_PRESCALER_RELOAD_OK(TIM2_PSCReloadMode));
      000517 0D 04            [ 1]  983 	tnz	(0x04, sp)
      000519 27 14            [ 1]  984 	jreq	00104$
      00051B 7B 04            [ 1]  985 	ld	a, (0x04, sp)
      00051D 4A               [ 1]  986 	dec	a
      00051E 27 0F            [ 1]  987 	jreq	00104$
      000520 4B E8            [ 1]  988 	push	#0xe8
      000522 4B 01            [ 1]  989 	push	#0x01
      000524 5F               [ 1]  990 	clrw	x
      000525 89               [ 2]  991 	pushw	x
      000526 4Br00            [ 1]  992 	push	#<(___str_0+0)
      000528 4Bs00            [ 1]  993 	push	#((___str_0+0) >> 8)
      00052A CDr00r00         [ 4]  994 	call	_assert_failed
      00052D 5B 06            [ 2]  995 	addw	sp, #6
      00052F                        996 00104$:
                                    997 ;	../..//StdPeriph_Driver/STM8S_StdPeriph_Driver//src/stm8s_tim2.c: 489: assert_param(IS_TIM2_PRESCALER_OK(Prescaler));
      00052F 0D 03            [ 1]  998 	tnz	(0x03, sp)
      000531 27 68            [ 1]  999 	jreq	00109$
      000533 7B 03            [ 1] 1000 	ld	a, (0x03, sp)
      000535 4A               [ 1] 1001 	dec	a
      000536 27 63            [ 1] 1002 	jreq	00109$
      000538 7B 03            [ 1] 1003 	ld	a, (0x03, sp)
      00053A A1 02            [ 1] 1004 	cp	a, #0x02
      00053C 27 5D            [ 1] 1005 	jreq	00109$
      00053E 7B 03            [ 1] 1006 	ld	a, (0x03, sp)
      000540 A1 03            [ 1] 1007 	cp	a, #0x03
      000542 27 57            [ 1] 1008 	jreq	00109$
      000544 7B 03            [ 1] 1009 	ld	a, (0x03, sp)
      000546 A1 04            [ 1] 1010 	cp	a, #0x04
      000548 27 51            [ 1] 1011 	jreq	00109$
      00054A 7B 03            [ 1] 1012 	ld	a, (0x03, sp)
      00054C A1 05            [ 1] 1013 	cp	a, #0x05
      00054E 27 4B            [ 1] 1014 	jreq	00109$
      000550 7B 03            [ 1] 1015 	ld	a, (0x03, sp)
      000552 A1 06            [ 1] 1016 	cp	a, #0x06
      000554 27 45            [ 1] 1017 	jreq	00109$
      000556 7B 03            [ 1] 1018 	ld	a, (0x03, sp)
      000558 A1 07            [ 1] 1019 	cp	a, #0x07
      00055A 27 3F            [ 1] 1020 	jreq	00109$
      00055C 7B 03            [ 1] 1021 	ld	a, (0x03, sp)
      00055E A1 08            [ 1] 1022 	cp	a, #0x08
      000560 27 39            [ 1] 1023 	jreq	00109$
      000562 7B 03            [ 1] 1024 	ld	a, (0x03, sp)
      000564 A1 09            [ 1] 1025 	cp	a, #0x09
      000566 27 33            [ 1] 1026 	jreq	00109$
      000568 7B 03            [ 1] 1027 	ld	a, (0x03, sp)
      00056A A1 0A            [ 1] 1028 	cp	a, #0x0a
      00056C 27 2D            [ 1] 1029 	jreq	00109$
      00056E 7B 03            [ 1] 1030 	ld	a, (0x03, sp)
      000570 A1 0B            [ 1] 1031 	cp	a, #0x0b
      000572 27 27            [ 1] 1032 	jreq	00109$
      000574 7B 03            [ 1] 1033 	ld	a, (0x03, sp)
      000576 A1 0C            [ 1] 1034 	cp	a, #0x0c
      000578 27 21            [ 1] 1035 	jreq	00109$
      00057A 7B 03            [ 1] 1036 	ld	a, (0x03, sp)
      00057C A1 0D            [ 1] 1037 	cp	a, #0x0d
      00057E 27 1B            [ 1] 1038 	jreq	00109$
      000580 7B 03            [ 1] 1039 	ld	a, (0x03, sp)
      000582 A1 0E            [ 1] 1040 	cp	a, #0x0e
      000584 27 15            [ 1] 1041 	jreq	00109$
      000586 7B 03            [ 1] 1042 	ld	a, (0x03, sp)
      000588 A1 0F            [ 1] 1043 	cp	a, #0x0f
      00058A 27 0F            [ 1] 1044 	jreq	00109$
      00058C 4B E9            [ 1] 1045 	push	#0xe9
      00058E 4B 01            [ 1] 1046 	push	#0x01
      000590 5F               [ 1] 1047 	clrw	x
      000591 89               [ 2] 1048 	pushw	x
      000592 4Br00            [ 1] 1049 	push	#<(___str_0+0)
      000594 4Bs00            [ 1] 1050 	push	#((___str_0+0) >> 8)
      000596 CDr00r00         [ 4] 1051 	call	_assert_failed
      000599 5B 06            [ 2] 1052 	addw	sp, #6
      00059B                       1053 00109$:
                                   1054 ;	../..//StdPeriph_Driver/STM8S_StdPeriph_Driver//src/stm8s_tim2.c: 492: TIM2->PSCR = (uint8_t)Prescaler;
      00059B AE 53 0C         [ 2] 1055 	ldw	x, #0x530c
      00059E 7B 03            [ 1] 1056 	ld	a, (0x03, sp)
      0005A0 F7               [ 1] 1057 	ld	(x), a
                                   1058 ;	../..//StdPeriph_Driver/STM8S_StdPeriph_Driver//src/stm8s_tim2.c: 495: TIM2->EGR = (uint8_t)TIM2_PSCReloadMode;
      0005A1 AE 53 04         [ 2] 1059 	ldw	x, #0x5304
      0005A4 7B 04            [ 1] 1060 	ld	a, (0x04, sp)
      0005A6 F7               [ 1] 1061 	ld	(x), a
                                   1062 ;	../..//StdPeriph_Driver/STM8S_StdPeriph_Driver//src/stm8s_tim2.c: 496: }
      0005A7 81               [ 4] 1063 	ret
                                   1064 ;	../..//StdPeriph_Driver/STM8S_StdPeriph_Driver//src/stm8s_tim2.c: 507: void TIM2_ForcedOC1Config(TIM2_ForcedAction_TypeDef TIM2_ForcedAction)
                                   1065 ;	-----------------------------------------
                                   1066 ;	 function TIM2_ForcedOC1Config
                                   1067 ;	-----------------------------------------
      0005A8                       1068 _TIM2_ForcedOC1Config:
                                   1069 ;	../..//StdPeriph_Driver/STM8S_StdPeriph_Driver//src/stm8s_tim2.c: 510: assert_param(IS_TIM2_FORCED_ACTION_OK(TIM2_ForcedAction));
      0005A8 7B 03            [ 1] 1070 	ld	a, (0x03, sp)
      0005AA A1 50            [ 1] 1071 	cp	a, #0x50
      0005AC 27 15            [ 1] 1072 	jreq	00104$
      0005AE 7B 03            [ 1] 1073 	ld	a, (0x03, sp)
      0005B0 A1 40            [ 1] 1074 	cp	a, #0x40
      0005B2 27 0F            [ 1] 1075 	jreq	00104$
      0005B4 4B FE            [ 1] 1076 	push	#0xfe
      0005B6 4B 01            [ 1] 1077 	push	#0x01
      0005B8 5F               [ 1] 1078 	clrw	x
      0005B9 89               [ 2] 1079 	pushw	x
      0005BA 4Br00            [ 1] 1080 	push	#<(___str_0+0)
      0005BC 4Bs00            [ 1] 1081 	push	#((___str_0+0) >> 8)
      0005BE CDr00r00         [ 4] 1082 	call	_assert_failed
      0005C1 5B 06            [ 2] 1083 	addw	sp, #6
      0005C3                       1084 00104$:
                                   1085 ;	../..//StdPeriph_Driver/STM8S_StdPeriph_Driver//src/stm8s_tim2.c: 513: TIM2->CCMR1  =  (uint8_t)((uint8_t)(TIM2->CCMR1 & (uint8_t)(~TIM2_CCMR_OCM))  
      0005C3 C6 53 05         [ 1] 1086 	ld	a, 0x5305
      0005C6 A4 8F            [ 1] 1087 	and	a, #0x8f
                                   1088 ;	../..//StdPeriph_Driver/STM8S_StdPeriph_Driver//src/stm8s_tim2.c: 514: | (uint8_t)TIM2_ForcedAction);
      0005C8 1A 03            [ 1] 1089 	or	a, (0x03, sp)
      0005CA C7 53 05         [ 1] 1090 	ld	0x5305, a
                                   1091 ;	../..//StdPeriph_Driver/STM8S_StdPeriph_Driver//src/stm8s_tim2.c: 515: }
      0005CD 81               [ 4] 1092 	ret
                                   1093 ;	../..//StdPeriph_Driver/STM8S_StdPeriph_Driver//src/stm8s_tim2.c: 526: void TIM2_ForcedOC2Config(TIM2_ForcedAction_TypeDef TIM2_ForcedAction)
                                   1094 ;	-----------------------------------------
                                   1095 ;	 function TIM2_ForcedOC2Config
                                   1096 ;	-----------------------------------------
      0005CE                       1097 _TIM2_ForcedOC2Config:
                                   1098 ;	../..//StdPeriph_Driver/STM8S_StdPeriph_Driver//src/stm8s_tim2.c: 529: assert_param(IS_TIM2_FORCED_ACTION_OK(TIM2_ForcedAction));
      0005CE 7B 03            [ 1] 1099 	ld	a, (0x03, sp)
      0005D0 A1 50            [ 1] 1100 	cp	a, #0x50
      0005D2 27 15            [ 1] 1101 	jreq	00104$
      0005D4 7B 03            [ 1] 1102 	ld	a, (0x03, sp)
      0005D6 A1 40            [ 1] 1103 	cp	a, #0x40
      0005D8 27 0F            [ 1] 1104 	jreq	00104$
      0005DA 4B 11            [ 1] 1105 	push	#0x11
      0005DC 4B 02            [ 1] 1106 	push	#0x02
      0005DE 5F               [ 1] 1107 	clrw	x
      0005DF 89               [ 2] 1108 	pushw	x
      0005E0 4Br00            [ 1] 1109 	push	#<(___str_0+0)
      0005E2 4Bs00            [ 1] 1110 	push	#((___str_0+0) >> 8)
      0005E4 CDr00r00         [ 4] 1111 	call	_assert_failed
      0005E7 5B 06            [ 2] 1112 	addw	sp, #6
      0005E9                       1113 00104$:
                                   1114 ;	../..//StdPeriph_Driver/STM8S_StdPeriph_Driver//src/stm8s_tim2.c: 532: TIM2->CCMR2 = (uint8_t)((uint8_t)(TIM2->CCMR2 & (uint8_t)(~TIM2_CCMR_OCM))  
      0005E9 C6 53 06         [ 1] 1115 	ld	a, 0x5306
      0005EC A4 8F            [ 1] 1116 	and	a, #0x8f
                                   1117 ;	../..//StdPeriph_Driver/STM8S_StdPeriph_Driver//src/stm8s_tim2.c: 533: | (uint8_t)TIM2_ForcedAction);
      0005EE 1A 03            [ 1] 1118 	or	a, (0x03, sp)
      0005F0 C7 53 06         [ 1] 1119 	ld	0x5306, a
                                   1120 ;	../..//StdPeriph_Driver/STM8S_StdPeriph_Driver//src/stm8s_tim2.c: 534: }
      0005F3 81               [ 4] 1121 	ret
                                   1122 ;	../..//StdPeriph_Driver/STM8S_StdPeriph_Driver//src/stm8s_tim2.c: 545: void TIM2_ForcedOC3Config(TIM2_ForcedAction_TypeDef TIM2_ForcedAction)
                                   1123 ;	-----------------------------------------
                                   1124 ;	 function TIM2_ForcedOC3Config
                                   1125 ;	-----------------------------------------
      0005F4                       1126 _TIM2_ForcedOC3Config:
                                   1127 ;	../..//StdPeriph_Driver/STM8S_StdPeriph_Driver//src/stm8s_tim2.c: 548: assert_param(IS_TIM2_FORCED_ACTION_OK(TIM2_ForcedAction));
      0005F4 7B 03            [ 1] 1128 	ld	a, (0x03, sp)
      0005F6 A1 50            [ 1] 1129 	cp	a, #0x50
      0005F8 27 15            [ 1] 1130 	jreq	00104$
      0005FA 7B 03            [ 1] 1131 	ld	a, (0x03, sp)
      0005FC A1 40            [ 1] 1132 	cp	a, #0x40
      0005FE 27 0F            [ 1] 1133 	jreq	00104$
      000600 4B 24            [ 1] 1134 	push	#0x24
      000602 4B 02            [ 1] 1135 	push	#0x02
      000604 5F               [ 1] 1136 	clrw	x
      000605 89               [ 2] 1137 	pushw	x
      000606 4Br00            [ 1] 1138 	push	#<(___str_0+0)
      000608 4Bs00            [ 1] 1139 	push	#((___str_0+0) >> 8)
      00060A CDr00r00         [ 4] 1140 	call	_assert_failed
      00060D 5B 06            [ 2] 1141 	addw	sp, #6
      00060F                       1142 00104$:
                                   1143 ;	../..//StdPeriph_Driver/STM8S_StdPeriph_Driver//src/stm8s_tim2.c: 551: TIM2->CCMR3  =  (uint8_t)((uint8_t)(TIM2->CCMR3 & (uint8_t)(~TIM2_CCMR_OCM))
      00060F C6 53 07         [ 1] 1144 	ld	a, 0x5307
      000612 A4 8F            [ 1] 1145 	and	a, #0x8f
                                   1146 ;	../..//StdPeriph_Driver/STM8S_StdPeriph_Driver//src/stm8s_tim2.c: 552: | (uint8_t)TIM2_ForcedAction);
      000614 1A 03            [ 1] 1147 	or	a, (0x03, sp)
      000616 C7 53 07         [ 1] 1148 	ld	0x5307, a
                                   1149 ;	../..//StdPeriph_Driver/STM8S_StdPeriph_Driver//src/stm8s_tim2.c: 553: }
      000619 81               [ 4] 1150 	ret
                                   1151 ;	../..//StdPeriph_Driver/STM8S_StdPeriph_Driver//src/stm8s_tim2.c: 561: void TIM2_ARRPreloadConfig(FunctionalState NewState)
                                   1152 ;	-----------------------------------------
                                   1153 ;	 function TIM2_ARRPreloadConfig
                                   1154 ;	-----------------------------------------
      00061A                       1155 _TIM2_ARRPreloadConfig:
                                   1156 ;	../..//StdPeriph_Driver/STM8S_StdPeriph_Driver//src/stm8s_tim2.c: 564: assert_param(IS_FUNCTIONALSTATE_OK(NewState));
      00061A 0D 03            [ 1] 1157 	tnz	(0x03, sp)
      00061C 27 14            [ 1] 1158 	jreq	00107$
      00061E 7B 03            [ 1] 1159 	ld	a, (0x03, sp)
      000620 4A               [ 1] 1160 	dec	a
      000621 27 0F            [ 1] 1161 	jreq	00107$
      000623 4B 34            [ 1] 1162 	push	#0x34
      000625 4B 02            [ 1] 1163 	push	#0x02
      000627 5F               [ 1] 1164 	clrw	x
      000628 89               [ 2] 1165 	pushw	x
      000629 4Br00            [ 1] 1166 	push	#<(___str_0+0)
      00062B 4Bs00            [ 1] 1167 	push	#((___str_0+0) >> 8)
      00062D CDr00r00         [ 4] 1168 	call	_assert_failed
      000630 5B 06            [ 2] 1169 	addw	sp, #6
      000632                       1170 00107$:
                                   1171 ;	../..//StdPeriph_Driver/STM8S_StdPeriph_Driver//src/stm8s_tim2.c: 569: TIM2->CR1 |= (uint8_t)TIM2_CR1_ARPE;
      000632 C6 53 00         [ 1] 1172 	ld	a, 0x5300
                                   1173 ;	../..//StdPeriph_Driver/STM8S_StdPeriph_Driver//src/stm8s_tim2.c: 567: if (NewState != DISABLE)
      000635 0D 03            [ 1] 1174 	tnz	(0x03, sp)
      000637 27 06            [ 1] 1175 	jreq	00102$
                                   1176 ;	../..//StdPeriph_Driver/STM8S_StdPeriph_Driver//src/stm8s_tim2.c: 569: TIM2->CR1 |= (uint8_t)TIM2_CR1_ARPE;
      000639 AA 80            [ 1] 1177 	or	a, #0x80
      00063B C7 53 00         [ 1] 1178 	ld	0x5300, a
      00063E 81               [ 4] 1179 	ret
      00063F                       1180 00102$:
                                   1181 ;	../..//StdPeriph_Driver/STM8S_StdPeriph_Driver//src/stm8s_tim2.c: 573: TIM2->CR1 &= (uint8_t)(~TIM2_CR1_ARPE);
      00063F A4 7F            [ 1] 1182 	and	a, #0x7f
      000641 C7 53 00         [ 1] 1183 	ld	0x5300, a
                                   1184 ;	../..//StdPeriph_Driver/STM8S_StdPeriph_Driver//src/stm8s_tim2.c: 575: }
      000644 81               [ 4] 1185 	ret
                                   1186 ;	../..//StdPeriph_Driver/STM8S_StdPeriph_Driver//src/stm8s_tim2.c: 583: void TIM2_OC1PreloadConfig(FunctionalState NewState)
                                   1187 ;	-----------------------------------------
                                   1188 ;	 function TIM2_OC1PreloadConfig
                                   1189 ;	-----------------------------------------
      000645                       1190 _TIM2_OC1PreloadConfig:
                                   1191 ;	../..//StdPeriph_Driver/STM8S_StdPeriph_Driver//src/stm8s_tim2.c: 586: assert_param(IS_FUNCTIONALSTATE_OK(NewState));
      000645 0D 03            [ 1] 1192 	tnz	(0x03, sp)
      000647 27 14            [ 1] 1193 	jreq	00107$
      000649 7B 03            [ 1] 1194 	ld	a, (0x03, sp)
      00064B 4A               [ 1] 1195 	dec	a
      00064C 27 0F            [ 1] 1196 	jreq	00107$
      00064E 4B 4A            [ 1] 1197 	push	#0x4a
      000650 4B 02            [ 1] 1198 	push	#0x02
      000652 5F               [ 1] 1199 	clrw	x
      000653 89               [ 2] 1200 	pushw	x
      000654 4Br00            [ 1] 1201 	push	#<(___str_0+0)
      000656 4Bs00            [ 1] 1202 	push	#((___str_0+0) >> 8)
      000658 CDr00r00         [ 4] 1203 	call	_assert_failed
      00065B 5B 06            [ 2] 1204 	addw	sp, #6
      00065D                       1205 00107$:
                                   1206 ;	../..//StdPeriph_Driver/STM8S_StdPeriph_Driver//src/stm8s_tim2.c: 591: TIM2->CCMR1 |= (uint8_t)TIM2_CCMR_OCxPE;
      00065D C6 53 05         [ 1] 1207 	ld	a, 0x5305
                                   1208 ;	../..//StdPeriph_Driver/STM8S_StdPeriph_Driver//src/stm8s_tim2.c: 589: if (NewState != DISABLE)
      000660 0D 03            [ 1] 1209 	tnz	(0x03, sp)
      000662 27 06            [ 1] 1210 	jreq	00102$
                                   1211 ;	../..//StdPeriph_Driver/STM8S_StdPeriph_Driver//src/stm8s_tim2.c: 591: TIM2->CCMR1 |= (uint8_t)TIM2_CCMR_OCxPE;
      000664 AA 08            [ 1] 1212 	or	a, #0x08
      000666 C7 53 05         [ 1] 1213 	ld	0x5305, a
      000669 81               [ 4] 1214 	ret
      00066A                       1215 00102$:
                                   1216 ;	../..//StdPeriph_Driver/STM8S_StdPeriph_Driver//src/stm8s_tim2.c: 595: TIM2->CCMR1 &= (uint8_t)(~TIM2_CCMR_OCxPE);
      00066A A4 F7            [ 1] 1217 	and	a, #0xf7
      00066C C7 53 05         [ 1] 1218 	ld	0x5305, a
                                   1219 ;	../..//StdPeriph_Driver/STM8S_StdPeriph_Driver//src/stm8s_tim2.c: 597: }
      00066F 81               [ 4] 1220 	ret
                                   1221 ;	../..//StdPeriph_Driver/STM8S_StdPeriph_Driver//src/stm8s_tim2.c: 605: void TIM2_OC2PreloadConfig(FunctionalState NewState)
                                   1222 ;	-----------------------------------------
                                   1223 ;	 function TIM2_OC2PreloadConfig
                                   1224 ;	-----------------------------------------
      000670                       1225 _TIM2_OC2PreloadConfig:
                                   1226 ;	../..//StdPeriph_Driver/STM8S_StdPeriph_Driver//src/stm8s_tim2.c: 608: assert_param(IS_FUNCTIONALSTATE_OK(NewState));
      000670 0D 03            [ 1] 1227 	tnz	(0x03, sp)
      000672 27 14            [ 1] 1228 	jreq	00107$
      000674 7B 03            [ 1] 1229 	ld	a, (0x03, sp)
      000676 4A               [ 1] 1230 	dec	a
      000677 27 0F            [ 1] 1231 	jreq	00107$
      000679 4B 60            [ 1] 1232 	push	#0x60
      00067B 4B 02            [ 1] 1233 	push	#0x02
      00067D 5F               [ 1] 1234 	clrw	x
      00067E 89               [ 2] 1235 	pushw	x
      00067F 4Br00            [ 1] 1236 	push	#<(___str_0+0)
      000681 4Bs00            [ 1] 1237 	push	#((___str_0+0) >> 8)
      000683 CDr00r00         [ 4] 1238 	call	_assert_failed
      000686 5B 06            [ 2] 1239 	addw	sp, #6
      000688                       1240 00107$:
                                   1241 ;	../..//StdPeriph_Driver/STM8S_StdPeriph_Driver//src/stm8s_tim2.c: 613: TIM2->CCMR2 |= (uint8_t)TIM2_CCMR_OCxPE;
      000688 C6 53 06         [ 1] 1242 	ld	a, 0x5306
                                   1243 ;	../..//StdPeriph_Driver/STM8S_StdPeriph_Driver//src/stm8s_tim2.c: 611: if (NewState != DISABLE)
      00068B 0D 03            [ 1] 1244 	tnz	(0x03, sp)
      00068D 27 06            [ 1] 1245 	jreq	00102$
                                   1246 ;	../..//StdPeriph_Driver/STM8S_StdPeriph_Driver//src/stm8s_tim2.c: 613: TIM2->CCMR2 |= (uint8_t)TIM2_CCMR_OCxPE;
      00068F AA 08            [ 1] 1247 	or	a, #0x08
      000691 C7 53 06         [ 1] 1248 	ld	0x5306, a
      000694 81               [ 4] 1249 	ret
      000695                       1250 00102$:
                                   1251 ;	../..//StdPeriph_Driver/STM8S_StdPeriph_Driver//src/stm8s_tim2.c: 617: TIM2->CCMR2 &= (uint8_t)(~TIM2_CCMR_OCxPE);
      000695 A4 F7            [ 1] 1252 	and	a, #0xf7
      000697 C7 53 06         [ 1] 1253 	ld	0x5306, a
                                   1254 ;	../..//StdPeriph_Driver/STM8S_StdPeriph_Driver//src/stm8s_tim2.c: 619: }
      00069A 81               [ 4] 1255 	ret
                                   1256 ;	../..//StdPeriph_Driver/STM8S_StdPeriph_Driver//src/stm8s_tim2.c: 627: void TIM2_OC3PreloadConfig(FunctionalState NewState)
                                   1257 ;	-----------------------------------------
                                   1258 ;	 function TIM2_OC3PreloadConfig
                                   1259 ;	-----------------------------------------
      00069B                       1260 _TIM2_OC3PreloadConfig:
                                   1261 ;	../..//StdPeriph_Driver/STM8S_StdPeriph_Driver//src/stm8s_tim2.c: 630: assert_param(IS_FUNCTIONALSTATE_OK(NewState));
      00069B 0D 03            [ 1] 1262 	tnz	(0x03, sp)
      00069D 27 14            [ 1] 1263 	jreq	00107$
      00069F 7B 03            [ 1] 1264 	ld	a, (0x03, sp)
      0006A1 4A               [ 1] 1265 	dec	a
      0006A2 27 0F            [ 1] 1266 	jreq	00107$
      0006A4 4B 76            [ 1] 1267 	push	#0x76
      0006A6 4B 02            [ 1] 1268 	push	#0x02
      0006A8 5F               [ 1] 1269 	clrw	x
      0006A9 89               [ 2] 1270 	pushw	x
      0006AA 4Br00            [ 1] 1271 	push	#<(___str_0+0)
      0006AC 4Bs00            [ 1] 1272 	push	#((___str_0+0) >> 8)
      0006AE CDr00r00         [ 4] 1273 	call	_assert_failed
      0006B1 5B 06            [ 2] 1274 	addw	sp, #6
      0006B3                       1275 00107$:
                                   1276 ;	../..//StdPeriph_Driver/STM8S_StdPeriph_Driver//src/stm8s_tim2.c: 635: TIM2->CCMR3 |= (uint8_t)TIM2_CCMR_OCxPE;
      0006B3 C6 53 07         [ 1] 1277 	ld	a, 0x5307
                                   1278 ;	../..//StdPeriph_Driver/STM8S_StdPeriph_Driver//src/stm8s_tim2.c: 633: if (NewState != DISABLE)
      0006B6 0D 03            [ 1] 1279 	tnz	(0x03, sp)
      0006B8 27 06            [ 1] 1280 	jreq	00102$
                                   1281 ;	../..//StdPeriph_Driver/STM8S_StdPeriph_Driver//src/stm8s_tim2.c: 635: TIM2->CCMR3 |= (uint8_t)TIM2_CCMR_OCxPE;
      0006BA AA 08            [ 1] 1282 	or	a, #0x08
      0006BC C7 53 07         [ 1] 1283 	ld	0x5307, a
      0006BF 81               [ 4] 1284 	ret
      0006C0                       1285 00102$:
                                   1286 ;	../..//StdPeriph_Driver/STM8S_StdPeriph_Driver//src/stm8s_tim2.c: 639: TIM2->CCMR3 &= (uint8_t)(~TIM2_CCMR_OCxPE);
      0006C0 A4 F7            [ 1] 1287 	and	a, #0xf7
      0006C2 C7 53 07         [ 1] 1288 	ld	0x5307, a
                                   1289 ;	../..//StdPeriph_Driver/STM8S_StdPeriph_Driver//src/stm8s_tim2.c: 641: }
      0006C5 81               [ 4] 1290 	ret
                                   1291 ;	../..//StdPeriph_Driver/STM8S_StdPeriph_Driver//src/stm8s_tim2.c: 653: void TIM2_GenerateEvent(TIM2_EventSource_TypeDef TIM2_EventSource)
                                   1292 ;	-----------------------------------------
                                   1293 ;	 function TIM2_GenerateEvent
                                   1294 ;	-----------------------------------------
      0006C6                       1295 _TIM2_GenerateEvent:
                                   1296 ;	../..//StdPeriph_Driver/STM8S_StdPeriph_Driver//src/stm8s_tim2.c: 656: assert_param(IS_TIM2_EVENT_SOURCE_OK(TIM2_EventSource));
      0006C6 0D 03            [ 1] 1297 	tnz	(0x03, sp)
      0006C8 26 0F            [ 1] 1298 	jrne	00104$
      0006CA 4B 90            [ 1] 1299 	push	#0x90
      0006CC 4B 02            [ 1] 1300 	push	#0x02
      0006CE 5F               [ 1] 1301 	clrw	x
      0006CF 89               [ 2] 1302 	pushw	x
      0006D0 4Br00            [ 1] 1303 	push	#<(___str_0+0)
      0006D2 4Bs00            [ 1] 1304 	push	#((___str_0+0) >> 8)
      0006D4 CDr00r00         [ 4] 1305 	call	_assert_failed
      0006D7 5B 06            [ 2] 1306 	addw	sp, #6
      0006D9                       1307 00104$:
                                   1308 ;	../..//StdPeriph_Driver/STM8S_StdPeriph_Driver//src/stm8s_tim2.c: 659: TIM2->EGR = (uint8_t)TIM2_EventSource;
      0006D9 AE 53 04         [ 2] 1309 	ldw	x, #0x5304
      0006DC 7B 03            [ 1] 1310 	ld	a, (0x03, sp)
      0006DE F7               [ 1] 1311 	ld	(x), a
                                   1312 ;	../..//StdPeriph_Driver/STM8S_StdPeriph_Driver//src/stm8s_tim2.c: 660: }
      0006DF 81               [ 4] 1313 	ret
                                   1314 ;	../..//StdPeriph_Driver/STM8S_StdPeriph_Driver//src/stm8s_tim2.c: 670: void TIM2_OC1PolarityConfig(TIM2_OCPolarity_TypeDef TIM2_OCPolarity)
                                   1315 ;	-----------------------------------------
                                   1316 ;	 function TIM2_OC1PolarityConfig
                                   1317 ;	-----------------------------------------
      0006E0                       1318 _TIM2_OC1PolarityConfig:
                                   1319 ;	../..//StdPeriph_Driver/STM8S_StdPeriph_Driver//src/stm8s_tim2.c: 673: assert_param(IS_TIM2_OC_POLARITY_OK(TIM2_OCPolarity));
      0006E0 0D 03            [ 1] 1320 	tnz	(0x03, sp)
      0006E2 27 15            [ 1] 1321 	jreq	00107$
      0006E4 7B 03            [ 1] 1322 	ld	a, (0x03, sp)
      0006E6 A1 22            [ 1] 1323 	cp	a, #0x22
      0006E8 27 0F            [ 1] 1324 	jreq	00107$
      0006EA 4B A1            [ 1] 1325 	push	#0xa1
      0006EC 4B 02            [ 1] 1326 	push	#0x02
      0006EE 5F               [ 1] 1327 	clrw	x
      0006EF 89               [ 2] 1328 	pushw	x
      0006F0 4Br00            [ 1] 1329 	push	#<(___str_0+0)
      0006F2 4Bs00            [ 1] 1330 	push	#((___str_0+0) >> 8)
      0006F4 CDr00r00         [ 4] 1331 	call	_assert_failed
      0006F7 5B 06            [ 2] 1332 	addw	sp, #6
      0006F9                       1333 00107$:
                                   1334 ;	../..//StdPeriph_Driver/STM8S_StdPeriph_Driver//src/stm8s_tim2.c: 678: TIM2->CCER1 |= (uint8_t)TIM2_CCER1_CC1P;
      0006F9 C6 53 08         [ 1] 1335 	ld	a, 0x5308
                                   1336 ;	../..//StdPeriph_Driver/STM8S_StdPeriph_Driver//src/stm8s_tim2.c: 676: if (TIM2_OCPolarity != TIM2_OCPOLARITY_HIGH)
      0006FC 0D 03            [ 1] 1337 	tnz	(0x03, sp)
      0006FE 27 06            [ 1] 1338 	jreq	00102$
                                   1339 ;	../..//StdPeriph_Driver/STM8S_StdPeriph_Driver//src/stm8s_tim2.c: 678: TIM2->CCER1 |= (uint8_t)TIM2_CCER1_CC1P;
      000700 AA 02            [ 1] 1340 	or	a, #0x02
      000702 C7 53 08         [ 1] 1341 	ld	0x5308, a
      000705 81               [ 4] 1342 	ret
      000706                       1343 00102$:
                                   1344 ;	../..//StdPeriph_Driver/STM8S_StdPeriph_Driver//src/stm8s_tim2.c: 682: TIM2->CCER1 &= (uint8_t)(~TIM2_CCER1_CC1P);
      000706 A4 FD            [ 1] 1345 	and	a, #0xfd
      000708 C7 53 08         [ 1] 1346 	ld	0x5308, a
                                   1347 ;	../..//StdPeriph_Driver/STM8S_StdPeriph_Driver//src/stm8s_tim2.c: 684: }
      00070B 81               [ 4] 1348 	ret
                                   1349 ;	../..//StdPeriph_Driver/STM8S_StdPeriph_Driver//src/stm8s_tim2.c: 694: void TIM2_OC2PolarityConfig(TIM2_OCPolarity_TypeDef TIM2_OCPolarity)
                                   1350 ;	-----------------------------------------
                                   1351 ;	 function TIM2_OC2PolarityConfig
                                   1352 ;	-----------------------------------------
      00070C                       1353 _TIM2_OC2PolarityConfig:
                                   1354 ;	../..//StdPeriph_Driver/STM8S_StdPeriph_Driver//src/stm8s_tim2.c: 697: assert_param(IS_TIM2_OC_POLARITY_OK(TIM2_OCPolarity));
      00070C 0D 03            [ 1] 1355 	tnz	(0x03, sp)
      00070E 27 15            [ 1] 1356 	jreq	00107$
      000710 7B 03            [ 1] 1357 	ld	a, (0x03, sp)
      000712 A1 22            [ 1] 1358 	cp	a, #0x22
      000714 27 0F            [ 1] 1359 	jreq	00107$
      000716 4B B9            [ 1] 1360 	push	#0xb9
      000718 4B 02            [ 1] 1361 	push	#0x02
      00071A 5F               [ 1] 1362 	clrw	x
      00071B 89               [ 2] 1363 	pushw	x
      00071C 4Br00            [ 1] 1364 	push	#<(___str_0+0)
      00071E 4Bs00            [ 1] 1365 	push	#((___str_0+0) >> 8)
      000720 CDr00r00         [ 4] 1366 	call	_assert_failed
      000723 5B 06            [ 2] 1367 	addw	sp, #6
      000725                       1368 00107$:
                                   1369 ;	../..//StdPeriph_Driver/STM8S_StdPeriph_Driver//src/stm8s_tim2.c: 702: TIM2->CCER1 |= TIM2_CCER1_CC2P;
      000725 C6 53 08         [ 1] 1370 	ld	a, 0x5308
                                   1371 ;	../..//StdPeriph_Driver/STM8S_StdPeriph_Driver//src/stm8s_tim2.c: 700: if (TIM2_OCPolarity != TIM2_OCPOLARITY_HIGH)
      000728 0D 03            [ 1] 1372 	tnz	(0x03, sp)
      00072A 27 06            [ 1] 1373 	jreq	00102$
                                   1374 ;	../..//StdPeriph_Driver/STM8S_StdPeriph_Driver//src/stm8s_tim2.c: 702: TIM2->CCER1 |= TIM2_CCER1_CC2P;
      00072C AA 20            [ 1] 1375 	or	a, #0x20
      00072E C7 53 08         [ 1] 1376 	ld	0x5308, a
      000731 81               [ 4] 1377 	ret
      000732                       1378 00102$:
                                   1379 ;	../..//StdPeriph_Driver/STM8S_StdPeriph_Driver//src/stm8s_tim2.c: 706: TIM2->CCER1 &= (uint8_t)(~TIM2_CCER1_CC2P);
      000732 A4 DF            [ 1] 1380 	and	a, #0xdf
      000734 C7 53 08         [ 1] 1381 	ld	0x5308, a
                                   1382 ;	../..//StdPeriph_Driver/STM8S_StdPeriph_Driver//src/stm8s_tim2.c: 708: }
      000737 81               [ 4] 1383 	ret
                                   1384 ;	../..//StdPeriph_Driver/STM8S_StdPeriph_Driver//src/stm8s_tim2.c: 718: void TIM2_OC3PolarityConfig(TIM2_OCPolarity_TypeDef TIM2_OCPolarity)
                                   1385 ;	-----------------------------------------
                                   1386 ;	 function TIM2_OC3PolarityConfig
                                   1387 ;	-----------------------------------------
      000738                       1388 _TIM2_OC3PolarityConfig:
                                   1389 ;	../..//StdPeriph_Driver/STM8S_StdPeriph_Driver//src/stm8s_tim2.c: 721: assert_param(IS_TIM2_OC_POLARITY_OK(TIM2_OCPolarity));
      000738 0D 03            [ 1] 1390 	tnz	(0x03, sp)
      00073A 27 15            [ 1] 1391 	jreq	00107$
      00073C 7B 03            [ 1] 1392 	ld	a, (0x03, sp)
      00073E A1 22            [ 1] 1393 	cp	a, #0x22
      000740 27 0F            [ 1] 1394 	jreq	00107$
      000742 4B D1            [ 1] 1395 	push	#0xd1
      000744 4B 02            [ 1] 1396 	push	#0x02
      000746 5F               [ 1] 1397 	clrw	x
      000747 89               [ 2] 1398 	pushw	x
      000748 4Br00            [ 1] 1399 	push	#<(___str_0+0)
      00074A 4Bs00            [ 1] 1400 	push	#((___str_0+0) >> 8)
      00074C CDr00r00         [ 4] 1401 	call	_assert_failed
      00074F 5B 06            [ 2] 1402 	addw	sp, #6
      000751                       1403 00107$:
                                   1404 ;	../..//StdPeriph_Driver/STM8S_StdPeriph_Driver//src/stm8s_tim2.c: 726: TIM2->CCER2 |= (uint8_t)TIM2_CCER2_CC3P;
      000751 C6 53 09         [ 1] 1405 	ld	a, 0x5309
                                   1406 ;	../..//StdPeriph_Driver/STM8S_StdPeriph_Driver//src/stm8s_tim2.c: 724: if (TIM2_OCPolarity != TIM2_OCPOLARITY_HIGH)
      000754 0D 03            [ 1] 1407 	tnz	(0x03, sp)
      000756 27 06            [ 1] 1408 	jreq	00102$
                                   1409 ;	../..//StdPeriph_Driver/STM8S_StdPeriph_Driver//src/stm8s_tim2.c: 726: TIM2->CCER2 |= (uint8_t)TIM2_CCER2_CC3P;
      000758 AA 02            [ 1] 1410 	or	a, #0x02
      00075A C7 53 09         [ 1] 1411 	ld	0x5309, a
      00075D 81               [ 4] 1412 	ret
      00075E                       1413 00102$:
                                   1414 ;	../..//StdPeriph_Driver/STM8S_StdPeriph_Driver//src/stm8s_tim2.c: 730: TIM2->CCER2 &= (uint8_t)(~TIM2_CCER2_CC3P);
      00075E A4 FD            [ 1] 1415 	and	a, #0xfd
      000760 C7 53 09         [ 1] 1416 	ld	0x5309, a
                                   1417 ;	../..//StdPeriph_Driver/STM8S_StdPeriph_Driver//src/stm8s_tim2.c: 732: }
      000763 81               [ 4] 1418 	ret
                                   1419 ;	../..//StdPeriph_Driver/STM8S_StdPeriph_Driver//src/stm8s_tim2.c: 745: void TIM2_CCxCmd(TIM2_Channel_TypeDef TIM2_Channel, FunctionalState NewState)
                                   1420 ;	-----------------------------------------
                                   1421 ;	 function TIM2_CCxCmd
                                   1422 ;	-----------------------------------------
      000764                       1423 _TIM2_CCxCmd:
      000764 88               [ 1] 1424 	push	a
                                   1425 ;	../..//StdPeriph_Driver/STM8S_StdPeriph_Driver//src/stm8s_tim2.c: 748: assert_param(IS_TIM2_CHANNEL_OK(TIM2_Channel));
      000765 7B 04            [ 1] 1426 	ld	a, (0x04, sp)
      000767 4A               [ 1] 1427 	dec	a
      000768 26 05            [ 1] 1428 	jrne	00182$
      00076A A6 01            [ 1] 1429 	ld	a, #0x01
      00076C 6B 01            [ 1] 1430 	ld	(0x01, sp), a
      00076E C5                    1431 	.byte 0xc5
      00076F                       1432 00182$:
      00076F 0F 01            [ 1] 1433 	clr	(0x01, sp)
      000771                       1434 00183$:
      000771 0D 04            [ 1] 1435 	tnz	(0x04, sp)
      000773 27 19            [ 1] 1436 	jreq	00119$
      000775 0D 01            [ 1] 1437 	tnz	(0x01, sp)
      000777 26 15            [ 1] 1438 	jrne	00119$
      000779 7B 04            [ 1] 1439 	ld	a, (0x04, sp)
      00077B A1 02            [ 1] 1440 	cp	a, #0x02
      00077D 27 0F            [ 1] 1441 	jreq	00119$
      00077F 4B EC            [ 1] 1442 	push	#0xec
      000781 4B 02            [ 1] 1443 	push	#0x02
      000783 5F               [ 1] 1444 	clrw	x
      000784 89               [ 2] 1445 	pushw	x
      000785 4Br00            [ 1] 1446 	push	#<(___str_0+0)
      000787 4Bs00            [ 1] 1447 	push	#((___str_0+0) >> 8)
      000789 CDr00r00         [ 4] 1448 	call	_assert_failed
      00078C 5B 06            [ 2] 1449 	addw	sp, #6
      00078E                       1450 00119$:
                                   1451 ;	../..//StdPeriph_Driver/STM8S_StdPeriph_Driver//src/stm8s_tim2.c: 749: assert_param(IS_FUNCTIONALSTATE_OK(NewState));
      00078E 0D 05            [ 1] 1452 	tnz	(0x05, sp)
      000790 27 14            [ 1] 1453 	jreq	00127$
      000792 7B 05            [ 1] 1454 	ld	a, (0x05, sp)
      000794 4A               [ 1] 1455 	dec	a
      000795 27 0F            [ 1] 1456 	jreq	00127$
      000797 4B ED            [ 1] 1457 	push	#0xed
      000799 4B 02            [ 1] 1458 	push	#0x02
      00079B 5F               [ 1] 1459 	clrw	x
      00079C 89               [ 2] 1460 	pushw	x
      00079D 4Br00            [ 1] 1461 	push	#<(___str_0+0)
      00079F 4Bs00            [ 1] 1462 	push	#((___str_0+0) >> 8)
      0007A1 CDr00r00         [ 4] 1463 	call	_assert_failed
      0007A4 5B 06            [ 2] 1464 	addw	sp, #6
      0007A6                       1465 00127$:
                                   1466 ;	../..//StdPeriph_Driver/STM8S_StdPeriph_Driver//src/stm8s_tim2.c: 751: if (TIM2_Channel == TIM2_CHANNEL_1)
      0007A6 0D 04            [ 1] 1467 	tnz	(0x04, sp)
      0007A8 26 15            [ 1] 1468 	jrne	00114$
                                   1469 ;	../..//StdPeriph_Driver/STM8S_StdPeriph_Driver//src/stm8s_tim2.c: 756: TIM2->CCER1 |= (uint8_t)TIM2_CCER1_CC1E;
      0007AA C6 53 08         [ 1] 1470 	ld	a, 0x5308
                                   1471 ;	../..//StdPeriph_Driver/STM8S_StdPeriph_Driver//src/stm8s_tim2.c: 754: if (NewState != DISABLE)
      0007AD 0D 05            [ 1] 1472 	tnz	(0x05, sp)
      0007AF 27 07            [ 1] 1473 	jreq	00102$
                                   1474 ;	../..//StdPeriph_Driver/STM8S_StdPeriph_Driver//src/stm8s_tim2.c: 756: TIM2->CCER1 |= (uint8_t)TIM2_CCER1_CC1E;
      0007B1 AA 01            [ 1] 1475 	or	a, #0x01
      0007B3 C7 53 08         [ 1] 1476 	ld	0x5308, a
      0007B6 20 33            [ 2] 1477 	jra	00116$
      0007B8                       1478 00102$:
                                   1479 ;	../..//StdPeriph_Driver/STM8S_StdPeriph_Driver//src/stm8s_tim2.c: 760: TIM2->CCER1 &= (uint8_t)(~TIM2_CCER1_CC1E);
      0007B8 A4 FE            [ 1] 1480 	and	a, #0xfe
      0007BA C7 53 08         [ 1] 1481 	ld	0x5308, a
      0007BD 20 2C            [ 2] 1482 	jra	00116$
      0007BF                       1483 00114$:
                                   1484 ;	../..//StdPeriph_Driver/STM8S_StdPeriph_Driver//src/stm8s_tim2.c: 764: else if (TIM2_Channel == TIM2_CHANNEL_2)
      0007BF 7B 01            [ 1] 1485 	ld	a, (0x01, sp)
      0007C1 27 15            [ 1] 1486 	jreq	00111$
                                   1487 ;	../..//StdPeriph_Driver/STM8S_StdPeriph_Driver//src/stm8s_tim2.c: 756: TIM2->CCER1 |= (uint8_t)TIM2_CCER1_CC1E;
      0007C3 C6 53 08         [ 1] 1488 	ld	a, 0x5308
                                   1489 ;	../..//StdPeriph_Driver/STM8S_StdPeriph_Driver//src/stm8s_tim2.c: 767: if (NewState != DISABLE)
      0007C6 0D 05            [ 1] 1490 	tnz	(0x05, sp)
      0007C8 27 07            [ 1] 1491 	jreq	00105$
                                   1492 ;	../..//StdPeriph_Driver/STM8S_StdPeriph_Driver//src/stm8s_tim2.c: 769: TIM2->CCER1 |= (uint8_t)TIM2_CCER1_CC2E;
      0007CA AA 10            [ 1] 1493 	or	a, #0x10
      0007CC C7 53 08         [ 1] 1494 	ld	0x5308, a
      0007CF 20 1A            [ 2] 1495 	jra	00116$
      0007D1                       1496 00105$:
                                   1497 ;	../..//StdPeriph_Driver/STM8S_StdPeriph_Driver//src/stm8s_tim2.c: 773: TIM2->CCER1 &= (uint8_t)(~TIM2_CCER1_CC2E);
      0007D1 A4 EF            [ 1] 1498 	and	a, #0xef
      0007D3 C7 53 08         [ 1] 1499 	ld	0x5308, a
      0007D6 20 13            [ 2] 1500 	jra	00116$
      0007D8                       1501 00111$:
                                   1502 ;	../..//StdPeriph_Driver/STM8S_StdPeriph_Driver//src/stm8s_tim2.c: 781: TIM2->CCER2 |= (uint8_t)TIM2_CCER2_CC3E;
      0007D8 C6 53 09         [ 1] 1503 	ld	a, 0x5309
                                   1504 ;	../..//StdPeriph_Driver/STM8S_StdPeriph_Driver//src/stm8s_tim2.c: 779: if (NewState != DISABLE)
      0007DB 0D 05            [ 1] 1505 	tnz	(0x05, sp)
      0007DD 27 07            [ 1] 1506 	jreq	00108$
                                   1507 ;	../..//StdPeriph_Driver/STM8S_StdPeriph_Driver//src/stm8s_tim2.c: 781: TIM2->CCER2 |= (uint8_t)TIM2_CCER2_CC3E;
      0007DF AA 01            [ 1] 1508 	or	a, #0x01
      0007E1 C7 53 09         [ 1] 1509 	ld	0x5309, a
      0007E4 20 05            [ 2] 1510 	jra	00116$
      0007E6                       1511 00108$:
                                   1512 ;	../..//StdPeriph_Driver/STM8S_StdPeriph_Driver//src/stm8s_tim2.c: 785: TIM2->CCER2 &= (uint8_t)(~TIM2_CCER2_CC3E);
      0007E6 A4 FE            [ 1] 1513 	and	a, #0xfe
      0007E8 C7 53 09         [ 1] 1514 	ld	0x5309, a
      0007EB                       1515 00116$:
                                   1516 ;	../..//StdPeriph_Driver/STM8S_StdPeriph_Driver//src/stm8s_tim2.c: 788: }
      0007EB 84               [ 1] 1517 	pop	a
      0007EC 81               [ 4] 1518 	ret
                                   1519 ;	../..//StdPeriph_Driver/STM8S_StdPeriph_Driver//src/stm8s_tim2.c: 810: void TIM2_SelectOCxM(TIM2_Channel_TypeDef TIM2_Channel, TIM2_OCMode_TypeDef TIM2_OCMode)
                                   1520 ;	-----------------------------------------
                                   1521 ;	 function TIM2_SelectOCxM
                                   1522 ;	-----------------------------------------
      0007ED                       1523 _TIM2_SelectOCxM:
      0007ED 88               [ 1] 1524 	push	a
                                   1525 ;	../..//StdPeriph_Driver/STM8S_StdPeriph_Driver//src/stm8s_tim2.c: 813: assert_param(IS_TIM2_CHANNEL_OK(TIM2_Channel));
      0007EE 7B 04            [ 1] 1526 	ld	a, (0x04, sp)
      0007F0 4A               [ 1] 1527 	dec	a
      0007F1 26 05            [ 1] 1528 	jrne	00206$
      0007F3 A6 01            [ 1] 1529 	ld	a, #0x01
      0007F5 6B 01            [ 1] 1530 	ld	(0x01, sp), a
      0007F7 C5                    1531 	.byte 0xc5
      0007F8                       1532 00206$:
      0007F8 0F 01            [ 1] 1533 	clr	(0x01, sp)
      0007FA                       1534 00207$:
      0007FA 0D 04            [ 1] 1535 	tnz	(0x04, sp)
      0007FC 27 19            [ 1] 1536 	jreq	00110$
      0007FE 0D 01            [ 1] 1537 	tnz	(0x01, sp)
      000800 26 15            [ 1] 1538 	jrne	00110$
      000802 7B 04            [ 1] 1539 	ld	a, (0x04, sp)
      000804 A1 02            [ 1] 1540 	cp	a, #0x02
      000806 27 0F            [ 1] 1541 	jreq	00110$
      000808 4B 2D            [ 1] 1542 	push	#0x2d
      00080A 4B 03            [ 1] 1543 	push	#0x03
      00080C 5F               [ 1] 1544 	clrw	x
      00080D 89               [ 2] 1545 	pushw	x
      00080E 4Br00            [ 1] 1546 	push	#<(___str_0+0)
      000810 4Bs00            [ 1] 1547 	push	#((___str_0+0) >> 8)
      000812 CDr00r00         [ 4] 1548 	call	_assert_failed
      000815 5B 06            [ 2] 1549 	addw	sp, #6
      000817                       1550 00110$:
                                   1551 ;	../..//StdPeriph_Driver/STM8S_StdPeriph_Driver//src/stm8s_tim2.c: 814: assert_param(IS_TIM2_OCM_OK(TIM2_OCMode));
      000817 0D 05            [ 1] 1552 	tnz	(0x05, sp)
      000819 27 39            [ 1] 1553 	jreq	00118$
      00081B 7B 05            [ 1] 1554 	ld	a, (0x05, sp)
      00081D A1 10            [ 1] 1555 	cp	a, #0x10
      00081F 27 33            [ 1] 1556 	jreq	00118$
      000821 7B 05            [ 1] 1557 	ld	a, (0x05, sp)
      000823 A1 20            [ 1] 1558 	cp	a, #0x20
      000825 27 2D            [ 1] 1559 	jreq	00118$
      000827 7B 05            [ 1] 1560 	ld	a, (0x05, sp)
      000829 A1 30            [ 1] 1561 	cp	a, #0x30
      00082B 27 27            [ 1] 1562 	jreq	00118$
      00082D 7B 05            [ 1] 1563 	ld	a, (0x05, sp)
      00082F A1 60            [ 1] 1564 	cp	a, #0x60
      000831 27 21            [ 1] 1565 	jreq	00118$
      000833 7B 05            [ 1] 1566 	ld	a, (0x05, sp)
      000835 A1 70            [ 1] 1567 	cp	a, #0x70
      000837 27 1B            [ 1] 1568 	jreq	00118$
      000839 7B 05            [ 1] 1569 	ld	a, (0x05, sp)
      00083B A1 50            [ 1] 1570 	cp	a, #0x50
      00083D 27 15            [ 1] 1571 	jreq	00118$
      00083F 7B 05            [ 1] 1572 	ld	a, (0x05, sp)
      000841 A1 40            [ 1] 1573 	cp	a, #0x40
      000843 27 0F            [ 1] 1574 	jreq	00118$
      000845 4B 2E            [ 1] 1575 	push	#0x2e
      000847 4B 03            [ 1] 1576 	push	#0x03
      000849 5F               [ 1] 1577 	clrw	x
      00084A 89               [ 2] 1578 	pushw	x
      00084B 4Br00            [ 1] 1579 	push	#<(___str_0+0)
      00084D 4Bs00            [ 1] 1580 	push	#((___str_0+0) >> 8)
      00084F CDr00r00         [ 4] 1581 	call	_assert_failed
      000852 5B 06            [ 2] 1582 	addw	sp, #6
      000854                       1583 00118$:
                                   1584 ;	../..//StdPeriph_Driver/STM8S_StdPeriph_Driver//src/stm8s_tim2.c: 816: if (TIM2_Channel == TIM2_CHANNEL_1)
      000854 0D 04            [ 1] 1585 	tnz	(0x04, sp)
      000856 26 10            [ 1] 1586 	jrne	00105$
                                   1587 ;	../..//StdPeriph_Driver/STM8S_StdPeriph_Driver//src/stm8s_tim2.c: 819: TIM2->CCER1 &= (uint8_t)(~TIM2_CCER1_CC1E);
      000858 72 11 53 08      [ 1] 1588 	bres	21256, #0
                                   1589 ;	../..//StdPeriph_Driver/STM8S_StdPeriph_Driver//src/stm8s_tim2.c: 822: TIM2->CCMR1 = (uint8_t)((uint8_t)(TIM2->CCMR1 & (uint8_t)(~TIM2_CCMR_OCM))
      00085C C6 53 05         [ 1] 1590 	ld	a, 0x5305
      00085F A4 8F            [ 1] 1591 	and	a, #0x8f
                                   1592 ;	../..//StdPeriph_Driver/STM8S_StdPeriph_Driver//src/stm8s_tim2.c: 823: | (uint8_t)TIM2_OCMode);
      000861 1A 05            [ 1] 1593 	or	a, (0x05, sp)
      000863 C7 53 05         [ 1] 1594 	ld	0x5305, a
      000866 20 22            [ 2] 1595 	jra	00107$
      000868                       1596 00105$:
                                   1597 ;	../..//StdPeriph_Driver/STM8S_StdPeriph_Driver//src/stm8s_tim2.c: 825: else if (TIM2_Channel == TIM2_CHANNEL_2)
      000868 7B 01            [ 1] 1598 	ld	a, (0x01, sp)
      00086A 27 10            [ 1] 1599 	jreq	00102$
                                   1600 ;	../..//StdPeriph_Driver/STM8S_StdPeriph_Driver//src/stm8s_tim2.c: 828: TIM2->CCER1 &= (uint8_t)(~TIM2_CCER1_CC2E);
      00086C 72 19 53 08      [ 1] 1601 	bres	21256, #4
                                   1602 ;	../..//StdPeriph_Driver/STM8S_StdPeriph_Driver//src/stm8s_tim2.c: 831: TIM2->CCMR2 = (uint8_t)((uint8_t)(TIM2->CCMR2 & (uint8_t)(~TIM2_CCMR_OCM))
      000870 C6 53 06         [ 1] 1603 	ld	a, 0x5306
      000873 A4 8F            [ 1] 1604 	and	a, #0x8f
                                   1605 ;	../..//StdPeriph_Driver/STM8S_StdPeriph_Driver//src/stm8s_tim2.c: 832: | (uint8_t)TIM2_OCMode);
      000875 1A 05            [ 1] 1606 	or	a, (0x05, sp)
      000877 C7 53 06         [ 1] 1607 	ld	0x5306, a
      00087A 20 0E            [ 2] 1608 	jra	00107$
      00087C                       1609 00102$:
                                   1610 ;	../..//StdPeriph_Driver/STM8S_StdPeriph_Driver//src/stm8s_tim2.c: 837: TIM2->CCER2 &= (uint8_t)(~TIM2_CCER2_CC3E);
      00087C 72 11 53 09      [ 1] 1611 	bres	21257, #0
                                   1612 ;	../..//StdPeriph_Driver/STM8S_StdPeriph_Driver//src/stm8s_tim2.c: 840: TIM2->CCMR3 = (uint8_t)((uint8_t)(TIM2->CCMR3 & (uint8_t)(~TIM2_CCMR_OCM))
      000880 C6 53 07         [ 1] 1613 	ld	a, 0x5307
      000883 A4 8F            [ 1] 1614 	and	a, #0x8f
                                   1615 ;	../..//StdPeriph_Driver/STM8S_StdPeriph_Driver//src/stm8s_tim2.c: 841: | (uint8_t)TIM2_OCMode);
      000885 1A 05            [ 1] 1616 	or	a, (0x05, sp)
      000887 C7 53 07         [ 1] 1617 	ld	0x5307, a
      00088A                       1618 00107$:
                                   1619 ;	../..//StdPeriph_Driver/STM8S_StdPeriph_Driver//src/stm8s_tim2.c: 843: }
      00088A 84               [ 1] 1620 	pop	a
      00088B 81               [ 4] 1621 	ret
                                   1622 ;	../..//StdPeriph_Driver/STM8S_StdPeriph_Driver//src/stm8s_tim2.c: 851: void TIM2_SetCounter(uint16_t Counter)
                                   1623 ;	-----------------------------------------
                                   1624 ;	 function TIM2_SetCounter
                                   1625 ;	-----------------------------------------
      00088C                       1626 _TIM2_SetCounter:
                                   1627 ;	../..//StdPeriph_Driver/STM8S_StdPeriph_Driver//src/stm8s_tim2.c: 854: TIM2->CNTRH = (uint8_t)(Counter >> 8);
      00088C 7B 03            [ 1] 1628 	ld	a, (0x03, sp)
      00088E C7 53 0A         [ 1] 1629 	ld	0x530a, a
                                   1630 ;	../..//StdPeriph_Driver/STM8S_StdPeriph_Driver//src/stm8s_tim2.c: 855: TIM2->CNTRL = (uint8_t)(Counter);
      000891 7B 04            [ 1] 1631 	ld	a, (0x04, sp)
      000893 C7 53 0B         [ 1] 1632 	ld	0x530b, a
                                   1633 ;	../..//StdPeriph_Driver/STM8S_StdPeriph_Driver//src/stm8s_tim2.c: 856: }
      000896 81               [ 4] 1634 	ret
                                   1635 ;	../..//StdPeriph_Driver/STM8S_StdPeriph_Driver//src/stm8s_tim2.c: 864: void TIM2_SetAutoreload(uint16_t Autoreload)
                                   1636 ;	-----------------------------------------
                                   1637 ;	 function TIM2_SetAutoreload
                                   1638 ;	-----------------------------------------
      000897                       1639 _TIM2_SetAutoreload:
                                   1640 ;	../..//StdPeriph_Driver/STM8S_StdPeriph_Driver//src/stm8s_tim2.c: 867: TIM2->ARRH = (uint8_t)(Autoreload >> 8);
      000897 7B 03            [ 1] 1641 	ld	a, (0x03, sp)
      000899 C7 53 0D         [ 1] 1642 	ld	0x530d, a
                                   1643 ;	../..//StdPeriph_Driver/STM8S_StdPeriph_Driver//src/stm8s_tim2.c: 868: TIM2->ARRL = (uint8_t)(Autoreload);
      00089C 7B 04            [ 1] 1644 	ld	a, (0x04, sp)
      00089E C7 53 0E         [ 1] 1645 	ld	0x530e, a
                                   1646 ;	../..//StdPeriph_Driver/STM8S_StdPeriph_Driver//src/stm8s_tim2.c: 869: }
      0008A1 81               [ 4] 1647 	ret
                                   1648 ;	../..//StdPeriph_Driver/STM8S_StdPeriph_Driver//src/stm8s_tim2.c: 877: void TIM2_SetCompare1(uint16_t Compare1)
                                   1649 ;	-----------------------------------------
                                   1650 ;	 function TIM2_SetCompare1
                                   1651 ;	-----------------------------------------
      0008A2                       1652 _TIM2_SetCompare1:
                                   1653 ;	../..//StdPeriph_Driver/STM8S_StdPeriph_Driver//src/stm8s_tim2.c: 880: TIM2->CCR1H = (uint8_t)(Compare1 >> 8);
      0008A2 7B 03            [ 1] 1654 	ld	a, (0x03, sp)
      0008A4 C7 53 0F         [ 1] 1655 	ld	0x530f, a
                                   1656 ;	../..//StdPeriph_Driver/STM8S_StdPeriph_Driver//src/stm8s_tim2.c: 881: TIM2->CCR1L = (uint8_t)(Compare1);
      0008A7 7B 04            [ 1] 1657 	ld	a, (0x04, sp)
      0008A9 C7 53 10         [ 1] 1658 	ld	0x5310, a
                                   1659 ;	../..//StdPeriph_Driver/STM8S_StdPeriph_Driver//src/stm8s_tim2.c: 882: }
      0008AC 81               [ 4] 1660 	ret
                                   1661 ;	../..//StdPeriph_Driver/STM8S_StdPeriph_Driver//src/stm8s_tim2.c: 890: void TIM2_SetCompare2(uint16_t Compare2)
                                   1662 ;	-----------------------------------------
                                   1663 ;	 function TIM2_SetCompare2
                                   1664 ;	-----------------------------------------
      0008AD                       1665 _TIM2_SetCompare2:
                                   1666 ;	../..//StdPeriph_Driver/STM8S_StdPeriph_Driver//src/stm8s_tim2.c: 893: TIM2->CCR2H = (uint8_t)(Compare2 >> 8);
      0008AD 7B 03            [ 1] 1667 	ld	a, (0x03, sp)
      0008AF C7 53 11         [ 1] 1668 	ld	0x5311, a
                                   1669 ;	../..//StdPeriph_Driver/STM8S_StdPeriph_Driver//src/stm8s_tim2.c: 894: TIM2->CCR2L = (uint8_t)(Compare2);
      0008B2 7B 04            [ 1] 1670 	ld	a, (0x04, sp)
      0008B4 C7 53 12         [ 1] 1671 	ld	0x5312, a
                                   1672 ;	../..//StdPeriph_Driver/STM8S_StdPeriph_Driver//src/stm8s_tim2.c: 895: }
      0008B7 81               [ 4] 1673 	ret
                                   1674 ;	../..//StdPeriph_Driver/STM8S_StdPeriph_Driver//src/stm8s_tim2.c: 903: void TIM2_SetCompare3(uint16_t Compare3)
                                   1675 ;	-----------------------------------------
                                   1676 ;	 function TIM2_SetCompare3
                                   1677 ;	-----------------------------------------
      0008B8                       1678 _TIM2_SetCompare3:
                                   1679 ;	../..//StdPeriph_Driver/STM8S_StdPeriph_Driver//src/stm8s_tim2.c: 906: TIM2->CCR3H = (uint8_t)(Compare3 >> 8);
      0008B8 7B 03            [ 1] 1680 	ld	a, (0x03, sp)
      0008BA C7 53 13         [ 1] 1681 	ld	0x5313, a
                                   1682 ;	../..//StdPeriph_Driver/STM8S_StdPeriph_Driver//src/stm8s_tim2.c: 907: TIM2->CCR3L = (uint8_t)(Compare3);
      0008BD 7B 04            [ 1] 1683 	ld	a, (0x04, sp)
      0008BF C7 53 14         [ 1] 1684 	ld	0x5314, a
                                   1685 ;	../..//StdPeriph_Driver/STM8S_StdPeriph_Driver//src/stm8s_tim2.c: 908: }
      0008C2 81               [ 4] 1686 	ret
                                   1687 ;	../..//StdPeriph_Driver/STM8S_StdPeriph_Driver//src/stm8s_tim2.c: 920: void TIM2_SetIC1Prescaler(TIM2_ICPSC_TypeDef TIM2_IC1Prescaler)
                                   1688 ;	-----------------------------------------
                                   1689 ;	 function TIM2_SetIC1Prescaler
                                   1690 ;	-----------------------------------------
      0008C3                       1691 _TIM2_SetIC1Prescaler:
                                   1692 ;	../..//StdPeriph_Driver/STM8S_StdPeriph_Driver//src/stm8s_tim2.c: 923: assert_param(IS_TIM2_IC_PRESCALER_OK(TIM2_IC1Prescaler));
      0008C3 0D 03            [ 1] 1693 	tnz	(0x03, sp)
      0008C5 27 21            [ 1] 1694 	jreq	00104$
      0008C7 7B 03            [ 1] 1695 	ld	a, (0x03, sp)
      0008C9 A1 04            [ 1] 1696 	cp	a, #0x04
      0008CB 27 1B            [ 1] 1697 	jreq	00104$
      0008CD 7B 03            [ 1] 1698 	ld	a, (0x03, sp)
      0008CF A1 08            [ 1] 1699 	cp	a, #0x08
      0008D1 27 15            [ 1] 1700 	jreq	00104$
      0008D3 7B 03            [ 1] 1701 	ld	a, (0x03, sp)
      0008D5 A1 0C            [ 1] 1702 	cp	a, #0x0c
      0008D7 27 0F            [ 1] 1703 	jreq	00104$
      0008D9 4B 9B            [ 1] 1704 	push	#0x9b
      0008DB 4B 03            [ 1] 1705 	push	#0x03
      0008DD 5F               [ 1] 1706 	clrw	x
      0008DE 89               [ 2] 1707 	pushw	x
      0008DF 4Br00            [ 1] 1708 	push	#<(___str_0+0)
      0008E1 4Bs00            [ 1] 1709 	push	#((___str_0+0) >> 8)
      0008E3 CDr00r00         [ 4] 1710 	call	_assert_failed
      0008E6 5B 06            [ 2] 1711 	addw	sp, #6
      0008E8                       1712 00104$:
                                   1713 ;	../..//StdPeriph_Driver/STM8S_StdPeriph_Driver//src/stm8s_tim2.c: 926: TIM2->CCMR1 = (uint8_t)((uint8_t)(TIM2->CCMR1 & (uint8_t)(~TIM2_CCMR_ICxPSC))
      0008E8 C6 53 05         [ 1] 1714 	ld	a, 0x5305
      0008EB A4 F3            [ 1] 1715 	and	a, #0xf3
                                   1716 ;	../..//StdPeriph_Driver/STM8S_StdPeriph_Driver//src/stm8s_tim2.c: 927: | (uint8_t)TIM2_IC1Prescaler);
      0008ED 1A 03            [ 1] 1717 	or	a, (0x03, sp)
      0008EF C7 53 05         [ 1] 1718 	ld	0x5305, a
                                   1719 ;	../..//StdPeriph_Driver/STM8S_StdPeriph_Driver//src/stm8s_tim2.c: 928: }
      0008F2 81               [ 4] 1720 	ret
                                   1721 ;	../..//StdPeriph_Driver/STM8S_StdPeriph_Driver//src/stm8s_tim2.c: 940: void TIM2_SetIC2Prescaler(TIM2_ICPSC_TypeDef TIM2_IC2Prescaler)
                                   1722 ;	-----------------------------------------
                                   1723 ;	 function TIM2_SetIC2Prescaler
                                   1724 ;	-----------------------------------------
      0008F3                       1725 _TIM2_SetIC2Prescaler:
                                   1726 ;	../..//StdPeriph_Driver/STM8S_StdPeriph_Driver//src/stm8s_tim2.c: 943: assert_param(IS_TIM2_IC_PRESCALER_OK(TIM2_IC2Prescaler));
      0008F3 0D 03            [ 1] 1727 	tnz	(0x03, sp)
      0008F5 27 21            [ 1] 1728 	jreq	00104$
      0008F7 7B 03            [ 1] 1729 	ld	a, (0x03, sp)
      0008F9 A1 04            [ 1] 1730 	cp	a, #0x04
      0008FB 27 1B            [ 1] 1731 	jreq	00104$
      0008FD 7B 03            [ 1] 1732 	ld	a, (0x03, sp)
      0008FF A1 08            [ 1] 1733 	cp	a, #0x08
      000901 27 15            [ 1] 1734 	jreq	00104$
      000903 7B 03            [ 1] 1735 	ld	a, (0x03, sp)
      000905 A1 0C            [ 1] 1736 	cp	a, #0x0c
      000907 27 0F            [ 1] 1737 	jreq	00104$
      000909 4B AF            [ 1] 1738 	push	#0xaf
      00090B 4B 03            [ 1] 1739 	push	#0x03
      00090D 5F               [ 1] 1740 	clrw	x
      00090E 89               [ 2] 1741 	pushw	x
      00090F 4Br00            [ 1] 1742 	push	#<(___str_0+0)
      000911 4Bs00            [ 1] 1743 	push	#((___str_0+0) >> 8)
      000913 CDr00r00         [ 4] 1744 	call	_assert_failed
      000916 5B 06            [ 2] 1745 	addw	sp, #6
      000918                       1746 00104$:
                                   1747 ;	../..//StdPeriph_Driver/STM8S_StdPeriph_Driver//src/stm8s_tim2.c: 946: TIM2->CCMR2 = (uint8_t)((uint8_t)(TIM2->CCMR2 & (uint8_t)(~TIM2_CCMR_ICxPSC))
      000918 C6 53 06         [ 1] 1748 	ld	a, 0x5306
      00091B A4 F3            [ 1] 1749 	and	a, #0xf3
                                   1750 ;	../..//StdPeriph_Driver/STM8S_StdPeriph_Driver//src/stm8s_tim2.c: 947: | (uint8_t)TIM2_IC2Prescaler);
      00091D 1A 03            [ 1] 1751 	or	a, (0x03, sp)
      00091F C7 53 06         [ 1] 1752 	ld	0x5306, a
                                   1753 ;	../..//StdPeriph_Driver/STM8S_StdPeriph_Driver//src/stm8s_tim2.c: 948: }
      000922 81               [ 4] 1754 	ret
                                   1755 ;	../..//StdPeriph_Driver/STM8S_StdPeriph_Driver//src/stm8s_tim2.c: 960: void TIM2_SetIC3Prescaler(TIM2_ICPSC_TypeDef TIM2_IC3Prescaler)
                                   1756 ;	-----------------------------------------
                                   1757 ;	 function TIM2_SetIC3Prescaler
                                   1758 ;	-----------------------------------------
      000923                       1759 _TIM2_SetIC3Prescaler:
                                   1760 ;	../..//StdPeriph_Driver/STM8S_StdPeriph_Driver//src/stm8s_tim2.c: 964: assert_param(IS_TIM2_IC_PRESCALER_OK(TIM2_IC3Prescaler));
      000923 0D 03            [ 1] 1761 	tnz	(0x03, sp)
      000925 27 21            [ 1] 1762 	jreq	00104$
      000927 7B 03            [ 1] 1763 	ld	a, (0x03, sp)
      000929 A1 04            [ 1] 1764 	cp	a, #0x04
      00092B 27 1B            [ 1] 1765 	jreq	00104$
      00092D 7B 03            [ 1] 1766 	ld	a, (0x03, sp)
      00092F A1 08            [ 1] 1767 	cp	a, #0x08
      000931 27 15            [ 1] 1768 	jreq	00104$
      000933 7B 03            [ 1] 1769 	ld	a, (0x03, sp)
      000935 A1 0C            [ 1] 1770 	cp	a, #0x0c
      000937 27 0F            [ 1] 1771 	jreq	00104$
      000939 4B C4            [ 1] 1772 	push	#0xc4
      00093B 4B 03            [ 1] 1773 	push	#0x03
      00093D 5F               [ 1] 1774 	clrw	x
      00093E 89               [ 2] 1775 	pushw	x
      00093F 4Br00            [ 1] 1776 	push	#<(___str_0+0)
      000941 4Bs00            [ 1] 1777 	push	#((___str_0+0) >> 8)
      000943 CDr00r00         [ 4] 1778 	call	_assert_failed
      000946 5B 06            [ 2] 1779 	addw	sp, #6
      000948                       1780 00104$:
                                   1781 ;	../..//StdPeriph_Driver/STM8S_StdPeriph_Driver//src/stm8s_tim2.c: 966: TIM2->CCMR3 = (uint8_t)((uint8_t)(TIM2->CCMR3 & (uint8_t)(~TIM2_CCMR_ICxPSC))
      000948 C6 53 07         [ 1] 1782 	ld	a, 0x5307
      00094B A4 F3            [ 1] 1783 	and	a, #0xf3
                                   1784 ;	../..//StdPeriph_Driver/STM8S_StdPeriph_Driver//src/stm8s_tim2.c: 967: | (uint8_t)TIM2_IC3Prescaler);
      00094D 1A 03            [ 1] 1785 	or	a, (0x03, sp)
      00094F C7 53 07         [ 1] 1786 	ld	0x5307, a
                                   1787 ;	../..//StdPeriph_Driver/STM8S_StdPeriph_Driver//src/stm8s_tim2.c: 968: }
      000952 81               [ 4] 1788 	ret
                                   1789 ;	../..//StdPeriph_Driver/STM8S_StdPeriph_Driver//src/stm8s_tim2.c: 975: uint16_t TIM2_GetCapture1(void)
                                   1790 ;	-----------------------------------------
                                   1791 ;	 function TIM2_GetCapture1
                                   1792 ;	-----------------------------------------
      000953                       1793 _TIM2_GetCapture1:
      000953 89               [ 2] 1794 	pushw	x
                                   1795 ;	../..//StdPeriph_Driver/STM8S_StdPeriph_Driver//src/stm8s_tim2.c: 981: tmpccr1h = TIM2->CCR1H;
      000954 C6 53 0F         [ 1] 1796 	ld	a, 0x530f
      000957 95               [ 1] 1797 	ld	xh, a
                                   1798 ;	../..//StdPeriph_Driver/STM8S_StdPeriph_Driver//src/stm8s_tim2.c: 982: tmpccr1l = TIM2->CCR1L;
      000958 C6 53 10         [ 1] 1799 	ld	a, 0x5310
                                   1800 ;	../..//StdPeriph_Driver/STM8S_StdPeriph_Driver//src/stm8s_tim2.c: 984: tmpccr1 = (uint16_t)(tmpccr1l);
      00095B 97               [ 1] 1801 	ld	xl, a
      00095C 4F               [ 1] 1802 	clr	a
                                   1803 ;	../..//StdPeriph_Driver/STM8S_StdPeriph_Driver//src/stm8s_tim2.c: 985: tmpccr1 |= (uint16_t)((uint16_t)tmpccr1h << 8);
      00095D 0F 02            [ 1] 1804 	clr	(0x02, sp)
      00095F 89               [ 2] 1805 	pushw	x
      000960 1A 01            [ 1] 1806 	or	a, (1, sp)
      000962 85               [ 2] 1807 	popw	x
      000963 01               [ 1] 1808 	rrwa	x
      000964 1A 02            [ 1] 1809 	or	a, (0x02, sp)
      000966 97               [ 1] 1810 	ld	xl, a
                                   1811 ;	../..//StdPeriph_Driver/STM8S_StdPeriph_Driver//src/stm8s_tim2.c: 987: return (uint16_t)tmpccr1;
                                   1812 ;	../..//StdPeriph_Driver/STM8S_StdPeriph_Driver//src/stm8s_tim2.c: 988: }
      000967 5B 02            [ 2] 1813 	addw	sp, #2
      000969 81               [ 4] 1814 	ret
                                   1815 ;	../..//StdPeriph_Driver/STM8S_StdPeriph_Driver//src/stm8s_tim2.c: 995: uint16_t TIM2_GetCapture2(void)
                                   1816 ;	-----------------------------------------
                                   1817 ;	 function TIM2_GetCapture2
                                   1818 ;	-----------------------------------------
      00096A                       1819 _TIM2_GetCapture2:
      00096A 89               [ 2] 1820 	pushw	x
                                   1821 ;	../..//StdPeriph_Driver/STM8S_StdPeriph_Driver//src/stm8s_tim2.c: 1001: tmpccr2h = TIM2->CCR2H;
      00096B C6 53 11         [ 1] 1822 	ld	a, 0x5311
      00096E 95               [ 1] 1823 	ld	xh, a
                                   1824 ;	../..//StdPeriph_Driver/STM8S_StdPeriph_Driver//src/stm8s_tim2.c: 1002: tmpccr2l = TIM2->CCR2L;
      00096F C6 53 12         [ 1] 1825 	ld	a, 0x5312
                                   1826 ;	../..//StdPeriph_Driver/STM8S_StdPeriph_Driver//src/stm8s_tim2.c: 1004: tmpccr2 = (uint16_t)(tmpccr2l);
      000972 97               [ 1] 1827 	ld	xl, a
      000973 4F               [ 1] 1828 	clr	a
                                   1829 ;	../..//StdPeriph_Driver/STM8S_StdPeriph_Driver//src/stm8s_tim2.c: 1005: tmpccr2 |= (uint16_t)((uint16_t)tmpccr2h << 8);
      000974 0F 02            [ 1] 1830 	clr	(0x02, sp)
      000976 89               [ 2] 1831 	pushw	x
      000977 1A 01            [ 1] 1832 	or	a, (1, sp)
      000979 85               [ 2] 1833 	popw	x
      00097A 01               [ 1] 1834 	rrwa	x
      00097B 1A 02            [ 1] 1835 	or	a, (0x02, sp)
      00097D 97               [ 1] 1836 	ld	xl, a
                                   1837 ;	../..//StdPeriph_Driver/STM8S_StdPeriph_Driver//src/stm8s_tim2.c: 1007: return (uint16_t)tmpccr2;
                                   1838 ;	../..//StdPeriph_Driver/STM8S_StdPeriph_Driver//src/stm8s_tim2.c: 1008: }
      00097E 5B 02            [ 2] 1839 	addw	sp, #2
      000980 81               [ 4] 1840 	ret
                                   1841 ;	../..//StdPeriph_Driver/STM8S_StdPeriph_Driver//src/stm8s_tim2.c: 1015: uint16_t TIM2_GetCapture3(void)
                                   1842 ;	-----------------------------------------
                                   1843 ;	 function TIM2_GetCapture3
                                   1844 ;	-----------------------------------------
      000981                       1845 _TIM2_GetCapture3:
      000981 89               [ 2] 1846 	pushw	x
                                   1847 ;	../..//StdPeriph_Driver/STM8S_StdPeriph_Driver//src/stm8s_tim2.c: 1021: tmpccr3h = TIM2->CCR3H;
      000982 C6 53 13         [ 1] 1848 	ld	a, 0x5313
      000985 95               [ 1] 1849 	ld	xh, a
                                   1850 ;	../..//StdPeriph_Driver/STM8S_StdPeriph_Driver//src/stm8s_tim2.c: 1022: tmpccr3l = TIM2->CCR3L;
      000986 C6 53 14         [ 1] 1851 	ld	a, 0x5314
                                   1852 ;	../..//StdPeriph_Driver/STM8S_StdPeriph_Driver//src/stm8s_tim2.c: 1024: tmpccr3 = (uint16_t)(tmpccr3l);
      000989 97               [ 1] 1853 	ld	xl, a
      00098A 4F               [ 1] 1854 	clr	a
                                   1855 ;	../..//StdPeriph_Driver/STM8S_StdPeriph_Driver//src/stm8s_tim2.c: 1025: tmpccr3 |= (uint16_t)((uint16_t)tmpccr3h << 8);
      00098B 0F 02            [ 1] 1856 	clr	(0x02, sp)
      00098D 89               [ 2] 1857 	pushw	x
      00098E 1A 01            [ 1] 1858 	or	a, (1, sp)
      000990 85               [ 2] 1859 	popw	x
      000991 01               [ 1] 1860 	rrwa	x
      000992 1A 02            [ 1] 1861 	or	a, (0x02, sp)
      000994 97               [ 1] 1862 	ld	xl, a
                                   1863 ;	../..//StdPeriph_Driver/STM8S_StdPeriph_Driver//src/stm8s_tim2.c: 1027: return (uint16_t)tmpccr3;
                                   1864 ;	../..//StdPeriph_Driver/STM8S_StdPeriph_Driver//src/stm8s_tim2.c: 1028: }
      000995 5B 02            [ 2] 1865 	addw	sp, #2
      000997 81               [ 4] 1866 	ret
                                   1867 ;	../..//StdPeriph_Driver/STM8S_StdPeriph_Driver//src/stm8s_tim2.c: 1035: uint16_t TIM2_GetCounter(void)
                                   1868 ;	-----------------------------------------
                                   1869 ;	 function TIM2_GetCounter
                                   1870 ;	-----------------------------------------
      000998                       1871 _TIM2_GetCounter:
      000998 52 04            [ 2] 1872 	sub	sp, #4
                                   1873 ;	../..//StdPeriph_Driver/STM8S_StdPeriph_Driver//src/stm8s_tim2.c: 1039: tmpcntr =  ((uint16_t)TIM2->CNTRH << 8);
      00099A C6 53 0A         [ 1] 1874 	ld	a, 0x530a
      00099D 5F               [ 1] 1875 	clrw	x
      00099E 95               [ 1] 1876 	ld	xh, a
      00099F 4F               [ 1] 1877 	clr	a
      0009A0 6B 02            [ 1] 1878 	ld	(0x02, sp), a
                                   1879 ;	../..//StdPeriph_Driver/STM8S_StdPeriph_Driver//src/stm8s_tim2.c: 1041: return (uint16_t)( tmpcntr| (uint16_t)(TIM2->CNTRL));
      0009A2 C6 53 0B         [ 1] 1880 	ld	a, 0x530b
      0009A5 0F 03            [ 1] 1881 	clr	(0x03, sp)
      0009A7 1A 02            [ 1] 1882 	or	a, (0x02, sp)
      0009A9 02               [ 1] 1883 	rlwa	x
      0009AA 1A 03            [ 1] 1884 	or	a, (0x03, sp)
      0009AC 95               [ 1] 1885 	ld	xh, a
                                   1886 ;	../..//StdPeriph_Driver/STM8S_StdPeriph_Driver//src/stm8s_tim2.c: 1042: }
      0009AD 5B 04            [ 2] 1887 	addw	sp, #4
      0009AF 81               [ 4] 1888 	ret
                                   1889 ;	../..//StdPeriph_Driver/STM8S_StdPeriph_Driver//src/stm8s_tim2.c: 1049: TIM2_Prescaler_TypeDef TIM2_GetPrescaler(void)
                                   1890 ;	-----------------------------------------
                                   1891 ;	 function TIM2_GetPrescaler
                                   1892 ;	-----------------------------------------
      0009B0                       1893 _TIM2_GetPrescaler:
                                   1894 ;	../..//StdPeriph_Driver/STM8S_StdPeriph_Driver//src/stm8s_tim2.c: 1052: return (TIM2_Prescaler_TypeDef)(TIM2->PSCR);
      0009B0 C6 53 0C         [ 1] 1895 	ld	a, 0x530c
                                   1896 ;	../..//StdPeriph_Driver/STM8S_StdPeriph_Driver//src/stm8s_tim2.c: 1053: }
      0009B3 81               [ 4] 1897 	ret
                                   1898 ;	../..//StdPeriph_Driver/STM8S_StdPeriph_Driver//src/stm8s_tim2.c: 1068: FlagStatus TIM2_GetFlagStatus(TIM2_FLAG_TypeDef TIM2_FLAG)
                                   1899 ;	-----------------------------------------
                                   1900 ;	 function TIM2_GetFlagStatus
                                   1901 ;	-----------------------------------------
      0009B4                       1902 _TIM2_GetFlagStatus:
      0009B4 88               [ 1] 1903 	push	a
                                   1904 ;	../..//StdPeriph_Driver/STM8S_StdPeriph_Driver//src/stm8s_tim2.c: 1074: assert_param(IS_TIM2_GET_FLAG_OK(TIM2_FLAG));
      0009B5 1E 04            [ 2] 1905 	ldw	x, (0x04, sp)
      0009B7 A3 00 01         [ 2] 1906 	cpw	x, #0x0001
      0009BA 27 31            [ 1] 1907 	jreq	00107$
      0009BC A3 00 02         [ 2] 1908 	cpw	x, #0x0002
      0009BF 27 2C            [ 1] 1909 	jreq	00107$
      0009C1 A3 00 04         [ 2] 1910 	cpw	x, #0x0004
      0009C4 27 27            [ 1] 1911 	jreq	00107$
      0009C6 A3 00 08         [ 2] 1912 	cpw	x, #0x0008
      0009C9 27 22            [ 1] 1913 	jreq	00107$
      0009CB A3 02 00         [ 2] 1914 	cpw	x, #0x0200
      0009CE 27 1D            [ 1] 1915 	jreq	00107$
      0009D0 A3 04 00         [ 2] 1916 	cpw	x, #0x0400
      0009D3 27 18            [ 1] 1917 	jreq	00107$
      0009D5 A3 08 00         [ 2] 1918 	cpw	x, #0x0800
      0009D8 27 13            [ 1] 1919 	jreq	00107$
      0009DA 89               [ 2] 1920 	pushw	x
      0009DB 4B 32            [ 1] 1921 	push	#0x32
      0009DD 4B 04            [ 1] 1922 	push	#0x04
      0009DF 4B 00            [ 1] 1923 	push	#0x00
      0009E1 4B 00            [ 1] 1924 	push	#0x00
      0009E3 4Br00            [ 1] 1925 	push	#<(___str_0+0)
      0009E5 4Bs00            [ 1] 1926 	push	#((___str_0+0) >> 8)
      0009E7 CDr00r00         [ 4] 1927 	call	_assert_failed
      0009EA 5B 06            [ 2] 1928 	addw	sp, #6
      0009EC 85               [ 2] 1929 	popw	x
      0009ED                       1930 00107$:
                                   1931 ;	../..//StdPeriph_Driver/STM8S_StdPeriph_Driver//src/stm8s_tim2.c: 1076: tim2_flag_l = (uint8_t)(TIM2->SR1 & (uint8_t)TIM2_FLAG);
      0009ED C6 53 02         [ 1] 1932 	ld	a, 0x5302
      0009F0 6B 01            [ 1] 1933 	ld	(0x01, sp), a
      0009F2 7B 05            [ 1] 1934 	ld	a, (0x05, sp)
      0009F4 14 01            [ 1] 1935 	and	a, (0x01, sp)
      0009F6 6B 01            [ 1] 1936 	ld	(0x01, sp), a
                                   1937 ;	../..//StdPeriph_Driver/STM8S_StdPeriph_Driver//src/stm8s_tim2.c: 1077: tim2_flag_h = (uint8_t)((uint16_t)TIM2_FLAG >> 8);
                                   1938 ;	../..//StdPeriph_Driver/STM8S_StdPeriph_Driver//src/stm8s_tim2.c: 1079: if ((tim2_flag_l | (uint8_t)(TIM2->SR2 & tim2_flag_h)) != (uint8_t)RESET )
      0009F8 C6 53 03         [ 1] 1939 	ld	a, 0x5303
      0009FB 89               [ 2] 1940 	pushw	x
      0009FC 14 01            [ 1] 1941 	and	a, (1, sp)
      0009FE 85               [ 2] 1942 	popw	x
      0009FF 1A 01            [ 1] 1943 	or	a, (0x01, sp)
      000A01 27 03            [ 1] 1944 	jreq	00102$
                                   1945 ;	../..//StdPeriph_Driver/STM8S_StdPeriph_Driver//src/stm8s_tim2.c: 1081: bitstatus = SET;
      000A03 A6 01            [ 1] 1946 	ld	a, #0x01
                                   1947 ;	../..//StdPeriph_Driver/STM8S_StdPeriph_Driver//src/stm8s_tim2.c: 1085: bitstatus = RESET;
      000A05 21                    1948 	.byte 0x21
      000A06                       1949 00102$:
      000A06 4F               [ 1] 1950 	clr	a
      000A07                       1951 00103$:
                                   1952 ;	../..//StdPeriph_Driver/STM8S_StdPeriph_Driver//src/stm8s_tim2.c: 1087: return (FlagStatus)bitstatus;
                                   1953 ;	../..//StdPeriph_Driver/STM8S_StdPeriph_Driver//src/stm8s_tim2.c: 1088: }
      000A07 5B 01            [ 2] 1954 	addw	sp, #1
      000A09 81               [ 4] 1955 	ret
                                   1956 ;	../..//StdPeriph_Driver/STM8S_StdPeriph_Driver//src/stm8s_tim2.c: 1103: void TIM2_ClearFlag(TIM2_FLAG_TypeDef TIM2_FLAG)
                                   1957 ;	-----------------------------------------
                                   1958 ;	 function TIM2_ClearFlag
                                   1959 ;	-----------------------------------------
      000A0A                       1960 _TIM2_ClearFlag:
      000A0A 89               [ 2] 1961 	pushw	x
                                   1962 ;	../..//StdPeriph_Driver/STM8S_StdPeriph_Driver//src/stm8s_tim2.c: 1106: assert_param(IS_TIM2_CLEAR_FLAG_OK(TIM2_FLAG));
      000A0B 16 05            [ 2] 1963 	ldw	y, (0x05, sp)
      000A0D 17 01            [ 2] 1964 	ldw	(0x01, sp), y
      000A0F 7B 02            [ 1] 1965 	ld	a, (0x02, sp)
      000A11 A4 F0            [ 1] 1966 	and	a, #0xf0
      000A13 97               [ 1] 1967 	ld	xl, a
      000A14 7B 01            [ 1] 1968 	ld	a, (0x01, sp)
      000A16 A4 F1            [ 1] 1969 	and	a, #0xf1
      000A18 95               [ 1] 1970 	ld	xh, a
      000A19 5D               [ 2] 1971 	tnzw	x
      000A1A 26 04            [ 1] 1972 	jrne	00103$
      000A1C 1E 01            [ 2] 1973 	ldw	x, (0x01, sp)
      000A1E 26 0F            [ 1] 1974 	jrne	00104$
      000A20                       1975 00103$:
      000A20 4B 52            [ 1] 1976 	push	#0x52
      000A22 4B 04            [ 1] 1977 	push	#0x04
      000A24 5F               [ 1] 1978 	clrw	x
      000A25 89               [ 2] 1979 	pushw	x
      000A26 4Br00            [ 1] 1980 	push	#<(___str_0+0)
      000A28 4Bs00            [ 1] 1981 	push	#((___str_0+0) >> 8)
      000A2A CDr00r00         [ 4] 1982 	call	_assert_failed
      000A2D 5B 06            [ 2] 1983 	addw	sp, #6
      000A2F                       1984 00104$:
                                   1985 ;	../..//StdPeriph_Driver/STM8S_StdPeriph_Driver//src/stm8s_tim2.c: 1109: TIM2->SR1 = (uint8_t)(~((uint8_t)(TIM2_FLAG)));
      000A2F 7B 02            [ 1] 1986 	ld	a, (0x02, sp)
      000A31 43               [ 1] 1987 	cpl	a
      000A32 C7 53 02         [ 1] 1988 	ld	0x5302, a
                                   1989 ;	../..//StdPeriph_Driver/STM8S_StdPeriph_Driver//src/stm8s_tim2.c: 1110: TIM2->SR2 = (uint8_t)(~((uint8_t)((uint8_t)TIM2_FLAG >> 8)));
      000A35 35 FF 53 03      [ 1] 1990 	mov	0x5303+0, #0xff
                                   1991 ;	../..//StdPeriph_Driver/STM8S_StdPeriph_Driver//src/stm8s_tim2.c: 1111: }
      000A39 85               [ 2] 1992 	popw	x
      000A3A 81               [ 4] 1993 	ret
                                   1994 ;	../..//StdPeriph_Driver/STM8S_StdPeriph_Driver//src/stm8s_tim2.c: 1123: ITStatus TIM2_GetITStatus(TIM2_IT_TypeDef TIM2_IT)
                                   1995 ;	-----------------------------------------
                                   1996 ;	 function TIM2_GetITStatus
                                   1997 ;	-----------------------------------------
      000A3B                       1998 _TIM2_GetITStatus:
      000A3B 88               [ 1] 1999 	push	a
                                   2000 ;	../..//StdPeriph_Driver/STM8S_StdPeriph_Driver//src/stm8s_tim2.c: 1129: assert_param(IS_TIM2_GET_IT_OK(TIM2_IT));
      000A3C 7B 04            [ 1] 2001 	ld	a, (0x04, sp)
      000A3E 4A               [ 1] 2002 	dec	a
      000A3F 27 21            [ 1] 2003 	jreq	00108$
      000A41 7B 04            [ 1] 2004 	ld	a, (0x04, sp)
      000A43 A1 02            [ 1] 2005 	cp	a, #0x02
      000A45 27 1B            [ 1] 2006 	jreq	00108$
      000A47 7B 04            [ 1] 2007 	ld	a, (0x04, sp)
      000A49 A1 04            [ 1] 2008 	cp	a, #0x04
      000A4B 27 15            [ 1] 2009 	jreq	00108$
      000A4D 7B 04            [ 1] 2010 	ld	a, (0x04, sp)
      000A4F A1 08            [ 1] 2011 	cp	a, #0x08
      000A51 27 0F            [ 1] 2012 	jreq	00108$
      000A53 4B 69            [ 1] 2013 	push	#0x69
      000A55 4B 04            [ 1] 2014 	push	#0x04
      000A57 5F               [ 1] 2015 	clrw	x
      000A58 89               [ 2] 2016 	pushw	x
      000A59 4Br00            [ 1] 2017 	push	#<(___str_0+0)
      000A5B 4Bs00            [ 1] 2018 	push	#((___str_0+0) >> 8)
      000A5D CDr00r00         [ 4] 2019 	call	_assert_failed
      000A60 5B 06            [ 2] 2020 	addw	sp, #6
      000A62                       2021 00108$:
                                   2022 ;	../..//StdPeriph_Driver/STM8S_StdPeriph_Driver//src/stm8s_tim2.c: 1131: TIM2_itStatus = (uint8_t)(TIM2->SR1 & TIM2_IT);
      000A62 C6 53 02         [ 1] 2023 	ld	a, 0x5302
      000A65 14 04            [ 1] 2024 	and	a, (0x04, sp)
      000A67 6B 01            [ 1] 2025 	ld	(0x01, sp), a
                                   2026 ;	../..//StdPeriph_Driver/STM8S_StdPeriph_Driver//src/stm8s_tim2.c: 1133: TIM2_itEnable = (uint8_t)(TIM2->IER & TIM2_IT);
      000A69 C6 53 01         [ 1] 2027 	ld	a, 0x5301
      000A6C 14 04            [ 1] 2028 	and	a, (0x04, sp)
                                   2029 ;	../..//StdPeriph_Driver/STM8S_StdPeriph_Driver//src/stm8s_tim2.c: 1135: if ((TIM2_itStatus != (uint8_t)RESET ) && (TIM2_itEnable != (uint8_t)RESET ))
      000A6E 0D 01            [ 1] 2030 	tnz	(0x01, sp)
      000A70 27 06            [ 1] 2031 	jreq	00102$
      000A72 4D               [ 1] 2032 	tnz	a
      000A73 27 03            [ 1] 2033 	jreq	00102$
                                   2034 ;	../..//StdPeriph_Driver/STM8S_StdPeriph_Driver//src/stm8s_tim2.c: 1137: bitstatus = SET;
      000A75 A6 01            [ 1] 2035 	ld	a, #0x01
                                   2036 ;	../..//StdPeriph_Driver/STM8S_StdPeriph_Driver//src/stm8s_tim2.c: 1141: bitstatus = RESET;
      000A77 21                    2037 	.byte 0x21
      000A78                       2038 00102$:
      000A78 4F               [ 1] 2039 	clr	a
      000A79                       2040 00103$:
                                   2041 ;	../..//StdPeriph_Driver/STM8S_StdPeriph_Driver//src/stm8s_tim2.c: 1143: return (ITStatus)(bitstatus);
                                   2042 ;	../..//StdPeriph_Driver/STM8S_StdPeriph_Driver//src/stm8s_tim2.c: 1144: }
      000A79 5B 01            [ 2] 2043 	addw	sp, #1
      000A7B 81               [ 4] 2044 	ret
                                   2045 ;	../..//StdPeriph_Driver/STM8S_StdPeriph_Driver//src/stm8s_tim2.c: 1156: void TIM2_ClearITPendingBit(TIM2_IT_TypeDef TIM2_IT)
                                   2046 ;	-----------------------------------------
                                   2047 ;	 function TIM2_ClearITPendingBit
                                   2048 ;	-----------------------------------------
      000A7C                       2049 _TIM2_ClearITPendingBit:
                                   2050 ;	../..//StdPeriph_Driver/STM8S_StdPeriph_Driver//src/stm8s_tim2.c: 1159: assert_param(IS_TIM2_IT_OK(TIM2_IT));
      000A7C 0D 03            [ 1] 2051 	tnz	(0x03, sp)
      000A7E 27 06            [ 1] 2052 	jreq	00103$
      000A80 7B 03            [ 1] 2053 	ld	a, (0x03, sp)
      000A82 A1 0F            [ 1] 2054 	cp	a, #0x0f
      000A84 23 0F            [ 2] 2055 	jrule	00104$
      000A86                       2056 00103$:
      000A86 4B 87            [ 1] 2057 	push	#0x87
      000A88 4B 04            [ 1] 2058 	push	#0x04
      000A8A 5F               [ 1] 2059 	clrw	x
      000A8B 89               [ 2] 2060 	pushw	x
      000A8C 4Br00            [ 1] 2061 	push	#<(___str_0+0)
      000A8E 4Bs00            [ 1] 2062 	push	#((___str_0+0) >> 8)
      000A90 CDr00r00         [ 4] 2063 	call	_assert_failed
      000A93 5B 06            [ 2] 2064 	addw	sp, #6
      000A95                       2065 00104$:
                                   2066 ;	../..//StdPeriph_Driver/STM8S_StdPeriph_Driver//src/stm8s_tim2.c: 1162: TIM2->SR1 = (uint8_t)(~TIM2_IT);
      000A95 7B 03            [ 1] 2067 	ld	a, (0x03, sp)
      000A97 43               [ 1] 2068 	cpl	a
      000A98 C7 53 02         [ 1] 2069 	ld	0x5302, a
                                   2070 ;	../..//StdPeriph_Driver/STM8S_StdPeriph_Driver//src/stm8s_tim2.c: 1163: }
      000A9B 81               [ 4] 2071 	ret
                                   2072 ;	../..//StdPeriph_Driver/STM8S_StdPeriph_Driver//src/stm8s_tim2.c: 1181: static void TI1_Config(uint8_t TIM2_ICPolarity,
                                   2073 ;	-----------------------------------------
                                   2074 ;	 function TI1_Config
                                   2075 ;	-----------------------------------------
      000A9C                       2076 _TI1_Config:
      000A9C 88               [ 1] 2077 	push	a
                                   2078 ;	../..//StdPeriph_Driver/STM8S_StdPeriph_Driver//src/stm8s_tim2.c: 1186: TIM2->CCER1 &= (uint8_t)(~TIM2_CCER1_CC1E);
      000A9D 72 11 53 08      [ 1] 2079 	bres	21256, #0
                                   2080 ;	../..//StdPeriph_Driver/STM8S_StdPeriph_Driver//src/stm8s_tim2.c: 1189: TIM2->CCMR1  = (uint8_t)((uint8_t)(TIM2->CCMR1 & (uint8_t)(~(uint8_t)( TIM2_CCMR_CCxS | TIM2_CCMR_ICxF )))
      000AA1 C6 53 05         [ 1] 2081 	ld	a, 0x5305
      000AA4 A4 0C            [ 1] 2082 	and	a, #0x0c
      000AA6 6B 01            [ 1] 2083 	ld	(0x01, sp), a
                                   2084 ;	../..//StdPeriph_Driver/STM8S_StdPeriph_Driver//src/stm8s_tim2.c: 1190: | (uint8_t)(((TIM2_ICSelection)) | ((uint8_t)( TIM2_ICFilter << 4))));
      000AA8 7B 06            [ 1] 2085 	ld	a, (0x06, sp)
      000AAA 4E               [ 1] 2086 	swap	a
      000AAB A4 F0            [ 1] 2087 	and	a, #0xf0
      000AAD 1A 05            [ 1] 2088 	or	a, (0x05, sp)
      000AAF 1A 01            [ 1] 2089 	or	a, (0x01, sp)
      000AB1 C7 53 05         [ 1] 2090 	ld	0x5305, a
                                   2091 ;	../..//StdPeriph_Driver/STM8S_StdPeriph_Driver//src/stm8s_tim2.c: 1186: TIM2->CCER1 &= (uint8_t)(~TIM2_CCER1_CC1E);
      000AB4 C6 53 08         [ 1] 2092 	ld	a, 0x5308
                                   2093 ;	../..//StdPeriph_Driver/STM8S_StdPeriph_Driver//src/stm8s_tim2.c: 1193: if (TIM2_ICPolarity != TIM2_ICPOLARITY_RISING)
      000AB7 0D 04            [ 1] 2094 	tnz	(0x04, sp)
      000AB9 27 07            [ 1] 2095 	jreq	00102$
                                   2096 ;	../..//StdPeriph_Driver/STM8S_StdPeriph_Driver//src/stm8s_tim2.c: 1195: TIM2->CCER1 |= TIM2_CCER1_CC1P;
      000ABB AA 02            [ 1] 2097 	or	a, #0x02
      000ABD C7 53 08         [ 1] 2098 	ld	0x5308, a
      000AC0 20 05            [ 2] 2099 	jra	00103$
      000AC2                       2100 00102$:
                                   2101 ;	../..//StdPeriph_Driver/STM8S_StdPeriph_Driver//src/stm8s_tim2.c: 1199: TIM2->CCER1 &= (uint8_t)(~TIM2_CCER1_CC1P);
      000AC2 A4 FD            [ 1] 2102 	and	a, #0xfd
      000AC4 C7 53 08         [ 1] 2103 	ld	0x5308, a
      000AC7                       2104 00103$:
                                   2105 ;	../..//StdPeriph_Driver/STM8S_StdPeriph_Driver//src/stm8s_tim2.c: 1202: TIM2->CCER1 |= TIM2_CCER1_CC1E;
      000AC7 72 10 53 08      [ 1] 2106 	bset	21256, #0
                                   2107 ;	../..//StdPeriph_Driver/STM8S_StdPeriph_Driver//src/stm8s_tim2.c: 1203: }
      000ACB 84               [ 1] 2108 	pop	a
      000ACC 81               [ 4] 2109 	ret
                                   2110 ;	../..//StdPeriph_Driver/STM8S_StdPeriph_Driver//src/stm8s_tim2.c: 1221: static void TI2_Config(uint8_t TIM2_ICPolarity,
                                   2111 ;	-----------------------------------------
                                   2112 ;	 function TI2_Config
                                   2113 ;	-----------------------------------------
      000ACD                       2114 _TI2_Config:
      000ACD 88               [ 1] 2115 	push	a
                                   2116 ;	../..//StdPeriph_Driver/STM8S_StdPeriph_Driver//src/stm8s_tim2.c: 1226: TIM2->CCER1 &= (uint8_t)(~TIM2_CCER1_CC2E);
      000ACE 72 19 53 08      [ 1] 2117 	bres	21256, #4
                                   2118 ;	../..//StdPeriph_Driver/STM8S_StdPeriph_Driver//src/stm8s_tim2.c: 1229: TIM2->CCMR2 = (uint8_t)((uint8_t)(TIM2->CCMR2 & (uint8_t)(~(uint8_t)( TIM2_CCMR_CCxS | TIM2_CCMR_ICxF ))) 
      000AD2 C6 53 06         [ 1] 2119 	ld	a, 0x5306
      000AD5 A4 0C            [ 1] 2120 	and	a, #0x0c
      000AD7 6B 01            [ 1] 2121 	ld	(0x01, sp), a
                                   2122 ;	../..//StdPeriph_Driver/STM8S_StdPeriph_Driver//src/stm8s_tim2.c: 1230: | (uint8_t)(( (TIM2_ICSelection)) | ((uint8_t)( TIM2_ICFilter << 4))));
      000AD9 7B 06            [ 1] 2123 	ld	a, (0x06, sp)
      000ADB 4E               [ 1] 2124 	swap	a
      000ADC A4 F0            [ 1] 2125 	and	a, #0xf0
      000ADE 1A 05            [ 1] 2126 	or	a, (0x05, sp)
      000AE0 1A 01            [ 1] 2127 	or	a, (0x01, sp)
      000AE2 C7 53 06         [ 1] 2128 	ld	0x5306, a
                                   2129 ;	../..//StdPeriph_Driver/STM8S_StdPeriph_Driver//src/stm8s_tim2.c: 1226: TIM2->CCER1 &= (uint8_t)(~TIM2_CCER1_CC2E);
      000AE5 C6 53 08         [ 1] 2130 	ld	a, 0x5308
                                   2131 ;	../..//StdPeriph_Driver/STM8S_StdPeriph_Driver//src/stm8s_tim2.c: 1234: if (TIM2_ICPolarity != TIM2_ICPOLARITY_RISING)
      000AE8 0D 04            [ 1] 2132 	tnz	(0x04, sp)
      000AEA 27 07            [ 1] 2133 	jreq	00102$
                                   2134 ;	../..//StdPeriph_Driver/STM8S_StdPeriph_Driver//src/stm8s_tim2.c: 1236: TIM2->CCER1 |= TIM2_CCER1_CC2P;
      000AEC AA 20            [ 1] 2135 	or	a, #0x20
      000AEE C7 53 08         [ 1] 2136 	ld	0x5308, a
      000AF1 20 05            [ 2] 2137 	jra	00103$
      000AF3                       2138 00102$:
                                   2139 ;	../..//StdPeriph_Driver/STM8S_StdPeriph_Driver//src/stm8s_tim2.c: 1240: TIM2->CCER1 &= (uint8_t)(~TIM2_CCER1_CC2P);
      000AF3 A4 DF            [ 1] 2140 	and	a, #0xdf
      000AF5 C7 53 08         [ 1] 2141 	ld	0x5308, a
      000AF8                       2142 00103$:
                                   2143 ;	../..//StdPeriph_Driver/STM8S_StdPeriph_Driver//src/stm8s_tim2.c: 1244: TIM2->CCER1 |= TIM2_CCER1_CC2E;
      000AF8 72 18 53 08      [ 1] 2144 	bset	21256, #4
                                   2145 ;	../..//StdPeriph_Driver/STM8S_StdPeriph_Driver//src/stm8s_tim2.c: 1245: }
      000AFC 84               [ 1] 2146 	pop	a
      000AFD 81               [ 4] 2147 	ret
                                   2148 ;	../..//StdPeriph_Driver/STM8S_StdPeriph_Driver//src/stm8s_tim2.c: 1261: static void TI3_Config(uint8_t TIM2_ICPolarity, uint8_t TIM2_ICSelection,
                                   2149 ;	-----------------------------------------
                                   2150 ;	 function TI3_Config
                                   2151 ;	-----------------------------------------
      000AFE                       2152 _TI3_Config:
      000AFE 88               [ 1] 2153 	push	a
                                   2154 ;	../..//StdPeriph_Driver/STM8S_StdPeriph_Driver//src/stm8s_tim2.c: 1265: TIM2->CCER2 &=  (uint8_t)(~TIM2_CCER2_CC3E);
      000AFF 72 11 53 09      [ 1] 2155 	bres	21257, #0
                                   2156 ;	../..//StdPeriph_Driver/STM8S_StdPeriph_Driver//src/stm8s_tim2.c: 1268: TIM2->CCMR3 = (uint8_t)((uint8_t)(TIM2->CCMR3 & (uint8_t)(~( TIM2_CCMR_CCxS | TIM2_CCMR_ICxF))) 
      000B03 C6 53 07         [ 1] 2157 	ld	a, 0x5307
      000B06 A4 0C            [ 1] 2158 	and	a, #0x0c
      000B08 6B 01            [ 1] 2159 	ld	(0x01, sp), a
                                   2160 ;	../..//StdPeriph_Driver/STM8S_StdPeriph_Driver//src/stm8s_tim2.c: 1269: | (uint8_t)(( (TIM2_ICSelection)) | ((uint8_t)( TIM2_ICFilter << 4))));
      000B0A 7B 06            [ 1] 2161 	ld	a, (0x06, sp)
      000B0C 4E               [ 1] 2162 	swap	a
      000B0D A4 F0            [ 1] 2163 	and	a, #0xf0
      000B0F 1A 05            [ 1] 2164 	or	a, (0x05, sp)
      000B11 1A 01            [ 1] 2165 	or	a, (0x01, sp)
      000B13 C7 53 07         [ 1] 2166 	ld	0x5307, a
                                   2167 ;	../..//StdPeriph_Driver/STM8S_StdPeriph_Driver//src/stm8s_tim2.c: 1265: TIM2->CCER2 &=  (uint8_t)(~TIM2_CCER2_CC3E);
      000B16 C6 53 09         [ 1] 2168 	ld	a, 0x5309
                                   2169 ;	../..//StdPeriph_Driver/STM8S_StdPeriph_Driver//src/stm8s_tim2.c: 1273: if (TIM2_ICPolarity != TIM2_ICPOLARITY_RISING)
      000B19 0D 04            [ 1] 2170 	tnz	(0x04, sp)
      000B1B 27 07            [ 1] 2171 	jreq	00102$
                                   2172 ;	../..//StdPeriph_Driver/STM8S_StdPeriph_Driver//src/stm8s_tim2.c: 1275: TIM2->CCER2 |= TIM2_CCER2_CC3P;
      000B1D AA 02            [ 1] 2173 	or	a, #0x02
      000B1F C7 53 09         [ 1] 2174 	ld	0x5309, a
      000B22 20 05            [ 2] 2175 	jra	00103$
      000B24                       2176 00102$:
                                   2177 ;	../..//StdPeriph_Driver/STM8S_StdPeriph_Driver//src/stm8s_tim2.c: 1279: TIM2->CCER2 &= (uint8_t)(~TIM2_CCER2_CC3P);
      000B24 A4 FD            [ 1] 2178 	and	a, #0xfd
      000B26 C7 53 09         [ 1] 2179 	ld	0x5309, a
      000B29                       2180 00103$:
                                   2181 ;	../..//StdPeriph_Driver/STM8S_StdPeriph_Driver//src/stm8s_tim2.c: 1282: TIM2->CCER2 |= TIM2_CCER2_CC3E;
      000B29 72 10 53 09      [ 1] 2182 	bset	21257, #0
                                   2183 ;	../..//StdPeriph_Driver/STM8S_StdPeriph_Driver//src/stm8s_tim2.c: 1283: }
      000B2D 84               [ 1] 2184 	pop	a
      000B2E 81               [ 4] 2185 	ret
                                   2186 	.area CODE
                                   2187 	.area CONST
                                   2188 	.area CONST
      000000                       2189 ___str_0:
      000000 2E 2E 2F 2E 2E 2F 2F  2190 	.ascii "../..//StdPeriph_Driver/STM8S_StdPeriph_Driver//src/stm8s_ti"
             53 74 64 50 65 72 69
             70 68 5F 44 72 69 76
             65 72 2F 53 54 4D 38
             53 5F 53 74 64 50 65
             72 69 70 68 5F 44 72
             69 76 65 72 2F 2F 73
             72 63 2F 73 74 6D 38
             73 5F 74 69
      00003C 6D 32 2E 63           2191 	.ascii "m2.c"
      000040 00                    2192 	.db 0x00
                                   2193 	.area CODE
                                   2194 	.area INITIALIZER
                                   2195 	.area CABS (ABS)
