                                      1 ;--------------------------------------------------------
                                      2 ; File Created by SDCC : free open source ANSI-C Compiler
                                      3 ; Version 4.1.0 #12072 (Mac OS X x86_64)
                                      4 ;--------------------------------------------------------
                                      5 	.module stm8s_uart2
                                      6 	.optsdcc -mstm8
                                      7 	
                                      8 ;--------------------------------------------------------
                                      9 ; Public variables in this module
                                     10 ;--------------------------------------------------------
                                     11 	.globl _assert_failed
                                     12 	.globl _CLK_GetClockFreq
                                     13 	.globl _UART2_DeInit
                                     14 	.globl _UART2_Init
                                     15 	.globl _UART2_Cmd
                                     16 	.globl _UART2_ITConfig
                                     17 	.globl _UART2_IrDAConfig
                                     18 	.globl _UART2_IrDACmd
                                     19 	.globl _UART2_LINBreakDetectionConfig
                                     20 	.globl _UART2_LINConfig
                                     21 	.globl _UART2_LINCmd
                                     22 	.globl _UART2_SmartCardCmd
                                     23 	.globl _UART2_SmartCardNACKCmd
                                     24 	.globl _UART2_WakeUpConfig
                                     25 	.globl _UART2_ReceiverWakeUpCmd
                                     26 	.globl _UART2_ReceiveData8
                                     27 	.globl _UART2_ReceiveData9
                                     28 	.globl _UART2_SendData8
                                     29 	.globl _UART2_SendData9
                                     30 	.globl _UART2_SendBreak
                                     31 	.globl _UART2_SetAddress
                                     32 	.globl _UART2_SetGuardTime
                                     33 	.globl _UART2_SetPrescaler
                                     34 	.globl _UART2_GetFlagStatus
                                     35 	.globl _UART2_ClearFlag
                                     36 	.globl _UART2_GetITStatus
                                     37 	.globl _UART2_ClearITPendingBit
                                     38 ;--------------------------------------------------------
                                     39 ; ram data
                                     40 ;--------------------------------------------------------
                                     41 	.area DATA
                                     42 ;--------------------------------------------------------
                                     43 ; ram data
                                     44 ;--------------------------------------------------------
                                     45 	.area INITIALIZED
                                     46 ;--------------------------------------------------------
                                     47 ; absolute external ram data
                                     48 ;--------------------------------------------------------
                                     49 	.area DABS (ABS)
                                     50 
                                     51 ; default segment ordering for linker
                                     52 	.area HOME
                                     53 	.area GSINIT
                                     54 	.area GSFINAL
                                     55 	.area CONST
                                     56 	.area INITIALIZER
                                     57 	.area CODE
                                     58 
                                     59 ;--------------------------------------------------------
                                     60 ; global & static initialisations
                                     61 ;--------------------------------------------------------
                                     62 	.area HOME
                                     63 	.area GSINIT
                                     64 	.area GSFINAL
                                     65 	.area GSINIT
                                     66 ;--------------------------------------------------------
                                     67 ; Home
                                     68 ;--------------------------------------------------------
                                     69 	.area HOME
                                     70 	.area HOME
                                     71 ;--------------------------------------------------------
                                     72 ; code
                                     73 ;--------------------------------------------------------
                                     74 	.area CODE
                                     75 ;	../..//StdPeriph_Driver/STM8S_StdPeriph_Driver//src/stm8s_uart2.c: 53: void UART2_DeInit(void)
                                     76 ;	-----------------------------------------
                                     77 ;	 function UART2_DeInit
                                     78 ;	-----------------------------------------
      000000                         79 _UART2_DeInit:
                                     80 ;	../..//StdPeriph_Driver/STM8S_StdPeriph_Driver//src/stm8s_uart2.c: 57: (void) UART2->SR;
      000000 C6 52 40         [ 1]   81 	ld	a, 0x5240
                                     82 ;	../..//StdPeriph_Driver/STM8S_StdPeriph_Driver//src/stm8s_uart2.c: 58: (void)UART2->DR;
      000003 C6 52 41         [ 1]   83 	ld	a, 0x5241
                                     84 ;	../..//StdPeriph_Driver/STM8S_StdPeriph_Driver//src/stm8s_uart2.c: 60: UART2->BRR2 = UART2_BRR2_RESET_VALUE;  /*  Set UART2_BRR2 to reset value 0x00 */
      000006 35 00 52 43      [ 1]   85 	mov	0x5243+0, #0x00
                                     86 ;	../..//StdPeriph_Driver/STM8S_StdPeriph_Driver//src/stm8s_uart2.c: 61: UART2->BRR1 = UART2_BRR1_RESET_VALUE;  /*  Set UART2_BRR1 to reset value 0x00 */
      00000A 35 00 52 42      [ 1]   87 	mov	0x5242+0, #0x00
                                     88 ;	../..//StdPeriph_Driver/STM8S_StdPeriph_Driver//src/stm8s_uart2.c: 63: UART2->CR1 = UART2_CR1_RESET_VALUE; /*  Set UART2_CR1 to reset value 0x00  */
      00000E 35 00 52 44      [ 1]   89 	mov	0x5244+0, #0x00
                                     90 ;	../..//StdPeriph_Driver/STM8S_StdPeriph_Driver//src/stm8s_uart2.c: 64: UART2->CR2 = UART2_CR2_RESET_VALUE; /*  Set UART2_CR2 to reset value 0x00  */
      000012 35 00 52 45      [ 1]   91 	mov	0x5245+0, #0x00
                                     92 ;	../..//StdPeriph_Driver/STM8S_StdPeriph_Driver//src/stm8s_uart2.c: 65: UART2->CR3 = UART2_CR3_RESET_VALUE; /*  Set UART2_CR3 to reset value 0x00  */
      000016 35 00 52 46      [ 1]   93 	mov	0x5246+0, #0x00
                                     94 ;	../..//StdPeriph_Driver/STM8S_StdPeriph_Driver//src/stm8s_uart2.c: 66: UART2->CR4 = UART2_CR4_RESET_VALUE; /*  Set UART2_CR4 to reset value 0x00  */
      00001A 35 00 52 47      [ 1]   95 	mov	0x5247+0, #0x00
                                     96 ;	../..//StdPeriph_Driver/STM8S_StdPeriph_Driver//src/stm8s_uart2.c: 67: UART2->CR5 = UART2_CR5_RESET_VALUE; /*  Set UART2_CR5 to reset value 0x00  */
      00001E 35 00 52 48      [ 1]   97 	mov	0x5248+0, #0x00
                                     98 ;	../..//StdPeriph_Driver/STM8S_StdPeriph_Driver//src/stm8s_uart2.c: 68: UART2->CR6 = UART2_CR6_RESET_VALUE; /*  Set UART2_CR6 to reset value 0x00  */
      000022 35 00 52 49      [ 1]   99 	mov	0x5249+0, #0x00
                                    100 ;	../..//StdPeriph_Driver/STM8S_StdPeriph_Driver//src/stm8s_uart2.c: 69: }
      000026 81               [ 4]  101 	ret
                                    102 ;	../..//StdPeriph_Driver/STM8S_StdPeriph_Driver//src/stm8s_uart2.c: 85: void UART2_Init(uint32_t BaudRate, UART2_WordLength_TypeDef WordLength, UART2_StopBits_TypeDef StopBits, UART2_Parity_TypeDef Parity, UART2_SyncMode_TypeDef SyncMode, UART2_Mode_TypeDef Mode)
                                    103 ;	-----------------------------------------
                                    104 ;	 function UART2_Init
                                    105 ;	-----------------------------------------
      000027                        106 _UART2_Init:
      000027 52 0C            [ 2]  107 	sub	sp, #12
                                    108 ;	../..//StdPeriph_Driver/STM8S_StdPeriph_Driver//src/stm8s_uart2.c: 91: assert_param(IS_UART2_BAUDRATE_OK(BaudRate));
      000029 AE 89 68         [ 2]  109 	ldw	x, #0x8968
      00002C 13 11            [ 2]  110 	cpw	x, (0x11, sp)
      00002E A6 09            [ 1]  111 	ld	a, #0x09
      000030 12 10            [ 1]  112 	sbc	a, (0x10, sp)
      000032 4F               [ 1]  113 	clr	a
      000033 12 0F            [ 1]  114 	sbc	a, (0x0f, sp)
      000035 24 0F            [ 1]  115 	jrnc	00113$
      000037 4B 5B            [ 1]  116 	push	#0x5b
      000039 5F               [ 1]  117 	clrw	x
      00003A 89               [ 2]  118 	pushw	x
      00003B 4B 00            [ 1]  119 	push	#0x00
      00003D 4Br00            [ 1]  120 	push	#<(___str_0+0)
      00003F 4Bs00            [ 1]  121 	push	#((___str_0+0) >> 8)
      000041 CDr00r00         [ 4]  122 	call	_assert_failed
      000044 5B 06            [ 2]  123 	addw	sp, #6
      000046                        124 00113$:
                                    125 ;	../..//StdPeriph_Driver/STM8S_StdPeriph_Driver//src/stm8s_uart2.c: 92: assert_param(IS_UART2_WORDLENGTH_OK(WordLength));
      000046 0D 13            [ 1]  126 	tnz	(0x13, sp)
      000048 27 15            [ 1]  127 	jreq	00115$
      00004A 7B 13            [ 1]  128 	ld	a, (0x13, sp)
      00004C A1 10            [ 1]  129 	cp	a, #0x10
      00004E 27 0F            [ 1]  130 	jreq	00115$
      000050 4B 5C            [ 1]  131 	push	#0x5c
      000052 5F               [ 1]  132 	clrw	x
      000053 89               [ 2]  133 	pushw	x
      000054 4B 00            [ 1]  134 	push	#0x00
      000056 4Br00            [ 1]  135 	push	#<(___str_0+0)
      000058 4Bs00            [ 1]  136 	push	#((___str_0+0) >> 8)
      00005A CDr00r00         [ 4]  137 	call	_assert_failed
      00005D 5B 06            [ 2]  138 	addw	sp, #6
      00005F                        139 00115$:
                                    140 ;	../..//StdPeriph_Driver/STM8S_StdPeriph_Driver//src/stm8s_uart2.c: 93: assert_param(IS_UART2_STOPBITS_OK(StopBits));
      00005F 0D 14            [ 1]  141 	tnz	(0x14, sp)
      000061 27 21            [ 1]  142 	jreq	00120$
      000063 7B 14            [ 1]  143 	ld	a, (0x14, sp)
      000065 A1 10            [ 1]  144 	cp	a, #0x10
      000067 27 1B            [ 1]  145 	jreq	00120$
      000069 7B 14            [ 1]  146 	ld	a, (0x14, sp)
      00006B A1 20            [ 1]  147 	cp	a, #0x20
      00006D 27 15            [ 1]  148 	jreq	00120$
      00006F 7B 14            [ 1]  149 	ld	a, (0x14, sp)
      000071 A1 30            [ 1]  150 	cp	a, #0x30
      000073 27 0F            [ 1]  151 	jreq	00120$
      000075 4B 5D            [ 1]  152 	push	#0x5d
      000077 5F               [ 1]  153 	clrw	x
      000078 89               [ 2]  154 	pushw	x
      000079 4B 00            [ 1]  155 	push	#0x00
      00007B 4Br00            [ 1]  156 	push	#<(___str_0+0)
      00007D 4Bs00            [ 1]  157 	push	#((___str_0+0) >> 8)
      00007F CDr00r00         [ 4]  158 	call	_assert_failed
      000082 5B 06            [ 2]  159 	addw	sp, #6
      000084                        160 00120$:
                                    161 ;	../..//StdPeriph_Driver/STM8S_StdPeriph_Driver//src/stm8s_uart2.c: 94: assert_param(IS_UART2_PARITY_OK(Parity));
      000084 0D 15            [ 1]  162 	tnz	(0x15, sp)
      000086 27 1B            [ 1]  163 	jreq	00131$
      000088 7B 15            [ 1]  164 	ld	a, (0x15, sp)
      00008A A1 04            [ 1]  165 	cp	a, #0x04
      00008C 27 15            [ 1]  166 	jreq	00131$
      00008E 7B 15            [ 1]  167 	ld	a, (0x15, sp)
      000090 A1 06            [ 1]  168 	cp	a, #0x06
      000092 27 0F            [ 1]  169 	jreq	00131$
      000094 4B 5E            [ 1]  170 	push	#0x5e
      000096 5F               [ 1]  171 	clrw	x
      000097 89               [ 2]  172 	pushw	x
      000098 4B 00            [ 1]  173 	push	#0x00
      00009A 4Br00            [ 1]  174 	push	#<(___str_0+0)
      00009C 4Bs00            [ 1]  175 	push	#((___str_0+0) >> 8)
      00009E CDr00r00         [ 4]  176 	call	_assert_failed
      0000A1 5B 06            [ 2]  177 	addw	sp, #6
      0000A3                        178 00131$:
                                    179 ;	../..//StdPeriph_Driver/STM8S_StdPeriph_Driver//src/stm8s_uart2.c: 95: assert_param(IS_UART2_MODE_OK((uint8_t)Mode));
      0000A3 7B 17            [ 1]  180 	ld	a, (0x17, sp)
      0000A5 A1 08            [ 1]  181 	cp	a, #0x08
      0000A7 27 42            [ 1]  182 	jreq	00139$
      0000A9 7B 17            [ 1]  183 	ld	a, (0x17, sp)
      0000AB A1 40            [ 1]  184 	cp	a, #0x40
      0000AD 27 3C            [ 1]  185 	jreq	00139$
      0000AF 7B 17            [ 1]  186 	ld	a, (0x17, sp)
      0000B1 A1 04            [ 1]  187 	cp	a, #0x04
      0000B3 27 36            [ 1]  188 	jreq	00139$
      0000B5 7B 17            [ 1]  189 	ld	a, (0x17, sp)
      0000B7 A1 80            [ 1]  190 	cp	a, #0x80
      0000B9 27 30            [ 1]  191 	jreq	00139$
      0000BB 7B 17            [ 1]  192 	ld	a, (0x17, sp)
      0000BD A0 0C            [ 1]  193 	sub	a, #0x0c
      0000BF 26 02            [ 1]  194 	jrne	00339$
      0000C1 4C               [ 1]  195 	inc	a
      0000C2 21                     196 	.byte 0x21
      0000C3                        197 00339$:
      0000C3 4F               [ 1]  198 	clr	a
      0000C4                        199 00340$:
      0000C4 4D               [ 1]  200 	tnz	a
      0000C5 26 24            [ 1]  201 	jrne	00139$
      0000C7 4D               [ 1]  202 	tnz	a
      0000C8 26 21            [ 1]  203 	jrne	00139$
      0000CA 7B 17            [ 1]  204 	ld	a, (0x17, sp)
      0000CC A1 44            [ 1]  205 	cp	a, #0x44
      0000CE 27 1B            [ 1]  206 	jreq	00139$
      0000D0 7B 17            [ 1]  207 	ld	a, (0x17, sp)
      0000D2 A1 C0            [ 1]  208 	cp	a, #0xc0
      0000D4 27 15            [ 1]  209 	jreq	00139$
      0000D6 7B 17            [ 1]  210 	ld	a, (0x17, sp)
      0000D8 A1 88            [ 1]  211 	cp	a, #0x88
      0000DA 27 0F            [ 1]  212 	jreq	00139$
      0000DC 4B 5F            [ 1]  213 	push	#0x5f
      0000DE 5F               [ 1]  214 	clrw	x
      0000DF 89               [ 2]  215 	pushw	x
      0000E0 4B 00            [ 1]  216 	push	#0x00
      0000E2 4Br00            [ 1]  217 	push	#<(___str_0+0)
      0000E4 4Bs00            [ 1]  218 	push	#((___str_0+0) >> 8)
      0000E6 CDr00r00         [ 4]  219 	call	_assert_failed
      0000E9 5B 06            [ 2]  220 	addw	sp, #6
      0000EB                        221 00139$:
                                    222 ;	../..//StdPeriph_Driver/STM8S_StdPeriph_Driver//src/stm8s_uart2.c: 96: assert_param(IS_UART2_SYNCMODE_OK((uint8_t)SyncMode));
      0000EB 7B 16            [ 1]  223 	ld	a, (0x16, sp)
      0000ED A4 88            [ 1]  224 	and	a, #0x88
      0000EF A1 88            [ 1]  225 	cp	a, #0x88
      0000F1 27 18            [ 1]  226 	jreq	00167$
      0000F3 7B 16            [ 1]  227 	ld	a, (0x16, sp)
      0000F5 A4 44            [ 1]  228 	and	a, #0x44
      0000F7 A1 44            [ 1]  229 	cp	a, #0x44
      0000F9 27 10            [ 1]  230 	jreq	00167$
      0000FB 7B 16            [ 1]  231 	ld	a, (0x16, sp)
      0000FD A4 22            [ 1]  232 	and	a, #0x22
      0000FF A1 22            [ 1]  233 	cp	a, #0x22
      000101 27 08            [ 1]  234 	jreq	00167$
      000103 7B 16            [ 1]  235 	ld	a, (0x16, sp)
      000105 A4 11            [ 1]  236 	and	a, #0x11
      000107 A1 11            [ 1]  237 	cp	a, #0x11
      000109 26 0F            [ 1]  238 	jrne	00165$
      00010B                        239 00167$:
      00010B 4B 60            [ 1]  240 	push	#0x60
      00010D 5F               [ 1]  241 	clrw	x
      00010E 89               [ 2]  242 	pushw	x
      00010F 4B 00            [ 1]  243 	push	#0x00
      000111 4Br00            [ 1]  244 	push	#<(___str_0+0)
      000113 4Bs00            [ 1]  245 	push	#((___str_0+0) >> 8)
      000115 CDr00r00         [ 4]  246 	call	_assert_failed
      000118 5B 06            [ 2]  247 	addw	sp, #6
      00011A                        248 00165$:
                                    249 ;	../..//StdPeriph_Driver/STM8S_StdPeriph_Driver//src/stm8s_uart2.c: 99: UART2->CR1 &= (uint8_t)(~UART2_CR1_M);
      00011A 72 19 52 44      [ 1]  250 	bres	21060, #4
                                    251 ;	../..//StdPeriph_Driver/STM8S_StdPeriph_Driver//src/stm8s_uart2.c: 101: UART2->CR1 |= (uint8_t)WordLength; 
      00011E C6 52 44         [ 1]  252 	ld	a, 0x5244
      000121 1A 13            [ 1]  253 	or	a, (0x13, sp)
      000123 C7 52 44         [ 1]  254 	ld	0x5244, a
                                    255 ;	../..//StdPeriph_Driver/STM8S_StdPeriph_Driver//src/stm8s_uart2.c: 104: UART2->CR3 &= (uint8_t)(~UART2_CR3_STOP);
      000126 C6 52 46         [ 1]  256 	ld	a, 0x5246
      000129 A4 CF            [ 1]  257 	and	a, #0xcf
      00012B C7 52 46         [ 1]  258 	ld	0x5246, a
                                    259 ;	../..//StdPeriph_Driver/STM8S_StdPeriph_Driver//src/stm8s_uart2.c: 106: UART2->CR3 |= (uint8_t)StopBits; 
      00012E C6 52 46         [ 1]  260 	ld	a, 0x5246
      000131 1A 14            [ 1]  261 	or	a, (0x14, sp)
      000133 C7 52 46         [ 1]  262 	ld	0x5246, a
                                    263 ;	../..//StdPeriph_Driver/STM8S_StdPeriph_Driver//src/stm8s_uart2.c: 109: UART2->CR1 &= (uint8_t)(~(UART2_CR1_PCEN | UART2_CR1_PS  ));
      000136 C6 52 44         [ 1]  264 	ld	a, 0x5244
      000139 A4 F9            [ 1]  265 	and	a, #0xf9
      00013B C7 52 44         [ 1]  266 	ld	0x5244, a
                                    267 ;	../..//StdPeriph_Driver/STM8S_StdPeriph_Driver//src/stm8s_uart2.c: 111: UART2->CR1 |= (uint8_t)Parity;
      00013E C6 52 44         [ 1]  268 	ld	a, 0x5244
      000141 1A 15            [ 1]  269 	or	a, (0x15, sp)
      000143 C7 52 44         [ 1]  270 	ld	0x5244, a
                                    271 ;	../..//StdPeriph_Driver/STM8S_StdPeriph_Driver//src/stm8s_uart2.c: 114: UART2->BRR1 &= (uint8_t)(~UART2_BRR1_DIVM);
      000146 C6 52 42         [ 1]  272 	ld	a, 0x5242
      000149 35 00 52 42      [ 1]  273 	mov	0x5242+0, #0x00
                                    274 ;	../..//StdPeriph_Driver/STM8S_StdPeriph_Driver//src/stm8s_uart2.c: 116: UART2->BRR2 &= (uint8_t)(~UART2_BRR2_DIVM);
      00014D C6 52 43         [ 1]  275 	ld	a, 0x5243
      000150 A4 0F            [ 1]  276 	and	a, #0x0f
      000152 C7 52 43         [ 1]  277 	ld	0x5243, a
                                    278 ;	../..//StdPeriph_Driver/STM8S_StdPeriph_Driver//src/stm8s_uart2.c: 118: UART2->BRR2 &= (uint8_t)(~UART2_BRR2_DIVF);
      000155 C6 52 43         [ 1]  279 	ld	a, 0x5243
      000158 A4 F0            [ 1]  280 	and	a, #0xf0
      00015A C7 52 43         [ 1]  281 	ld	0x5243, a
                                    282 ;	../..//StdPeriph_Driver/STM8S_StdPeriph_Driver//src/stm8s_uart2.c: 121: BaudRate_Mantissa    = ((uint32_t)CLK_GetClockFreq() / (BaudRate << 4));
      00015D CDr00r00         [ 4]  283 	call	_CLK_GetClockFreq
      000160 1F 0B            [ 2]  284 	ldw	(0x0b, sp), x
      000162 1E 0F            [ 2]  285 	ldw	x, (0x0f, sp)
      000164 1F 05            [ 2]  286 	ldw	(0x05, sp), x
      000166 1E 11            [ 2]  287 	ldw	x, (0x11, sp)
      000168 A6 04            [ 1]  288 	ld	a, #0x04
      00016A                        289 00364$:
      00016A 58               [ 2]  290 	sllw	x
      00016B 09 06            [ 1]  291 	rlc	(0x06, sp)
      00016D 09 05            [ 1]  292 	rlc	(0x05, sp)
      00016F 4A               [ 1]  293 	dec	a
      000170 26 F8            [ 1]  294 	jrne	00364$
      000172 1F 07            [ 2]  295 	ldw	(0x07, sp), x
      000174 89               [ 2]  296 	pushw	x
      000175 1E 07            [ 2]  297 	ldw	x, (0x07, sp)
      000177 89               [ 2]  298 	pushw	x
      000178 1E 0F            [ 2]  299 	ldw	x, (0x0f, sp)
      00017A 89               [ 2]  300 	pushw	x
      00017B 90 89            [ 2]  301 	pushw	y
      00017D CDr00r00         [ 4]  302 	call	__divulong
      000180 5B 08            [ 2]  303 	addw	sp, #8
      000182 1F 03            [ 2]  304 	ldw	(0x03, sp), x
      000184 17 01            [ 2]  305 	ldw	(0x01, sp), y
                                    306 ;	../..//StdPeriph_Driver/STM8S_StdPeriph_Driver//src/stm8s_uart2.c: 122: BaudRate_Mantissa100 = (((uint32_t)CLK_GetClockFreq() * 100) / (BaudRate << 4));
      000186 CDr00r00         [ 4]  307 	call	_CLK_GetClockFreq
      000189 89               [ 2]  308 	pushw	x
      00018A 90 89            [ 2]  309 	pushw	y
      00018C 4B 64            [ 1]  310 	push	#0x64
      00018E 5F               [ 1]  311 	clrw	x
      00018F 89               [ 2]  312 	pushw	x
      000190 4B 00            [ 1]  313 	push	#0x00
      000192 CDr00r00         [ 4]  314 	call	__mullong
      000195 5B 08            [ 2]  315 	addw	sp, #8
      000197 1F 0B            [ 2]  316 	ldw	(0x0b, sp), x
      000199 1E 07            [ 2]  317 	ldw	x, (0x07, sp)
      00019B 89               [ 2]  318 	pushw	x
      00019C 1E 07            [ 2]  319 	ldw	x, (0x07, sp)
      00019E 89               [ 2]  320 	pushw	x
      00019F 1E 0F            [ 2]  321 	ldw	x, (0x0f, sp)
      0001A1 89               [ 2]  322 	pushw	x
      0001A2 90 89            [ 2]  323 	pushw	y
      0001A4 CDr00r00         [ 4]  324 	call	__divulong
      0001A7 5B 08            [ 2]  325 	addw	sp, #8
      0001A9 90 9E            [ 1]  326 	ld	a, yh
      0001AB 1F 07            [ 2]  327 	ldw	(0x07, sp), x
      0001AD 6B 05            [ 1]  328 	ld	(0x05, sp), a
      0001AF 90 9F            [ 1]  329 	ld	a, yl
                                    330 ;	../..//StdPeriph_Driver/STM8S_StdPeriph_Driver//src/stm8s_uart2.c: 126: BRR2_1 = (uint8_t)((uint8_t)(((BaudRate_Mantissa100 - (BaudRate_Mantissa * 100))
      0001B1 88               [ 1]  331 	push	a
      0001B2 1E 04            [ 2]  332 	ldw	x, (0x04, sp)
      0001B4 89               [ 2]  333 	pushw	x
      0001B5 1E 04            [ 2]  334 	ldw	x, (0x04, sp)
      0001B7 89               [ 2]  335 	pushw	x
      0001B8 4B 64            [ 1]  336 	push	#0x64
      0001BA 5F               [ 1]  337 	clrw	x
      0001BB 89               [ 2]  338 	pushw	x
      0001BC 4B 00            [ 1]  339 	push	#0x00
      0001BE CDr00r00         [ 4]  340 	call	__mullong
      0001C1 5B 08            [ 2]  341 	addw	sp, #8
      0001C3 1F 0C            [ 2]  342 	ldw	(0x0c, sp), x
      0001C5 17 0A            [ 2]  343 	ldw	(0x0a, sp), y
      0001C7 84               [ 1]  344 	pop	a
      0001C8 16 07            [ 2]  345 	ldw	y, (0x07, sp)
      0001CA 72 F2 0B         [ 2]  346 	subw	y, (0x0b, sp)
      0001CD 12 0A            [ 1]  347 	sbc	a, (0x0a, sp)
      0001CF 97               [ 1]  348 	ld	xl, a
      0001D0 7B 05            [ 1]  349 	ld	a, (0x05, sp)
      0001D2 12 09            [ 1]  350 	sbc	a, (0x09, sp)
      0001D4 95               [ 1]  351 	ld	xh, a
      0001D5 A6 04            [ 1]  352 	ld	a, #0x04
      0001D7                        353 00366$:
      0001D7 90 58            [ 2]  354 	sllw	y
      0001D9 59               [ 2]  355 	rlcw	x
      0001DA 4A               [ 1]  356 	dec	a
      0001DB 26 FA            [ 1]  357 	jrne	00366$
      0001DD 4B 64            [ 1]  358 	push	#0x64
      0001DF 4B 00            [ 1]  359 	push	#0x00
      0001E1 4B 00            [ 1]  360 	push	#0x00
      0001E3 4B 00            [ 1]  361 	push	#0x00
      0001E5 90 89            [ 2]  362 	pushw	y
      0001E7 89               [ 2]  363 	pushw	x
      0001E8 CDr00r00         [ 4]  364 	call	__divulong
      0001EB 5B 08            [ 2]  365 	addw	sp, #8
      0001ED 9F               [ 1]  366 	ld	a, xl
      0001EE A4 0F            [ 1]  367 	and	a, #0x0f
      0001F0 6B 0C            [ 1]  368 	ld	(0x0c, sp), a
                                    369 ;	../..//StdPeriph_Driver/STM8S_StdPeriph_Driver//src/stm8s_uart2.c: 128: BRR2_2 = (uint8_t)((BaudRate_Mantissa >> 4) & (uint8_t)0xF0);
      0001F2 1E 03            [ 2]  370 	ldw	x, (0x03, sp)
      0001F4 A6 10            [ 1]  371 	ld	a, #0x10
      0001F6 62               [ 2]  372 	div	x, a
      0001F7 9F               [ 1]  373 	ld	a, xl
      0001F8 A4 F0            [ 1]  374 	and	a, #0xf0
                                    375 ;	../..//StdPeriph_Driver/STM8S_StdPeriph_Driver//src/stm8s_uart2.c: 130: UART2->BRR2 = (uint8_t)(BRR2_1 | BRR2_2);
      0001FA 1A 0C            [ 1]  376 	or	a, (0x0c, sp)
      0001FC C7 52 43         [ 1]  377 	ld	0x5243, a
                                    378 ;	../..//StdPeriph_Driver/STM8S_StdPeriph_Driver//src/stm8s_uart2.c: 132: UART2->BRR1 = (uint8_t)BaudRate_Mantissa;           
      0001FF 7B 04            [ 1]  379 	ld	a, (0x04, sp)
      000201 C7 52 42         [ 1]  380 	ld	0x5242, a
                                    381 ;	../..//StdPeriph_Driver/STM8S_StdPeriph_Driver//src/stm8s_uart2.c: 135: UART2->CR2 &= (uint8_t)~(UART2_CR2_TEN | UART2_CR2_REN);
      000204 C6 52 45         [ 1]  382 	ld	a, 0x5245
      000207 A4 F3            [ 1]  383 	and	a, #0xf3
      000209 C7 52 45         [ 1]  384 	ld	0x5245, a
                                    385 ;	../..//StdPeriph_Driver/STM8S_StdPeriph_Driver//src/stm8s_uart2.c: 137: UART2->CR3 &= (uint8_t)~(UART2_CR3_CPOL | UART2_CR3_CPHA | UART2_CR3_LBCL);
      00020C C6 52 46         [ 1]  386 	ld	a, 0x5246
      00020F A4 F8            [ 1]  387 	and	a, #0xf8
      000211 C7 52 46         [ 1]  388 	ld	0x5246, a
                                    389 ;	../..//StdPeriph_Driver/STM8S_StdPeriph_Driver//src/stm8s_uart2.c: 139: UART2->CR3 |= (uint8_t)((uint8_t)SyncMode & (uint8_t)(UART2_CR3_CPOL | \
      000214 C6 52 46         [ 1]  390 	ld	a, 0x5246
      000217 6B 0C            [ 1]  391 	ld	(0x0c, sp), a
      000219 7B 16            [ 1]  392 	ld	a, (0x16, sp)
      00021B A4 07            [ 1]  393 	and	a, #0x07
      00021D 1A 0C            [ 1]  394 	or	a, (0x0c, sp)
      00021F C7 52 46         [ 1]  395 	ld	0x5246, a
                                    396 ;	../..//StdPeriph_Driver/STM8S_StdPeriph_Driver//src/stm8s_uart2.c: 135: UART2->CR2 &= (uint8_t)~(UART2_CR2_TEN | UART2_CR2_REN);
      000222 C6 52 45         [ 1]  397 	ld	a, 0x5245
                                    398 ;	../..//StdPeriph_Driver/STM8S_StdPeriph_Driver//src/stm8s_uart2.c: 142: if ((uint8_t)(Mode & UART2_MODE_TX_ENABLE))
      000225 88               [ 1]  399 	push	a
      000226 7B 18            [ 1]  400 	ld	a, (0x18, sp)
      000228 A5 04            [ 1]  401 	bcp	a, #0x04
      00022A 84               [ 1]  402 	pop	a
      00022B 27 07            [ 1]  403 	jreq	00102$
                                    404 ;	../..//StdPeriph_Driver/STM8S_StdPeriph_Driver//src/stm8s_uart2.c: 145: UART2->CR2 |= (uint8_t)UART2_CR2_TEN;
      00022D AA 08            [ 1]  405 	or	a, #0x08
      00022F C7 52 45         [ 1]  406 	ld	0x5245, a
      000232 20 05            [ 2]  407 	jra	00103$
      000234                        408 00102$:
                                    409 ;	../..//StdPeriph_Driver/STM8S_StdPeriph_Driver//src/stm8s_uart2.c: 150: UART2->CR2 &= (uint8_t)(~UART2_CR2_TEN);
      000234 A4 F7            [ 1]  410 	and	a, #0xf7
      000236 C7 52 45         [ 1]  411 	ld	0x5245, a
      000239                        412 00103$:
                                    413 ;	../..//StdPeriph_Driver/STM8S_StdPeriph_Driver//src/stm8s_uart2.c: 135: UART2->CR2 &= (uint8_t)~(UART2_CR2_TEN | UART2_CR2_REN);
      000239 C6 52 45         [ 1]  414 	ld	a, 0x5245
                                    415 ;	../..//StdPeriph_Driver/STM8S_StdPeriph_Driver//src/stm8s_uart2.c: 152: if ((uint8_t)(Mode & UART2_MODE_RX_ENABLE))
      00023C 88               [ 1]  416 	push	a
      00023D 7B 18            [ 1]  417 	ld	a, (0x18, sp)
      00023F A5 08            [ 1]  418 	bcp	a, #0x08
      000241 84               [ 1]  419 	pop	a
      000242 27 07            [ 1]  420 	jreq	00105$
                                    421 ;	../..//StdPeriph_Driver/STM8S_StdPeriph_Driver//src/stm8s_uart2.c: 155: UART2->CR2 |= (uint8_t)UART2_CR2_REN;
      000244 AA 04            [ 1]  422 	or	a, #0x04
      000246 C7 52 45         [ 1]  423 	ld	0x5245, a
      000249 20 05            [ 2]  424 	jra	00106$
      00024B                        425 00105$:
                                    426 ;	../..//StdPeriph_Driver/STM8S_StdPeriph_Driver//src/stm8s_uart2.c: 160: UART2->CR2 &= (uint8_t)(~UART2_CR2_REN);
      00024B A4 FB            [ 1]  427 	and	a, #0xfb
      00024D C7 52 45         [ 1]  428 	ld	0x5245, a
      000250                        429 00106$:
                                    430 ;	../..//StdPeriph_Driver/STM8S_StdPeriph_Driver//src/stm8s_uart2.c: 104: UART2->CR3 &= (uint8_t)(~UART2_CR3_STOP);
      000250 C6 52 46         [ 1]  431 	ld	a, 0x5246
                                    432 ;	../..//StdPeriph_Driver/STM8S_StdPeriph_Driver//src/stm8s_uart2.c: 164: if ((uint8_t)(SyncMode & UART2_SYNCMODE_CLOCK_DISABLE))
      000253 0D 16            [ 1]  433 	tnz	(0x16, sp)
      000255 2A 07            [ 1]  434 	jrpl	00108$
                                    435 ;	../..//StdPeriph_Driver/STM8S_StdPeriph_Driver//src/stm8s_uart2.c: 167: UART2->CR3 &= (uint8_t)(~UART2_CR3_CKEN); 
      000257 A4 F7            [ 1]  436 	and	a, #0xf7
      000259 C7 52 46         [ 1]  437 	ld	0x5246, a
      00025C 20 0D            [ 2]  438 	jra	00110$
      00025E                        439 00108$:
                                    440 ;	../..//StdPeriph_Driver/STM8S_StdPeriph_Driver//src/stm8s_uart2.c: 171: UART2->CR3 |= (uint8_t)((uint8_t)SyncMode & UART2_CR3_CKEN);
      00025E 88               [ 1]  441 	push	a
      00025F 7B 17            [ 1]  442 	ld	a, (0x17, sp)
      000261 A4 08            [ 1]  443 	and	a, #0x08
      000263 6B 0D            [ 1]  444 	ld	(0x0d, sp), a
      000265 84               [ 1]  445 	pop	a
      000266 1A 0C            [ 1]  446 	or	a, (0x0c, sp)
      000268 C7 52 46         [ 1]  447 	ld	0x5246, a
      00026B                        448 00110$:
                                    449 ;	../..//StdPeriph_Driver/STM8S_StdPeriph_Driver//src/stm8s_uart2.c: 173: }
      00026B 5B 0C            [ 2]  450 	addw	sp, #12
      00026D 81               [ 4]  451 	ret
                                    452 ;	../..//StdPeriph_Driver/STM8S_StdPeriph_Driver//src/stm8s_uart2.c: 181: void UART2_Cmd(FunctionalState NewState)
                                    453 ;	-----------------------------------------
                                    454 ;	 function UART2_Cmd
                                    455 ;	-----------------------------------------
      00026E                        456 _UART2_Cmd:
                                    457 ;	../..//StdPeriph_Driver/STM8S_StdPeriph_Driver//src/stm8s_uart2.c: 186: UART2->CR1 &= (uint8_t)(~UART2_CR1_UARTD);
      00026E C6 52 44         [ 1]  458 	ld	a, 0x5244
                                    459 ;	../..//StdPeriph_Driver/STM8S_StdPeriph_Driver//src/stm8s_uart2.c: 183: if (NewState != DISABLE)
      000271 0D 03            [ 1]  460 	tnz	(0x03, sp)
      000273 27 06            [ 1]  461 	jreq	00102$
                                    462 ;	../..//StdPeriph_Driver/STM8S_StdPeriph_Driver//src/stm8s_uart2.c: 186: UART2->CR1 &= (uint8_t)(~UART2_CR1_UARTD);
      000275 A4 DF            [ 1]  463 	and	a, #0xdf
      000277 C7 52 44         [ 1]  464 	ld	0x5244, a
      00027A 81               [ 4]  465 	ret
      00027B                        466 00102$:
                                    467 ;	../..//StdPeriph_Driver/STM8S_StdPeriph_Driver//src/stm8s_uart2.c: 191: UART2->CR1 |= UART2_CR1_UARTD; 
      00027B AA 20            [ 1]  468 	or	a, #0x20
      00027D C7 52 44         [ 1]  469 	ld	0x5244, a
                                    470 ;	../..//StdPeriph_Driver/STM8S_StdPeriph_Driver//src/stm8s_uart2.c: 193: }
      000280 81               [ 4]  471 	ret
                                    472 ;	../..//StdPeriph_Driver/STM8S_StdPeriph_Driver//src/stm8s_uart2.c: 210: void UART2_ITConfig(UART2_IT_TypeDef UART2_IT, FunctionalState NewState)
                                    473 ;	-----------------------------------------
                                    474 ;	 function UART2_ITConfig
                                    475 ;	-----------------------------------------
      000281                        476 _UART2_ITConfig:
      000281 52 03            [ 2]  477 	sub	sp, #3
                                    478 ;	../..//StdPeriph_Driver/STM8S_StdPeriph_Driver//src/stm8s_uart2.c: 215: assert_param(IS_UART2_CONFIG_IT_OK(UART2_IT));
      000283 1E 06            [ 2]  479 	ldw	x, (0x06, sp)
      000285 A3 01 00         [ 2]  480 	cpw	x, #0x0100
      000288 27 31            [ 1]  481 	jreq	00125$
      00028A A3 02 77         [ 2]  482 	cpw	x, #0x0277
      00028D 27 2C            [ 1]  483 	jreq	00125$
      00028F A3 02 66         [ 2]  484 	cpw	x, #0x0266
      000292 27 27            [ 1]  485 	jreq	00125$
      000294 A3 02 05         [ 2]  486 	cpw	x, #0x0205
      000297 27 22            [ 1]  487 	jreq	00125$
      000299 A3 02 44         [ 2]  488 	cpw	x, #0x0244
      00029C 27 1D            [ 1]  489 	jreq	00125$
      00029E A3 04 12         [ 2]  490 	cpw	x, #0x0412
      0002A1 27 18            [ 1]  491 	jreq	00125$
      0002A3 A3 03 46         [ 2]  492 	cpw	x, #0x0346
      0002A6 27 13            [ 1]  493 	jreq	00125$
      0002A8 89               [ 2]  494 	pushw	x
      0002A9 4B D7            [ 1]  495 	push	#0xd7
      0002AB 4B 00            [ 1]  496 	push	#0x00
      0002AD 4B 00            [ 1]  497 	push	#0x00
      0002AF 4B 00            [ 1]  498 	push	#0x00
      0002B1 4Br00            [ 1]  499 	push	#<(___str_0+0)
      0002B3 4Bs00            [ 1]  500 	push	#((___str_0+0) >> 8)
      0002B5 CDr00r00         [ 4]  501 	call	_assert_failed
      0002B8 5B 06            [ 2]  502 	addw	sp, #6
      0002BA 85               [ 2]  503 	popw	x
      0002BB                        504 00125$:
                                    505 ;	../..//StdPeriph_Driver/STM8S_StdPeriph_Driver//src/stm8s_uart2.c: 216: assert_param(IS_FUNCTIONALSTATE_OK(NewState));
      0002BB 0D 08            [ 1]  506 	tnz	(0x08, sp)
      0002BD 27 18            [ 1]  507 	jreq	00145$
      0002BF 7B 08            [ 1]  508 	ld	a, (0x08, sp)
      0002C1 4A               [ 1]  509 	dec	a
      0002C2 27 13            [ 1]  510 	jreq	00145$
      0002C4 89               [ 2]  511 	pushw	x
      0002C5 4B D8            [ 1]  512 	push	#0xd8
      0002C7 4B 00            [ 1]  513 	push	#0x00
      0002C9 4B 00            [ 1]  514 	push	#0x00
      0002CB 4B 00            [ 1]  515 	push	#0x00
      0002CD 4Br00            [ 1]  516 	push	#<(___str_0+0)
      0002CF 4Bs00            [ 1]  517 	push	#((___str_0+0) >> 8)
      0002D1 CDr00r00         [ 4]  518 	call	_assert_failed
      0002D4 5B 06            [ 2]  519 	addw	sp, #6
      0002D6 85               [ 2]  520 	popw	x
      0002D7                        521 00145$:
                                    522 ;	../..//StdPeriph_Driver/STM8S_StdPeriph_Driver//src/stm8s_uart2.c: 219: uartreg = (uint8_t)((uint16_t)UART2_IT >> 0x08);
                                    523 ;	../..//StdPeriph_Driver/STM8S_StdPeriph_Driver//src/stm8s_uart2.c: 222: itpos = (uint8_t)((uint8_t)1 << (uint8_t)((uint8_t)UART2_IT & (uint8_t)0x0F));
      0002D7 7B 07            [ 1]  524 	ld	a, (0x07, sp)
      0002D9 A4 0F            [ 1]  525 	and	a, #0x0f
      0002DB 88               [ 1]  526 	push	a
      0002DC A6 01            [ 1]  527 	ld	a, #0x01
      0002DE 6B 04            [ 1]  528 	ld	(0x04, sp), a
      0002E0 84               [ 1]  529 	pop	a
      0002E1 4D               [ 1]  530 	tnz	a
      0002E2 27 05            [ 1]  531 	jreq	00255$
      0002E4                        532 00254$:
      0002E4 08 03            [ 1]  533 	sll	(0x03, sp)
      0002E6 4A               [ 1]  534 	dec	a
      0002E7 26 FB            [ 1]  535 	jrne	00254$
      0002E9                        536 00255$:
                                    537 ;	../..//StdPeriph_Driver/STM8S_StdPeriph_Driver//src/stm8s_uart2.c: 227: if (uartreg == 0x01)
      0002E9 9E               [ 1]  538 	ld	a, xh
      0002EA 4A               [ 1]  539 	dec	a
      0002EB 26 05            [ 1]  540 	jrne	00257$
      0002ED A6 01            [ 1]  541 	ld	a, #0x01
      0002EF 6B 01            [ 1]  542 	ld	(0x01, sp), a
      0002F1 C5                     543 	.byte 0xc5
      0002F2                        544 00257$:
      0002F2 0F 01            [ 1]  545 	clr	(0x01, sp)
      0002F4                        546 00258$:
                                    547 ;	../..//StdPeriph_Driver/STM8S_StdPeriph_Driver//src/stm8s_uart2.c: 231: else if (uartreg == 0x02)
      0002F4 9E               [ 1]  548 	ld	a, xh
      0002F5 A0 02            [ 1]  549 	sub	a, #0x02
      0002F7 26 04            [ 1]  550 	jrne	00260$
      0002F9 4C               [ 1]  551 	inc	a
      0002FA 6B 02            [ 1]  552 	ld	(0x02, sp), a
      0002FC C5                     553 	.byte 0xc5
      0002FD                        554 00260$:
      0002FD 0F 02            [ 1]  555 	clr	(0x02, sp)
      0002FF                        556 00261$:
                                    557 ;	../..//StdPeriph_Driver/STM8S_StdPeriph_Driver//src/stm8s_uart2.c: 235: else if (uartreg == 0x03)
      0002FF 9E               [ 1]  558 	ld	a, xh
      000300 A0 03            [ 1]  559 	sub	a, #0x03
      000302 26 02            [ 1]  560 	jrne	00263$
      000304 4C               [ 1]  561 	inc	a
      000305 21                     562 	.byte 0x21
      000306                        563 00263$:
      000306 4F               [ 1]  564 	clr	a
      000307                        565 00264$:
                                    566 ;	../..//StdPeriph_Driver/STM8S_StdPeriph_Driver//src/stm8s_uart2.c: 224: if (NewState != DISABLE)
      000307 0D 08            [ 1]  567 	tnz	(0x08, sp)
      000309 27 33            [ 1]  568 	jreq	00120$
                                    569 ;	../..//StdPeriph_Driver/STM8S_StdPeriph_Driver//src/stm8s_uart2.c: 227: if (uartreg == 0x01)
      00030B 0D 01            [ 1]  570 	tnz	(0x01, sp)
      00030D 27 0A            [ 1]  571 	jreq	00108$
                                    572 ;	../..//StdPeriph_Driver/STM8S_StdPeriph_Driver//src/stm8s_uart2.c: 229: UART2->CR1 |= itpos;
      00030F C6 52 44         [ 1]  573 	ld	a, 0x5244
      000312 1A 03            [ 1]  574 	or	a, (0x03, sp)
      000314 C7 52 44         [ 1]  575 	ld	0x5244, a
      000317 20 5A            [ 2]  576 	jra	00122$
      000319                        577 00108$:
                                    578 ;	../..//StdPeriph_Driver/STM8S_StdPeriph_Driver//src/stm8s_uart2.c: 231: else if (uartreg == 0x02)
      000319 0D 02            [ 1]  579 	tnz	(0x02, sp)
      00031B 27 0A            [ 1]  580 	jreq	00105$
                                    581 ;	../..//StdPeriph_Driver/STM8S_StdPeriph_Driver//src/stm8s_uart2.c: 233: UART2->CR2 |= itpos;
      00031D C6 52 45         [ 1]  582 	ld	a, 0x5245
      000320 1A 03            [ 1]  583 	or	a, (0x03, sp)
      000322 C7 52 45         [ 1]  584 	ld	0x5245, a
      000325 20 4C            [ 2]  585 	jra	00122$
      000327                        586 00105$:
                                    587 ;	../..//StdPeriph_Driver/STM8S_StdPeriph_Driver//src/stm8s_uart2.c: 235: else if (uartreg == 0x03)
      000327 4D               [ 1]  588 	tnz	a
      000328 27 0A            [ 1]  589 	jreq	00102$
                                    590 ;	../..//StdPeriph_Driver/STM8S_StdPeriph_Driver//src/stm8s_uart2.c: 237: UART2->CR4 |= itpos;
      00032A C6 52 47         [ 1]  591 	ld	a, 0x5247
      00032D 1A 03            [ 1]  592 	or	a, (0x03, sp)
      00032F C7 52 47         [ 1]  593 	ld	0x5247, a
      000332 20 3F            [ 2]  594 	jra	00122$
      000334                        595 00102$:
                                    596 ;	../..//StdPeriph_Driver/STM8S_StdPeriph_Driver//src/stm8s_uart2.c: 241: UART2->CR6 |= itpos;
      000334 C6 52 49         [ 1]  597 	ld	a, 0x5249
      000337 1A 03            [ 1]  598 	or	a, (0x03, sp)
      000339 C7 52 49         [ 1]  599 	ld	0x5249, a
      00033C 20 35            [ 2]  600 	jra	00122$
      00033E                        601 00120$:
                                    602 ;	../..//StdPeriph_Driver/STM8S_StdPeriph_Driver//src/stm8s_uart2.c: 249: UART2->CR1 &= (uint8_t)(~itpos);
      00033E 88               [ 1]  603 	push	a
      00033F 03 04            [ 1]  604 	cpl	(0x04, sp)
      000341 84               [ 1]  605 	pop	a
                                    606 ;	../..//StdPeriph_Driver/STM8S_StdPeriph_Driver//src/stm8s_uart2.c: 247: if (uartreg == 0x01)
      000342 0D 01            [ 1]  607 	tnz	(0x01, sp)
      000344 27 0A            [ 1]  608 	jreq	00117$
                                    609 ;	../..//StdPeriph_Driver/STM8S_StdPeriph_Driver//src/stm8s_uart2.c: 249: UART2->CR1 &= (uint8_t)(~itpos);
      000346 C6 52 44         [ 1]  610 	ld	a, 0x5244
      000349 14 03            [ 1]  611 	and	a, (0x03, sp)
      00034B C7 52 44         [ 1]  612 	ld	0x5244, a
      00034E 20 23            [ 2]  613 	jra	00122$
      000350                        614 00117$:
                                    615 ;	../..//StdPeriph_Driver/STM8S_StdPeriph_Driver//src/stm8s_uart2.c: 251: else if (uartreg == 0x02)
      000350 0D 02            [ 1]  616 	tnz	(0x02, sp)
      000352 27 0A            [ 1]  617 	jreq	00114$
                                    618 ;	../..//StdPeriph_Driver/STM8S_StdPeriph_Driver//src/stm8s_uart2.c: 253: UART2->CR2 &= (uint8_t)(~itpos);
      000354 C6 52 45         [ 1]  619 	ld	a, 0x5245
      000357 14 03            [ 1]  620 	and	a, (0x03, sp)
      000359 C7 52 45         [ 1]  621 	ld	0x5245, a
      00035C 20 15            [ 2]  622 	jra	00122$
      00035E                        623 00114$:
                                    624 ;	../..//StdPeriph_Driver/STM8S_StdPeriph_Driver//src/stm8s_uart2.c: 255: else if (uartreg == 0x03)
      00035E 4D               [ 1]  625 	tnz	a
      00035F 27 0A            [ 1]  626 	jreq	00111$
                                    627 ;	../..//StdPeriph_Driver/STM8S_StdPeriph_Driver//src/stm8s_uart2.c: 257: UART2->CR4 &= (uint8_t)(~itpos);
      000361 C6 52 47         [ 1]  628 	ld	a, 0x5247
      000364 14 03            [ 1]  629 	and	a, (0x03, sp)
      000366 C7 52 47         [ 1]  630 	ld	0x5247, a
      000369 20 08            [ 2]  631 	jra	00122$
      00036B                        632 00111$:
                                    633 ;	../..//StdPeriph_Driver/STM8S_StdPeriph_Driver//src/stm8s_uart2.c: 261: UART2->CR6 &= (uint8_t)(~itpos);
      00036B C6 52 49         [ 1]  634 	ld	a, 0x5249
      00036E 14 03            [ 1]  635 	and	a, (0x03, sp)
      000370 C7 52 49         [ 1]  636 	ld	0x5249, a
      000373                        637 00122$:
                                    638 ;	../..//StdPeriph_Driver/STM8S_StdPeriph_Driver//src/stm8s_uart2.c: 264: }
      000373 5B 03            [ 2]  639 	addw	sp, #3
      000375 81               [ 4]  640 	ret
                                    641 ;	../..//StdPeriph_Driver/STM8S_StdPeriph_Driver//src/stm8s_uart2.c: 272: void UART2_IrDAConfig(UART2_IrDAMode_TypeDef UART2_IrDAMode)
                                    642 ;	-----------------------------------------
                                    643 ;	 function UART2_IrDAConfig
                                    644 ;	-----------------------------------------
      000376                        645 _UART2_IrDAConfig:
                                    646 ;	../..//StdPeriph_Driver/STM8S_StdPeriph_Driver//src/stm8s_uart2.c: 274: assert_param(IS_UART2_IRDAMODE_OK(UART2_IrDAMode));
      000376 7B 03            [ 1]  647 	ld	a, (0x03, sp)
      000378 4A               [ 1]  648 	dec	a
      000379 27 13            [ 1]  649 	jreq	00107$
      00037B 0D 03            [ 1]  650 	tnz	(0x03, sp)
      00037D 27 0F            [ 1]  651 	jreq	00107$
      00037F 4B 12            [ 1]  652 	push	#0x12
      000381 4B 01            [ 1]  653 	push	#0x01
      000383 5F               [ 1]  654 	clrw	x
      000384 89               [ 2]  655 	pushw	x
      000385 4Br00            [ 1]  656 	push	#<(___str_0+0)
      000387 4Bs00            [ 1]  657 	push	#((___str_0+0) >> 8)
      000389 CDr00r00         [ 4]  658 	call	_assert_failed
      00038C 5B 06            [ 2]  659 	addw	sp, #6
      00038E                        660 00107$:
                                    661 ;	../..//StdPeriph_Driver/STM8S_StdPeriph_Driver//src/stm8s_uart2.c: 278: UART2->CR5 |= UART2_CR5_IRLP;
      00038E C6 52 48         [ 1]  662 	ld	a, 0x5248
                                    663 ;	../..//StdPeriph_Driver/STM8S_StdPeriph_Driver//src/stm8s_uart2.c: 276: if (UART2_IrDAMode != UART2_IRDAMODE_NORMAL)
      000391 0D 03            [ 1]  664 	tnz	(0x03, sp)
      000393 27 06            [ 1]  665 	jreq	00102$
                                    666 ;	../..//StdPeriph_Driver/STM8S_StdPeriph_Driver//src/stm8s_uart2.c: 278: UART2->CR5 |= UART2_CR5_IRLP;
      000395 AA 04            [ 1]  667 	or	a, #0x04
      000397 C7 52 48         [ 1]  668 	ld	0x5248, a
      00039A 81               [ 4]  669 	ret
      00039B                        670 00102$:
                                    671 ;	../..//StdPeriph_Driver/STM8S_StdPeriph_Driver//src/stm8s_uart2.c: 282: UART2->CR5 &= ((uint8_t)~UART2_CR5_IRLP);
      00039B A4 FB            [ 1]  672 	and	a, #0xfb
      00039D C7 52 48         [ 1]  673 	ld	0x5248, a
                                    674 ;	../..//StdPeriph_Driver/STM8S_StdPeriph_Driver//src/stm8s_uart2.c: 284: }
      0003A0 81               [ 4]  675 	ret
                                    676 ;	../..//StdPeriph_Driver/STM8S_StdPeriph_Driver//src/stm8s_uart2.c: 292: void UART2_IrDACmd(FunctionalState NewState)
                                    677 ;	-----------------------------------------
                                    678 ;	 function UART2_IrDACmd
                                    679 ;	-----------------------------------------
      0003A1                        680 _UART2_IrDACmd:
                                    681 ;	../..//StdPeriph_Driver/STM8S_StdPeriph_Driver//src/stm8s_uart2.c: 295: assert_param(IS_FUNCTIONALSTATE_OK(NewState));
      0003A1 0D 03            [ 1]  682 	tnz	(0x03, sp)
      0003A3 27 14            [ 1]  683 	jreq	00107$
      0003A5 7B 03            [ 1]  684 	ld	a, (0x03, sp)
      0003A7 4A               [ 1]  685 	dec	a
      0003A8 27 0F            [ 1]  686 	jreq	00107$
      0003AA 4B 27            [ 1]  687 	push	#0x27
      0003AC 4B 01            [ 1]  688 	push	#0x01
      0003AE 5F               [ 1]  689 	clrw	x
      0003AF 89               [ 2]  690 	pushw	x
      0003B0 4Br00            [ 1]  691 	push	#<(___str_0+0)
      0003B2 4Bs00            [ 1]  692 	push	#((___str_0+0) >> 8)
      0003B4 CDr00r00         [ 4]  693 	call	_assert_failed
      0003B7 5B 06            [ 2]  694 	addw	sp, #6
      0003B9                        695 00107$:
                                    696 ;	../..//StdPeriph_Driver/STM8S_StdPeriph_Driver//src/stm8s_uart2.c: 300: UART2->CR5 |= UART2_CR5_IREN;
      0003B9 C6 52 48         [ 1]  697 	ld	a, 0x5248
                                    698 ;	../..//StdPeriph_Driver/STM8S_StdPeriph_Driver//src/stm8s_uart2.c: 297: if (NewState != DISABLE)
      0003BC 0D 03            [ 1]  699 	tnz	(0x03, sp)
      0003BE 27 06            [ 1]  700 	jreq	00102$
                                    701 ;	../..//StdPeriph_Driver/STM8S_StdPeriph_Driver//src/stm8s_uart2.c: 300: UART2->CR5 |= UART2_CR5_IREN;
      0003C0 AA 02            [ 1]  702 	or	a, #0x02
      0003C2 C7 52 48         [ 1]  703 	ld	0x5248, a
      0003C5 81               [ 4]  704 	ret
      0003C6                        705 00102$:
                                    706 ;	../..//StdPeriph_Driver/STM8S_StdPeriph_Driver//src/stm8s_uart2.c: 305: UART2->CR5 &= ((uint8_t)~UART2_CR5_IREN);
      0003C6 A4 FD            [ 1]  707 	and	a, #0xfd
      0003C8 C7 52 48         [ 1]  708 	ld	0x5248, a
                                    709 ;	../..//StdPeriph_Driver/STM8S_StdPeriph_Driver//src/stm8s_uart2.c: 307: }
      0003CB 81               [ 4]  710 	ret
                                    711 ;	../..//StdPeriph_Driver/STM8S_StdPeriph_Driver//src/stm8s_uart2.c: 316: void UART2_LINBreakDetectionConfig(UART2_LINBreakDetectionLength_TypeDef UART2_LINBreakDetectionLength)
                                    712 ;	-----------------------------------------
                                    713 ;	 function UART2_LINBreakDetectionConfig
                                    714 ;	-----------------------------------------
      0003CC                        715 _UART2_LINBreakDetectionConfig:
                                    716 ;	../..//StdPeriph_Driver/STM8S_StdPeriph_Driver//src/stm8s_uart2.c: 319: assert_param(IS_UART2_LINBREAKDETECTIONLENGTH_OK(UART2_LINBreakDetectionLength));
      0003CC 0D 03            [ 1]  717 	tnz	(0x03, sp)
      0003CE 27 14            [ 1]  718 	jreq	00107$
      0003D0 7B 03            [ 1]  719 	ld	a, (0x03, sp)
      0003D2 4A               [ 1]  720 	dec	a
      0003D3 27 0F            [ 1]  721 	jreq	00107$
      0003D5 4B 3F            [ 1]  722 	push	#0x3f
      0003D7 4B 01            [ 1]  723 	push	#0x01
      0003D9 5F               [ 1]  724 	clrw	x
      0003DA 89               [ 2]  725 	pushw	x
      0003DB 4Br00            [ 1]  726 	push	#<(___str_0+0)
      0003DD 4Bs00            [ 1]  727 	push	#((___str_0+0) >> 8)
      0003DF CDr00r00         [ 4]  728 	call	_assert_failed
      0003E2 5B 06            [ 2]  729 	addw	sp, #6
      0003E4                        730 00107$:
                                    731 ;	../..//StdPeriph_Driver/STM8S_StdPeriph_Driver//src/stm8s_uart2.c: 323: UART2->CR4 |= UART2_CR4_LBDL;
      0003E4 C6 52 47         [ 1]  732 	ld	a, 0x5247
                                    733 ;	../..//StdPeriph_Driver/STM8S_StdPeriph_Driver//src/stm8s_uart2.c: 321: if (UART2_LINBreakDetectionLength != UART2_LINBREAKDETECTIONLENGTH_10BITS)
      0003E7 0D 03            [ 1]  734 	tnz	(0x03, sp)
      0003E9 27 06            [ 1]  735 	jreq	00102$
                                    736 ;	../..//StdPeriph_Driver/STM8S_StdPeriph_Driver//src/stm8s_uart2.c: 323: UART2->CR4 |= UART2_CR4_LBDL;
      0003EB AA 20            [ 1]  737 	or	a, #0x20
      0003ED C7 52 47         [ 1]  738 	ld	0x5247, a
      0003F0 81               [ 4]  739 	ret
      0003F1                        740 00102$:
                                    741 ;	../..//StdPeriph_Driver/STM8S_StdPeriph_Driver//src/stm8s_uart2.c: 327: UART2->CR4 &= ((uint8_t)~UART2_CR4_LBDL);
      0003F1 A4 DF            [ 1]  742 	and	a, #0xdf
      0003F3 C7 52 47         [ 1]  743 	ld	0x5247, a
                                    744 ;	../..//StdPeriph_Driver/STM8S_StdPeriph_Driver//src/stm8s_uart2.c: 329: }
      0003F6 81               [ 4]  745 	ret
                                    746 ;	../..//StdPeriph_Driver/STM8S_StdPeriph_Driver//src/stm8s_uart2.c: 341: void UART2_LINConfig(UART2_LinMode_TypeDef UART2_Mode, 
                                    747 ;	-----------------------------------------
                                    748 ;	 function UART2_LINConfig
                                    749 ;	-----------------------------------------
      0003F7                        750 _UART2_LINConfig:
                                    751 ;	../..//StdPeriph_Driver/STM8S_StdPeriph_Driver//src/stm8s_uart2.c: 346: assert_param(IS_UART2_SLAVE_OK(UART2_Mode));
      0003F7 0D 03            [ 1]  752 	tnz	(0x03, sp)
      0003F9 27 14            [ 1]  753 	jreq	00113$
      0003FB 7B 03            [ 1]  754 	ld	a, (0x03, sp)
      0003FD 4A               [ 1]  755 	dec	a
      0003FE 27 0F            [ 1]  756 	jreq	00113$
      000400 4B 5A            [ 1]  757 	push	#0x5a
      000402 4B 01            [ 1]  758 	push	#0x01
      000404 5F               [ 1]  759 	clrw	x
      000405 89               [ 2]  760 	pushw	x
      000406 4Br00            [ 1]  761 	push	#<(___str_0+0)
      000408 4Bs00            [ 1]  762 	push	#((___str_0+0) >> 8)
      00040A CDr00r00         [ 4]  763 	call	_assert_failed
      00040D 5B 06            [ 2]  764 	addw	sp, #6
      00040F                        765 00113$:
                                    766 ;	../..//StdPeriph_Driver/STM8S_StdPeriph_Driver//src/stm8s_uart2.c: 347: assert_param(IS_UART2_AUTOSYNC_OK(UART2_Autosync));
      00040F 7B 04            [ 1]  767 	ld	a, (0x04, sp)
      000411 4A               [ 1]  768 	dec	a
      000412 27 13            [ 1]  769 	jreq	00118$
      000414 0D 04            [ 1]  770 	tnz	(0x04, sp)
      000416 27 0F            [ 1]  771 	jreq	00118$
      000418 4B 5B            [ 1]  772 	push	#0x5b
      00041A 4B 01            [ 1]  773 	push	#0x01
      00041C 5F               [ 1]  774 	clrw	x
      00041D 89               [ 2]  775 	pushw	x
      00041E 4Br00            [ 1]  776 	push	#<(___str_0+0)
      000420 4Bs00            [ 1]  777 	push	#((___str_0+0) >> 8)
      000422 CDr00r00         [ 4]  778 	call	_assert_failed
      000425 5B 06            [ 2]  779 	addw	sp, #6
      000427                        780 00118$:
                                    781 ;	../..//StdPeriph_Driver/STM8S_StdPeriph_Driver//src/stm8s_uart2.c: 348: assert_param(IS_UART2_DIVUP_OK(UART2_DivUp));
      000427 0D 05            [ 1]  782 	tnz	(0x05, sp)
      000429 27 14            [ 1]  783 	jreq	00123$
      00042B 7B 05            [ 1]  784 	ld	a, (0x05, sp)
      00042D 4A               [ 1]  785 	dec	a
      00042E 27 0F            [ 1]  786 	jreq	00123$
      000430 4B 5C            [ 1]  787 	push	#0x5c
      000432 4B 01            [ 1]  788 	push	#0x01
      000434 5F               [ 1]  789 	clrw	x
      000435 89               [ 2]  790 	pushw	x
      000436 4Br00            [ 1]  791 	push	#<(___str_0+0)
      000438 4Bs00            [ 1]  792 	push	#((___str_0+0) >> 8)
      00043A CDr00r00         [ 4]  793 	call	_assert_failed
      00043D 5B 06            [ 2]  794 	addw	sp, #6
      00043F                        795 00123$:
                                    796 ;	../..//StdPeriph_Driver/STM8S_StdPeriph_Driver//src/stm8s_uart2.c: 352: UART2->CR6 |=  UART2_CR6_LSLV;
      00043F C6 52 49         [ 1]  797 	ld	a, 0x5249
                                    798 ;	../..//StdPeriph_Driver/STM8S_StdPeriph_Driver//src/stm8s_uart2.c: 350: if (UART2_Mode != UART2_LIN_MODE_MASTER)
      000442 0D 03            [ 1]  799 	tnz	(0x03, sp)
      000444 27 07            [ 1]  800 	jreq	00102$
                                    801 ;	../..//StdPeriph_Driver/STM8S_StdPeriph_Driver//src/stm8s_uart2.c: 352: UART2->CR6 |=  UART2_CR6_LSLV;
      000446 AA 20            [ 1]  802 	or	a, #0x20
      000448 C7 52 49         [ 1]  803 	ld	0x5249, a
      00044B 20 05            [ 2]  804 	jra	00103$
      00044D                        805 00102$:
                                    806 ;	../..//StdPeriph_Driver/STM8S_StdPeriph_Driver//src/stm8s_uart2.c: 356: UART2->CR6 &= ((uint8_t)~UART2_CR6_LSLV);
      00044D A4 DF            [ 1]  807 	and	a, #0xdf
      00044F C7 52 49         [ 1]  808 	ld	0x5249, a
      000452                        809 00103$:
                                    810 ;	../..//StdPeriph_Driver/STM8S_StdPeriph_Driver//src/stm8s_uart2.c: 352: UART2->CR6 |=  UART2_CR6_LSLV;
      000452 C6 52 49         [ 1]  811 	ld	a, 0x5249
                                    812 ;	../..//StdPeriph_Driver/STM8S_StdPeriph_Driver//src/stm8s_uart2.c: 359: if (UART2_Autosync != UART2_LIN_AUTOSYNC_DISABLE)
      000455 0D 04            [ 1]  813 	tnz	(0x04, sp)
      000457 27 07            [ 1]  814 	jreq	00105$
                                    815 ;	../..//StdPeriph_Driver/STM8S_StdPeriph_Driver//src/stm8s_uart2.c: 361: UART2->CR6 |=  UART2_CR6_LASE ;
      000459 AA 10            [ 1]  816 	or	a, #0x10
      00045B C7 52 49         [ 1]  817 	ld	0x5249, a
      00045E 20 05            [ 2]  818 	jra	00106$
      000460                        819 00105$:
                                    820 ;	../..//StdPeriph_Driver/STM8S_StdPeriph_Driver//src/stm8s_uart2.c: 365: UART2->CR6 &= ((uint8_t)~ UART2_CR6_LASE );
      000460 A4 EF            [ 1]  821 	and	a, #0xef
      000462 C7 52 49         [ 1]  822 	ld	0x5249, a
      000465                        823 00106$:
                                    824 ;	../..//StdPeriph_Driver/STM8S_StdPeriph_Driver//src/stm8s_uart2.c: 352: UART2->CR6 |=  UART2_CR6_LSLV;
      000465 C6 52 49         [ 1]  825 	ld	a, 0x5249
                                    826 ;	../..//StdPeriph_Driver/STM8S_StdPeriph_Driver//src/stm8s_uart2.c: 368: if (UART2_DivUp != UART2_LIN_DIVUP_LBRR1)
      000468 0D 05            [ 1]  827 	tnz	(0x05, sp)
      00046A 27 06            [ 1]  828 	jreq	00108$
                                    829 ;	../..//StdPeriph_Driver/STM8S_StdPeriph_Driver//src/stm8s_uart2.c: 370: UART2->CR6 |=  UART2_CR6_LDUM;
      00046C AA 80            [ 1]  830 	or	a, #0x80
      00046E C7 52 49         [ 1]  831 	ld	0x5249, a
      000471 81               [ 4]  832 	ret
      000472                        833 00108$:
                                    834 ;	../..//StdPeriph_Driver/STM8S_StdPeriph_Driver//src/stm8s_uart2.c: 374: UART2->CR6 &= ((uint8_t)~ UART2_CR6_LDUM);
      000472 A4 7F            [ 1]  835 	and	a, #0x7f
      000474 C7 52 49         [ 1]  836 	ld	0x5249, a
                                    837 ;	../..//StdPeriph_Driver/STM8S_StdPeriph_Driver//src/stm8s_uart2.c: 376: }
      000477 81               [ 4]  838 	ret
                                    839 ;	../..//StdPeriph_Driver/STM8S_StdPeriph_Driver//src/stm8s_uart2.c: 384: void UART2_LINCmd(FunctionalState NewState)
                                    840 ;	-----------------------------------------
                                    841 ;	 function UART2_LINCmd
                                    842 ;	-----------------------------------------
      000478                        843 _UART2_LINCmd:
                                    844 ;	../..//StdPeriph_Driver/STM8S_StdPeriph_Driver//src/stm8s_uart2.c: 386: assert_param(IS_FUNCTIONALSTATE_OK(NewState));
      000478 0D 03            [ 1]  845 	tnz	(0x03, sp)
      00047A 27 14            [ 1]  846 	jreq	00107$
      00047C 7B 03            [ 1]  847 	ld	a, (0x03, sp)
      00047E 4A               [ 1]  848 	dec	a
      00047F 27 0F            [ 1]  849 	jreq	00107$
      000481 4B 82            [ 1]  850 	push	#0x82
      000483 4B 01            [ 1]  851 	push	#0x01
      000485 5F               [ 1]  852 	clrw	x
      000486 89               [ 2]  853 	pushw	x
      000487 4Br00            [ 1]  854 	push	#<(___str_0+0)
      000489 4Bs00            [ 1]  855 	push	#((___str_0+0) >> 8)
      00048B CDr00r00         [ 4]  856 	call	_assert_failed
      00048E 5B 06            [ 2]  857 	addw	sp, #6
      000490                        858 00107$:
                                    859 ;	../..//StdPeriph_Driver/STM8S_StdPeriph_Driver//src/stm8s_uart2.c: 391: UART2->CR3 |= UART2_CR3_LINEN;
      000490 C6 52 46         [ 1]  860 	ld	a, 0x5246
                                    861 ;	../..//StdPeriph_Driver/STM8S_StdPeriph_Driver//src/stm8s_uart2.c: 388: if (NewState != DISABLE)
      000493 0D 03            [ 1]  862 	tnz	(0x03, sp)
      000495 27 06            [ 1]  863 	jreq	00102$
                                    864 ;	../..//StdPeriph_Driver/STM8S_StdPeriph_Driver//src/stm8s_uart2.c: 391: UART2->CR3 |= UART2_CR3_LINEN;
      000497 AA 40            [ 1]  865 	or	a, #0x40
      000499 C7 52 46         [ 1]  866 	ld	0x5246, a
      00049C 81               [ 4]  867 	ret
      00049D                        868 00102$:
                                    869 ;	../..//StdPeriph_Driver/STM8S_StdPeriph_Driver//src/stm8s_uart2.c: 396: UART2->CR3 &= ((uint8_t)~UART2_CR3_LINEN);
      00049D A4 BF            [ 1]  870 	and	a, #0xbf
      00049F C7 52 46         [ 1]  871 	ld	0x5246, a
                                    872 ;	../..//StdPeriph_Driver/STM8S_StdPeriph_Driver//src/stm8s_uart2.c: 398: }
      0004A2 81               [ 4]  873 	ret
                                    874 ;	../..//StdPeriph_Driver/STM8S_StdPeriph_Driver//src/stm8s_uart2.c: 406: void UART2_SmartCardCmd(FunctionalState NewState)
                                    875 ;	-----------------------------------------
                                    876 ;	 function UART2_SmartCardCmd
                                    877 ;	-----------------------------------------
      0004A3                        878 _UART2_SmartCardCmd:
                                    879 ;	../..//StdPeriph_Driver/STM8S_StdPeriph_Driver//src/stm8s_uart2.c: 409: assert_param(IS_FUNCTIONALSTATE_OK(NewState));
      0004A3 0D 03            [ 1]  880 	tnz	(0x03, sp)
      0004A5 27 14            [ 1]  881 	jreq	00107$
      0004A7 7B 03            [ 1]  882 	ld	a, (0x03, sp)
      0004A9 4A               [ 1]  883 	dec	a
      0004AA 27 0F            [ 1]  884 	jreq	00107$
      0004AC 4B 99            [ 1]  885 	push	#0x99
      0004AE 4B 01            [ 1]  886 	push	#0x01
      0004B0 5F               [ 1]  887 	clrw	x
      0004B1 89               [ 2]  888 	pushw	x
      0004B2 4Br00            [ 1]  889 	push	#<(___str_0+0)
      0004B4 4Bs00            [ 1]  890 	push	#((___str_0+0) >> 8)
      0004B6 CDr00r00         [ 4]  891 	call	_assert_failed
      0004B9 5B 06            [ 2]  892 	addw	sp, #6
      0004BB                        893 00107$:
                                    894 ;	../..//StdPeriph_Driver/STM8S_StdPeriph_Driver//src/stm8s_uart2.c: 414: UART2->CR5 |= UART2_CR5_SCEN;
      0004BB C6 52 48         [ 1]  895 	ld	a, 0x5248
                                    896 ;	../..//StdPeriph_Driver/STM8S_StdPeriph_Driver//src/stm8s_uart2.c: 411: if (NewState != DISABLE)
      0004BE 0D 03            [ 1]  897 	tnz	(0x03, sp)
      0004C0 27 06            [ 1]  898 	jreq	00102$
                                    899 ;	../..//StdPeriph_Driver/STM8S_StdPeriph_Driver//src/stm8s_uart2.c: 414: UART2->CR5 |= UART2_CR5_SCEN;
      0004C2 AA 20            [ 1]  900 	or	a, #0x20
      0004C4 C7 52 48         [ 1]  901 	ld	0x5248, a
      0004C7 81               [ 4]  902 	ret
      0004C8                        903 00102$:
                                    904 ;	../..//StdPeriph_Driver/STM8S_StdPeriph_Driver//src/stm8s_uart2.c: 419: UART2->CR5 &= ((uint8_t)(~UART2_CR5_SCEN));
      0004C8 A4 DF            [ 1]  905 	and	a, #0xdf
      0004CA C7 52 48         [ 1]  906 	ld	0x5248, a
                                    907 ;	../..//StdPeriph_Driver/STM8S_StdPeriph_Driver//src/stm8s_uart2.c: 421: }
      0004CD 81               [ 4]  908 	ret
                                    909 ;	../..//StdPeriph_Driver/STM8S_StdPeriph_Driver//src/stm8s_uart2.c: 429: void UART2_SmartCardNACKCmd(FunctionalState NewState)
                                    910 ;	-----------------------------------------
                                    911 ;	 function UART2_SmartCardNACKCmd
                                    912 ;	-----------------------------------------
      0004CE                        913 _UART2_SmartCardNACKCmd:
                                    914 ;	../..//StdPeriph_Driver/STM8S_StdPeriph_Driver//src/stm8s_uart2.c: 432: assert_param(IS_FUNCTIONALSTATE_OK(NewState));
      0004CE 0D 03            [ 1]  915 	tnz	(0x03, sp)
      0004D0 27 14            [ 1]  916 	jreq	00107$
      0004D2 7B 03            [ 1]  917 	ld	a, (0x03, sp)
      0004D4 4A               [ 1]  918 	dec	a
      0004D5 27 0F            [ 1]  919 	jreq	00107$
      0004D7 4B B0            [ 1]  920 	push	#0xb0
      0004D9 4B 01            [ 1]  921 	push	#0x01
      0004DB 5F               [ 1]  922 	clrw	x
      0004DC 89               [ 2]  923 	pushw	x
      0004DD 4Br00            [ 1]  924 	push	#<(___str_0+0)
      0004DF 4Bs00            [ 1]  925 	push	#((___str_0+0) >> 8)
      0004E1 CDr00r00         [ 4]  926 	call	_assert_failed
      0004E4 5B 06            [ 2]  927 	addw	sp, #6
      0004E6                        928 00107$:
                                    929 ;	../..//StdPeriph_Driver/STM8S_StdPeriph_Driver//src/stm8s_uart2.c: 437: UART2->CR5 |= UART2_CR5_NACK;
      0004E6 C6 52 48         [ 1]  930 	ld	a, 0x5248
                                    931 ;	../..//StdPeriph_Driver/STM8S_StdPeriph_Driver//src/stm8s_uart2.c: 434: if (NewState != DISABLE)
      0004E9 0D 03            [ 1]  932 	tnz	(0x03, sp)
      0004EB 27 06            [ 1]  933 	jreq	00102$
                                    934 ;	../..//StdPeriph_Driver/STM8S_StdPeriph_Driver//src/stm8s_uart2.c: 437: UART2->CR5 |= UART2_CR5_NACK;
      0004ED AA 10            [ 1]  935 	or	a, #0x10
      0004EF C7 52 48         [ 1]  936 	ld	0x5248, a
      0004F2 81               [ 4]  937 	ret
      0004F3                        938 00102$:
                                    939 ;	../..//StdPeriph_Driver/STM8S_StdPeriph_Driver//src/stm8s_uart2.c: 442: UART2->CR5 &= ((uint8_t)~(UART2_CR5_NACK));
      0004F3 A4 EF            [ 1]  940 	and	a, #0xef
      0004F5 C7 52 48         [ 1]  941 	ld	0x5248, a
                                    942 ;	../..//StdPeriph_Driver/STM8S_StdPeriph_Driver//src/stm8s_uart2.c: 444: }
      0004F8 81               [ 4]  943 	ret
                                    944 ;	../..//StdPeriph_Driver/STM8S_StdPeriph_Driver//src/stm8s_uart2.c: 452: void UART2_WakeUpConfig(UART2_WakeUp_TypeDef UART2_WakeUp)
                                    945 ;	-----------------------------------------
                                    946 ;	 function UART2_WakeUpConfig
                                    947 ;	-----------------------------------------
      0004F9                        948 _UART2_WakeUpConfig:
                                    949 ;	../..//StdPeriph_Driver/STM8S_StdPeriph_Driver//src/stm8s_uart2.c: 454: assert_param(IS_UART2_WAKEUP_OK(UART2_WakeUp));
      0004F9 0D 03            [ 1]  950 	tnz	(0x03, sp)
      0004FB 27 15            [ 1]  951 	jreq	00104$
      0004FD 7B 03            [ 1]  952 	ld	a, (0x03, sp)
      0004FF A1 08            [ 1]  953 	cp	a, #0x08
      000501 27 0F            [ 1]  954 	jreq	00104$
      000503 4B C6            [ 1]  955 	push	#0xc6
      000505 4B 01            [ 1]  956 	push	#0x01
      000507 5F               [ 1]  957 	clrw	x
      000508 89               [ 2]  958 	pushw	x
      000509 4Br00            [ 1]  959 	push	#<(___str_0+0)
      00050B 4Bs00            [ 1]  960 	push	#((___str_0+0) >> 8)
      00050D CDr00r00         [ 4]  961 	call	_assert_failed
      000510 5B 06            [ 2]  962 	addw	sp, #6
      000512                        963 00104$:
                                    964 ;	../..//StdPeriph_Driver/STM8S_StdPeriph_Driver//src/stm8s_uart2.c: 456: UART2->CR1 &= ((uint8_t)~UART2_CR1_WAKE);
      000512 72 17 52 44      [ 1]  965 	bres	21060, #3
                                    966 ;	../..//StdPeriph_Driver/STM8S_StdPeriph_Driver//src/stm8s_uart2.c: 457: UART2->CR1 |= (uint8_t)UART2_WakeUp;
      000516 C6 52 44         [ 1]  967 	ld	a, 0x5244
      000519 1A 03            [ 1]  968 	or	a, (0x03, sp)
      00051B C7 52 44         [ 1]  969 	ld	0x5244, a
                                    970 ;	../..//StdPeriph_Driver/STM8S_StdPeriph_Driver//src/stm8s_uart2.c: 458: }
      00051E 81               [ 4]  971 	ret
                                    972 ;	../..//StdPeriph_Driver/STM8S_StdPeriph_Driver//src/stm8s_uart2.c: 466: void UART2_ReceiverWakeUpCmd(FunctionalState NewState)
                                    973 ;	-----------------------------------------
                                    974 ;	 function UART2_ReceiverWakeUpCmd
                                    975 ;	-----------------------------------------
      00051F                        976 _UART2_ReceiverWakeUpCmd:
                                    977 ;	../..//StdPeriph_Driver/STM8S_StdPeriph_Driver//src/stm8s_uart2.c: 468: assert_param(IS_FUNCTIONALSTATE_OK(NewState));
      00051F 0D 03            [ 1]  978 	tnz	(0x03, sp)
      000521 27 14            [ 1]  979 	jreq	00107$
      000523 7B 03            [ 1]  980 	ld	a, (0x03, sp)
      000525 4A               [ 1]  981 	dec	a
      000526 27 0F            [ 1]  982 	jreq	00107$
      000528 4B D4            [ 1]  983 	push	#0xd4
      00052A 4B 01            [ 1]  984 	push	#0x01
      00052C 5F               [ 1]  985 	clrw	x
      00052D 89               [ 2]  986 	pushw	x
      00052E 4Br00            [ 1]  987 	push	#<(___str_0+0)
      000530 4Bs00            [ 1]  988 	push	#((___str_0+0) >> 8)
      000532 CDr00r00         [ 4]  989 	call	_assert_failed
      000535 5B 06            [ 2]  990 	addw	sp, #6
      000537                        991 00107$:
                                    992 ;	../..//StdPeriph_Driver/STM8S_StdPeriph_Driver//src/stm8s_uart2.c: 473: UART2->CR2 |= UART2_CR2_RWU;
      000537 C6 52 45         [ 1]  993 	ld	a, 0x5245
                                    994 ;	../..//StdPeriph_Driver/STM8S_StdPeriph_Driver//src/stm8s_uart2.c: 470: if (NewState != DISABLE)
      00053A 0D 03            [ 1]  995 	tnz	(0x03, sp)
      00053C 27 06            [ 1]  996 	jreq	00102$
                                    997 ;	../..//StdPeriph_Driver/STM8S_StdPeriph_Driver//src/stm8s_uart2.c: 473: UART2->CR2 |= UART2_CR2_RWU;
      00053E AA 02            [ 1]  998 	or	a, #0x02
      000540 C7 52 45         [ 1]  999 	ld	0x5245, a
      000543 81               [ 4] 1000 	ret
      000544                       1001 00102$:
                                   1002 ;	../..//StdPeriph_Driver/STM8S_StdPeriph_Driver//src/stm8s_uart2.c: 478: UART2->CR2 &= ((uint8_t)~UART2_CR2_RWU);
      000544 A4 FD            [ 1] 1003 	and	a, #0xfd
      000546 C7 52 45         [ 1] 1004 	ld	0x5245, a
                                   1005 ;	../..//StdPeriph_Driver/STM8S_StdPeriph_Driver//src/stm8s_uart2.c: 480: }
      000549 81               [ 4] 1006 	ret
                                   1007 ;	../..//StdPeriph_Driver/STM8S_StdPeriph_Driver//src/stm8s_uart2.c: 487: uint8_t UART2_ReceiveData8(void)
                                   1008 ;	-----------------------------------------
                                   1009 ;	 function UART2_ReceiveData8
                                   1010 ;	-----------------------------------------
      00054A                       1011 _UART2_ReceiveData8:
                                   1012 ;	../..//StdPeriph_Driver/STM8S_StdPeriph_Driver//src/stm8s_uart2.c: 489: return ((uint8_t)UART2->DR);
      00054A C6 52 41         [ 1] 1013 	ld	a, 0x5241
                                   1014 ;	../..//StdPeriph_Driver/STM8S_StdPeriph_Driver//src/stm8s_uart2.c: 490: }
      00054D 81               [ 4] 1015 	ret
                                   1016 ;	../..//StdPeriph_Driver/STM8S_StdPeriph_Driver//src/stm8s_uart2.c: 497: uint16_t UART2_ReceiveData9(void)
                                   1017 ;	-----------------------------------------
                                   1018 ;	 function UART2_ReceiveData9
                                   1019 ;	-----------------------------------------
      00054E                       1020 _UART2_ReceiveData9:
      00054E 89               [ 2] 1021 	pushw	x
                                   1022 ;	../..//StdPeriph_Driver/STM8S_StdPeriph_Driver//src/stm8s_uart2.c: 501: temp = ((uint16_t)(((uint16_t)((uint16_t)UART2->CR1 & (uint16_t)UART2_CR1_R8)) << 1));
      00054F C6 52 44         [ 1] 1023 	ld	a, 0x5244
      000552 A4 80            [ 1] 1024 	and	a, #0x80
      000554 97               [ 1] 1025 	ld	xl, a
      000555 4F               [ 1] 1026 	clr	a
      000556 95               [ 1] 1027 	ld	xh, a
      000557 58               [ 2] 1028 	sllw	x
      000558 1F 01            [ 2] 1029 	ldw	(0x01, sp), x
                                   1030 ;	../..//StdPeriph_Driver/STM8S_StdPeriph_Driver//src/stm8s_uart2.c: 503: return (uint16_t)((((uint16_t)UART2->DR) | temp) & ((uint16_t)0x01FF));
      00055A C6 52 41         [ 1] 1031 	ld	a, 0x5241
      00055D 5F               [ 1] 1032 	clrw	x
      00055E 1A 02            [ 1] 1033 	or	a, (0x02, sp)
      000560 02               [ 1] 1034 	rlwa	x
      000561 1A 01            [ 1] 1035 	or	a, (0x01, sp)
      000563 A4 01            [ 1] 1036 	and	a, #0x01
      000565 95               [ 1] 1037 	ld	xh, a
                                   1038 ;	../..//StdPeriph_Driver/STM8S_StdPeriph_Driver//src/stm8s_uart2.c: 504: }
      000566 5B 02            [ 2] 1039 	addw	sp, #2
      000568 81               [ 4] 1040 	ret
                                   1041 ;	../..//StdPeriph_Driver/STM8S_StdPeriph_Driver//src/stm8s_uart2.c: 511: void UART2_SendData8(uint8_t Data)
                                   1042 ;	-----------------------------------------
                                   1043 ;	 function UART2_SendData8
                                   1044 ;	-----------------------------------------
      000569                       1045 _UART2_SendData8:
                                   1046 ;	../..//StdPeriph_Driver/STM8S_StdPeriph_Driver//src/stm8s_uart2.c: 514: UART2->DR = Data;
      000569 AE 52 41         [ 2] 1047 	ldw	x, #0x5241
      00056C 7B 03            [ 1] 1048 	ld	a, (0x03, sp)
      00056E F7               [ 1] 1049 	ld	(x), a
                                   1050 ;	../..//StdPeriph_Driver/STM8S_StdPeriph_Driver//src/stm8s_uart2.c: 515: }
      00056F 81               [ 4] 1051 	ret
                                   1052 ;	../..//StdPeriph_Driver/STM8S_StdPeriph_Driver//src/stm8s_uart2.c: 522: void UART2_SendData9(uint16_t Data)
                                   1053 ;	-----------------------------------------
                                   1054 ;	 function UART2_SendData9
                                   1055 ;	-----------------------------------------
      000570                       1056 _UART2_SendData9:
      000570 88               [ 1] 1057 	push	a
                                   1058 ;	../..//StdPeriph_Driver/STM8S_StdPeriph_Driver//src/stm8s_uart2.c: 525: UART2->CR1 &= ((uint8_t)~UART2_CR1_T8);                  
      000571 72 1D 52 44      [ 1] 1059 	bres	21060, #6
                                   1060 ;	../..//StdPeriph_Driver/STM8S_StdPeriph_Driver//src/stm8s_uart2.c: 528: UART2->CR1 |= (uint8_t)(((uint8_t)(Data >> 2)) & UART2_CR1_T8); 
      000575 C6 52 44         [ 1] 1061 	ld	a, 0x5244
      000578 6B 01            [ 1] 1062 	ld	(0x01, sp), a
      00057A 1E 04            [ 2] 1063 	ldw	x, (0x04, sp)
      00057C 54               [ 2] 1064 	srlw	x
      00057D 54               [ 2] 1065 	srlw	x
      00057E 9F               [ 1] 1066 	ld	a, xl
      00057F A4 40            [ 1] 1067 	and	a, #0x40
      000581 1A 01            [ 1] 1068 	or	a, (0x01, sp)
      000583 C7 52 44         [ 1] 1069 	ld	0x5244, a
                                   1070 ;	../..//StdPeriph_Driver/STM8S_StdPeriph_Driver//src/stm8s_uart2.c: 531: UART2->DR   = (uint8_t)(Data);                    
      000586 7B 05            [ 1] 1071 	ld	a, (0x05, sp)
      000588 C7 52 41         [ 1] 1072 	ld	0x5241, a
                                   1073 ;	../..//StdPeriph_Driver/STM8S_StdPeriph_Driver//src/stm8s_uart2.c: 532: }
      00058B 84               [ 1] 1074 	pop	a
      00058C 81               [ 4] 1075 	ret
                                   1076 ;	../..//StdPeriph_Driver/STM8S_StdPeriph_Driver//src/stm8s_uart2.c: 539: void UART2_SendBreak(void)
                                   1077 ;	-----------------------------------------
                                   1078 ;	 function UART2_SendBreak
                                   1079 ;	-----------------------------------------
      00058D                       1080 _UART2_SendBreak:
                                   1081 ;	../..//StdPeriph_Driver/STM8S_StdPeriph_Driver//src/stm8s_uart2.c: 541: UART2->CR2 |= UART2_CR2_SBK;
      00058D 72 10 52 45      [ 1] 1082 	bset	21061, #0
                                   1083 ;	../..//StdPeriph_Driver/STM8S_StdPeriph_Driver//src/stm8s_uart2.c: 542: }
      000591 81               [ 4] 1084 	ret
                                   1085 ;	../..//StdPeriph_Driver/STM8S_StdPeriph_Driver//src/stm8s_uart2.c: 549: void UART2_SetAddress(uint8_t UART2_Address)
                                   1086 ;	-----------------------------------------
                                   1087 ;	 function UART2_SetAddress
                                   1088 ;	-----------------------------------------
      000592                       1089 _UART2_SetAddress:
                                   1090 ;	../..//StdPeriph_Driver/STM8S_StdPeriph_Driver//src/stm8s_uart2.c: 552: assert_param(IS_UART2_ADDRESS_OK(UART2_Address));
      000592 7B 03            [ 1] 1091 	ld	a, (0x03, sp)
      000594 A1 10            [ 1] 1092 	cp	a, #0x10
      000596 25 0F            [ 1] 1093 	jrc	00104$
      000598 4B 28            [ 1] 1094 	push	#0x28
      00059A 4B 02            [ 1] 1095 	push	#0x02
      00059C 5F               [ 1] 1096 	clrw	x
      00059D 89               [ 2] 1097 	pushw	x
      00059E 4Br00            [ 1] 1098 	push	#<(___str_0+0)
      0005A0 4Bs00            [ 1] 1099 	push	#((___str_0+0) >> 8)
      0005A2 CDr00r00         [ 4] 1100 	call	_assert_failed
      0005A5 5B 06            [ 2] 1101 	addw	sp, #6
      0005A7                       1102 00104$:
                                   1103 ;	../..//StdPeriph_Driver/STM8S_StdPeriph_Driver//src/stm8s_uart2.c: 555: UART2->CR4 &= ((uint8_t)~UART2_CR4_ADD);
      0005A7 C6 52 47         [ 1] 1104 	ld	a, 0x5247
      0005AA A4 F0            [ 1] 1105 	and	a, #0xf0
      0005AC C7 52 47         [ 1] 1106 	ld	0x5247, a
                                   1107 ;	../..//StdPeriph_Driver/STM8S_StdPeriph_Driver//src/stm8s_uart2.c: 557: UART2->CR4 |= UART2_Address;
      0005AF C6 52 47         [ 1] 1108 	ld	a, 0x5247
      0005B2 1A 03            [ 1] 1109 	or	a, (0x03, sp)
      0005B4 C7 52 47         [ 1] 1110 	ld	0x5247, a
                                   1111 ;	../..//StdPeriph_Driver/STM8S_StdPeriph_Driver//src/stm8s_uart2.c: 558: }
      0005B7 81               [ 4] 1112 	ret
                                   1113 ;	../..//StdPeriph_Driver/STM8S_StdPeriph_Driver//src/stm8s_uart2.c: 566: void UART2_SetGuardTime(uint8_t UART2_GuardTime)
                                   1114 ;	-----------------------------------------
                                   1115 ;	 function UART2_SetGuardTime
                                   1116 ;	-----------------------------------------
      0005B8                       1117 _UART2_SetGuardTime:
                                   1118 ;	../..//StdPeriph_Driver/STM8S_StdPeriph_Driver//src/stm8s_uart2.c: 569: UART2->GTR = UART2_GuardTime;
      0005B8 AE 52 4A         [ 2] 1119 	ldw	x, #0x524a
      0005BB 7B 03            [ 1] 1120 	ld	a, (0x03, sp)
      0005BD F7               [ 1] 1121 	ld	(x), a
                                   1122 ;	../..//StdPeriph_Driver/STM8S_StdPeriph_Driver//src/stm8s_uart2.c: 570: }
      0005BE 81               [ 4] 1123 	ret
                                   1124 ;	../..//StdPeriph_Driver/STM8S_StdPeriph_Driver//src/stm8s_uart2.c: 594: void UART2_SetPrescaler(uint8_t UART2_Prescaler)
                                   1125 ;	-----------------------------------------
                                   1126 ;	 function UART2_SetPrescaler
                                   1127 ;	-----------------------------------------
      0005BF                       1128 _UART2_SetPrescaler:
                                   1129 ;	../..//StdPeriph_Driver/STM8S_StdPeriph_Driver//src/stm8s_uart2.c: 597: UART2->PSCR = UART2_Prescaler;
      0005BF AE 52 4B         [ 2] 1130 	ldw	x, #0x524b
      0005C2 7B 03            [ 1] 1131 	ld	a, (0x03, sp)
      0005C4 F7               [ 1] 1132 	ld	(x), a
                                   1133 ;	../..//StdPeriph_Driver/STM8S_StdPeriph_Driver//src/stm8s_uart2.c: 598: }
      0005C5 81               [ 4] 1134 	ret
                                   1135 ;	../..//StdPeriph_Driver/STM8S_StdPeriph_Driver//src/stm8s_uart2.c: 606: FlagStatus UART2_GetFlagStatus(UART2_Flag_TypeDef UART2_FLAG)
                                   1136 ;	-----------------------------------------
                                   1137 ;	 function UART2_GetFlagStatus
                                   1138 ;	-----------------------------------------
      0005C6                       1139 _UART2_GetFlagStatus:
      0005C6 52 04            [ 2] 1140 	sub	sp, #4
                                   1141 ;	../..//StdPeriph_Driver/STM8S_StdPeriph_Driver//src/stm8s_uart2.c: 611: assert_param(IS_UART2_FLAG_OK(UART2_FLAG));
      0005C8 1E 07            [ 2] 1142 	ldw	x, (0x07, sp)
      0005CA A3 01 01         [ 2] 1143 	cpw	x, #0x0101
      0005CD 26 05            [ 1] 1144 	jrne	00256$
      0005CF A6 01            [ 1] 1145 	ld	a, #0x01
      0005D1 6B 01            [ 1] 1146 	ld	(0x01, sp), a
      0005D3 C5                    1147 	.byte 0xc5
      0005D4                       1148 00256$:
      0005D4 0F 01            [ 1] 1149 	clr	(0x01, sp)
      0005D6                       1150 00257$:
      0005D6 A3 03 01         [ 2] 1151 	cpw	x, #0x0301
      0005D9 26 05            [ 1] 1152 	jrne	00259$
      0005DB A6 01            [ 1] 1153 	ld	a, #0x01
      0005DD 6B 02            [ 1] 1154 	ld	(0x02, sp), a
      0005DF C5                    1155 	.byte 0xc5
      0005E0                       1156 00259$:
      0005E0 0F 02            [ 1] 1157 	clr	(0x02, sp)
      0005E2                       1158 00260$:
      0005E2 A3 03 02         [ 2] 1159 	cpw	x, #0x0302
      0005E5 26 05            [ 1] 1160 	jrne	00262$
      0005E7 A6 01            [ 1] 1161 	ld	a, #0x01
      0005E9 6B 03            [ 1] 1162 	ld	(0x03, sp), a
      0005EB C5                    1163 	.byte 0xc5
      0005EC                       1164 00262$:
      0005EC 0F 03            [ 1] 1165 	clr	(0x03, sp)
      0005EE                       1166 00263$:
      0005EE A3 02 10         [ 2] 1167 	cpw	x, #0x0210
      0005F1 26 03            [ 1] 1168 	jrne	00265$
      0005F3 A6 01            [ 1] 1169 	ld	a, #0x01
      0005F5 21                    1170 	.byte 0x21
      0005F6                       1171 00265$:
      0005F6 4F               [ 1] 1172 	clr	a
      0005F7                       1173 00266$:
      0005F7 A3 00 80         [ 2] 1174 	cpw	x, #0x0080
      0005FA 27 41            [ 1] 1175 	jreq	00126$
      0005FC A3 00 40         [ 2] 1176 	cpw	x, #0x0040
      0005FF 27 3C            [ 1] 1177 	jreq	00126$
      000601 A3 00 20         [ 2] 1178 	cpw	x, #0x0020
      000604 27 37            [ 1] 1179 	jreq	00126$
      000606 A3 00 10         [ 2] 1180 	cpw	x, #0x0010
      000609 27 32            [ 1] 1181 	jreq	00126$
      00060B A3 00 08         [ 2] 1182 	cpw	x, #0x0008
      00060E 27 2D            [ 1] 1183 	jreq	00126$
      000610 A3 00 04         [ 2] 1184 	cpw	x, #0x0004
      000613 27 28            [ 1] 1185 	jreq	00126$
      000615 A3 00 02         [ 2] 1186 	cpw	x, #0x0002
      000618 27 23            [ 1] 1187 	jreq	00126$
      00061A 5A               [ 2] 1188 	decw	x
      00061B 27 20            [ 1] 1189 	jreq	00126$
      00061D 0D 01            [ 1] 1190 	tnz	(0x01, sp)
      00061F 26 1C            [ 1] 1191 	jrne	00126$
      000621 0D 02            [ 1] 1192 	tnz	(0x02, sp)
      000623 26 18            [ 1] 1193 	jrne	00126$
      000625 0D 03            [ 1] 1194 	tnz	(0x03, sp)
      000627 26 14            [ 1] 1195 	jrne	00126$
      000629 4D               [ 1] 1196 	tnz	a
      00062A 26 11            [ 1] 1197 	jrne	00126$
      00062C 88               [ 1] 1198 	push	a
      00062D 4B 63            [ 1] 1199 	push	#0x63
      00062F 4B 02            [ 1] 1200 	push	#0x02
      000631 5F               [ 1] 1201 	clrw	x
      000632 89               [ 2] 1202 	pushw	x
      000633 4Br00            [ 1] 1203 	push	#<(___str_0+0)
      000635 4Bs00            [ 1] 1204 	push	#((___str_0+0) >> 8)
      000637 CDr00r00         [ 4] 1205 	call	_assert_failed
      00063A 5B 06            [ 2] 1206 	addw	sp, #6
      00063C 84               [ 1] 1207 	pop	a
      00063D                       1208 00126$:
                                   1209 ;	../..//StdPeriph_Driver/STM8S_StdPeriph_Driver//src/stm8s_uart2.c: 616: if ((UART2->CR4 & (uint8_t)UART2_FLAG) != (uint8_t)0x00)
      00063D 88               [ 1] 1210 	push	a
      00063E 7B 09            [ 1] 1211 	ld	a, (0x09, sp)
      000640 6B 05            [ 1] 1212 	ld	(0x05, sp), a
      000642 84               [ 1] 1213 	pop	a
                                   1214 ;	../..//StdPeriph_Driver/STM8S_StdPeriph_Driver//src/stm8s_uart2.c: 614: if (UART2_FLAG == UART2_FLAG_LBDF)
      000643 4D               [ 1] 1215 	tnz	a
      000644 27 0E            [ 1] 1216 	jreq	00121$
                                   1217 ;	../..//StdPeriph_Driver/STM8S_StdPeriph_Driver//src/stm8s_uart2.c: 616: if ((UART2->CR4 & (uint8_t)UART2_FLAG) != (uint8_t)0x00)
      000646 C6 52 47         [ 1] 1218 	ld	a, 0x5247
      000649 14 04            [ 1] 1219 	and	a, (0x04, sp)
      00064B 27 04            [ 1] 1220 	jreq	00102$
                                   1221 ;	../..//StdPeriph_Driver/STM8S_StdPeriph_Driver//src/stm8s_uart2.c: 619: status = SET;
      00064D A6 01            [ 1] 1222 	ld	a, #0x01
      00064F 20 36            [ 2] 1223 	jra	00122$
      000651                       1224 00102$:
                                   1225 ;	../..//StdPeriph_Driver/STM8S_StdPeriph_Driver//src/stm8s_uart2.c: 624: status = RESET;
      000651 4F               [ 1] 1226 	clr	a
      000652 20 33            [ 2] 1227 	jra	00122$
      000654                       1228 00121$:
                                   1229 ;	../..//StdPeriph_Driver/STM8S_StdPeriph_Driver//src/stm8s_uart2.c: 627: else if (UART2_FLAG == UART2_FLAG_SBK)
      000654 7B 01            [ 1] 1230 	ld	a, (0x01, sp)
      000656 27 0E            [ 1] 1231 	jreq	00118$
                                   1232 ;	../..//StdPeriph_Driver/STM8S_StdPeriph_Driver//src/stm8s_uart2.c: 629: if ((UART2->CR2 & (uint8_t)UART2_FLAG) != (uint8_t)0x00)
      000658 C6 52 45         [ 1] 1233 	ld	a, 0x5245
      00065B 14 04            [ 1] 1234 	and	a, (0x04, sp)
      00065D 27 04            [ 1] 1235 	jreq	00105$
                                   1236 ;	../..//StdPeriph_Driver/STM8S_StdPeriph_Driver//src/stm8s_uart2.c: 632: status = SET;
      00065F A6 01            [ 1] 1237 	ld	a, #0x01
      000661 20 24            [ 2] 1238 	jra	00122$
      000663                       1239 00105$:
                                   1240 ;	../..//StdPeriph_Driver/STM8S_StdPeriph_Driver//src/stm8s_uart2.c: 637: status = RESET;
      000663 4F               [ 1] 1241 	clr	a
      000664 20 21            [ 2] 1242 	jra	00122$
      000666                       1243 00118$:
                                   1244 ;	../..//StdPeriph_Driver/STM8S_StdPeriph_Driver//src/stm8s_uart2.c: 640: else if ((UART2_FLAG == UART2_FLAG_LHDF) || (UART2_FLAG == UART2_FLAG_LSF))
      000666 7B 03            [ 1] 1245 	ld	a, (0x03, sp)
      000668 26 04            [ 1] 1246 	jrne	00113$
      00066A 7B 02            [ 1] 1247 	ld	a, (0x02, sp)
      00066C 27 0E            [ 1] 1248 	jreq	00114$
      00066E                       1249 00113$:
                                   1250 ;	../..//StdPeriph_Driver/STM8S_StdPeriph_Driver//src/stm8s_uart2.c: 642: if ((UART2->CR6 & (uint8_t)UART2_FLAG) != (uint8_t)0x00)
      00066E C6 52 49         [ 1] 1251 	ld	a, 0x5249
      000671 14 04            [ 1] 1252 	and	a, (0x04, sp)
      000673 27 04            [ 1] 1253 	jreq	00108$
                                   1254 ;	../..//StdPeriph_Driver/STM8S_StdPeriph_Driver//src/stm8s_uart2.c: 645: status = SET;
      000675 A6 01            [ 1] 1255 	ld	a, #0x01
      000677 20 0E            [ 2] 1256 	jra	00122$
      000679                       1257 00108$:
                                   1258 ;	../..//StdPeriph_Driver/STM8S_StdPeriph_Driver//src/stm8s_uart2.c: 650: status = RESET;
      000679 4F               [ 1] 1259 	clr	a
      00067A 20 0B            [ 2] 1260 	jra	00122$
      00067C                       1261 00114$:
                                   1262 ;	../..//StdPeriph_Driver/STM8S_StdPeriph_Driver//src/stm8s_uart2.c: 655: if ((UART2->SR & (uint8_t)UART2_FLAG) != (uint8_t)0x00)
      00067C C6 52 40         [ 1] 1263 	ld	a, 0x5240
      00067F 14 04            [ 1] 1264 	and	a, (0x04, sp)
      000681 27 03            [ 1] 1265 	jreq	00111$
                                   1266 ;	../..//StdPeriph_Driver/STM8S_StdPeriph_Driver//src/stm8s_uart2.c: 658: status = SET;
      000683 A6 01            [ 1] 1267 	ld	a, #0x01
                                   1268 ;	../..//StdPeriph_Driver/STM8S_StdPeriph_Driver//src/stm8s_uart2.c: 663: status = RESET;
      000685 21                    1269 	.byte 0x21
      000686                       1270 00111$:
      000686 4F               [ 1] 1271 	clr	a
      000687                       1272 00122$:
                                   1273 ;	../..//StdPeriph_Driver/STM8S_StdPeriph_Driver//src/stm8s_uart2.c: 668: return  status;
                                   1274 ;	../..//StdPeriph_Driver/STM8S_StdPeriph_Driver//src/stm8s_uart2.c: 669: }
      000687 5B 04            [ 2] 1275 	addw	sp, #4
      000689 81               [ 4] 1276 	ret
                                   1277 ;	../..//StdPeriph_Driver/STM8S_StdPeriph_Driver//src/stm8s_uart2.c: 699: void UART2_ClearFlag(UART2_Flag_TypeDef UART2_FLAG)
                                   1278 ;	-----------------------------------------
                                   1279 ;	 function UART2_ClearFlag
                                   1280 ;	-----------------------------------------
      00068A                       1281 _UART2_ClearFlag:
      00068A 52 03            [ 2] 1282 	sub	sp, #3
                                   1283 ;	../..//StdPeriph_Driver/STM8S_StdPeriph_Driver//src/stm8s_uart2.c: 701: assert_param(IS_UART2_CLEAR_FLAG_OK(UART2_FLAG));
      00068C 1E 06            [ 2] 1284 	ldw	x, (0x06, sp)
      00068E A3 00 20         [ 2] 1285 	cpw	x, #0x0020
      000691 26 05            [ 1] 1286 	jrne	00159$
      000693 A6 01            [ 1] 1287 	ld	a, #0x01
      000695 6B 01            [ 1] 1288 	ld	(0x01, sp), a
      000697 C5                    1289 	.byte 0xc5
      000698                       1290 00159$:
      000698 0F 01            [ 1] 1291 	clr	(0x01, sp)
      00069A                       1292 00160$:
      00069A A3 03 02         [ 2] 1293 	cpw	x, #0x0302
      00069D 26 05            [ 1] 1294 	jrne	00162$
      00069F A6 01            [ 1] 1295 	ld	a, #0x01
      0006A1 6B 02            [ 1] 1296 	ld	(0x02, sp), a
      0006A3 C5                    1297 	.byte 0xc5
      0006A4                       1298 00162$:
      0006A4 0F 02            [ 1] 1299 	clr	(0x02, sp)
      0006A6                       1300 00163$:
      0006A6 A3 02 10         [ 2] 1301 	cpw	x, #0x0210
      0006A9 26 05            [ 1] 1302 	jrne	00165$
      0006AB A6 01            [ 1] 1303 	ld	a, #0x01
      0006AD 6B 03            [ 1] 1304 	ld	(0x03, sp), a
      0006AF C5                    1305 	.byte 0xc5
      0006B0                       1306 00165$:
      0006B0 0F 03            [ 1] 1307 	clr	(0x03, sp)
      0006B2                       1308 00166$:
      0006B2 0D 01            [ 1] 1309 	tnz	(0x01, sp)
      0006B4 26 1C            [ 1] 1310 	jrne	00113$
      0006B6 0D 02            [ 1] 1311 	tnz	(0x02, sp)
      0006B8 26 18            [ 1] 1312 	jrne	00113$
      0006BA A3 03 01         [ 2] 1313 	cpw	x, #0x0301
      0006BD 27 13            [ 1] 1314 	jreq	00113$
      0006BF 0D 03            [ 1] 1315 	tnz	(0x03, sp)
      0006C1 26 0F            [ 1] 1316 	jrne	00113$
      0006C3 4B BD            [ 1] 1317 	push	#0xbd
      0006C5 4B 02            [ 1] 1318 	push	#0x02
      0006C7 5F               [ 1] 1319 	clrw	x
      0006C8 89               [ 2] 1320 	pushw	x
      0006C9 4Br00            [ 1] 1321 	push	#<(___str_0+0)
      0006CB 4Bs00            [ 1] 1322 	push	#((___str_0+0) >> 8)
      0006CD CDr00r00         [ 4] 1323 	call	_assert_failed
      0006D0 5B 06            [ 2] 1324 	addw	sp, #6
      0006D2                       1325 00113$:
                                   1326 ;	../..//StdPeriph_Driver/STM8S_StdPeriph_Driver//src/stm8s_uart2.c: 704: if (UART2_FLAG == UART2_FLAG_RXNE)
      0006D2 7B 01            [ 1] 1327 	ld	a, (0x01, sp)
      0006D4 27 06            [ 1] 1328 	jreq	00108$
                                   1329 ;	../..//StdPeriph_Driver/STM8S_StdPeriph_Driver//src/stm8s_uart2.c: 706: UART2->SR = (uint8_t)~(UART2_SR_RXNE);
      0006D6 35 DF 52 40      [ 1] 1330 	mov	0x5240+0, #0xdf
      0006DA 20 20            [ 2] 1331 	jra	00110$
      0006DC                       1332 00108$:
                                   1333 ;	../..//StdPeriph_Driver/STM8S_StdPeriph_Driver//src/stm8s_uart2.c: 709: else if (UART2_FLAG == UART2_FLAG_LBDF)
      0006DC 7B 03            [ 1] 1334 	ld	a, (0x03, sp)
      0006DE 27 06            [ 1] 1335 	jreq	00105$
                                   1336 ;	../..//StdPeriph_Driver/STM8S_StdPeriph_Driver//src/stm8s_uart2.c: 711: UART2->CR4 &= (uint8_t)(~UART2_CR4_LBDF);
      0006E0 72 19 52 47      [ 1] 1337 	bres	21063, #4
      0006E4 20 16            [ 2] 1338 	jra	00110$
      0006E6                       1339 00105$:
                                   1340 ;	../..//StdPeriph_Driver/STM8S_StdPeriph_Driver//src/stm8s_uart2.c: 716: UART2->CR6 &= (uint8_t)(~UART2_CR6_LHDF);
      0006E6 C6 52 49         [ 1] 1341 	ld	a, 0x5249
      0006E9 97               [ 1] 1342 	ld	xl, a
                                   1343 ;	../..//StdPeriph_Driver/STM8S_StdPeriph_Driver//src/stm8s_uart2.c: 714: else if (UART2_FLAG == UART2_FLAG_LHDF)
      0006EA 7B 02            [ 1] 1344 	ld	a, (0x02, sp)
      0006EC 27 08            [ 1] 1345 	jreq	00102$
                                   1346 ;	../..//StdPeriph_Driver/STM8S_StdPeriph_Driver//src/stm8s_uart2.c: 716: UART2->CR6 &= (uint8_t)(~UART2_CR6_LHDF);
      0006EE 9F               [ 1] 1347 	ld	a, xl
      0006EF A4 FD            [ 1] 1348 	and	a, #0xfd
      0006F1 C7 52 49         [ 1] 1349 	ld	0x5249, a
      0006F4 20 06            [ 2] 1350 	jra	00110$
      0006F6                       1351 00102$:
                                   1352 ;	../..//StdPeriph_Driver/STM8S_StdPeriph_Driver//src/stm8s_uart2.c: 721: UART2->CR6 &= (uint8_t)(~UART2_CR6_LSF);
      0006F6 9F               [ 1] 1353 	ld	a, xl
      0006F7 A4 FE            [ 1] 1354 	and	a, #0xfe
      0006F9 C7 52 49         [ 1] 1355 	ld	0x5249, a
      0006FC                       1356 00110$:
                                   1357 ;	../..//StdPeriph_Driver/STM8S_StdPeriph_Driver//src/stm8s_uart2.c: 723: }
      0006FC 5B 03            [ 2] 1358 	addw	sp, #3
      0006FE 81               [ 4] 1359 	ret
                                   1360 ;	../..//StdPeriph_Driver/STM8S_StdPeriph_Driver//src/stm8s_uart2.c: 738: ITStatus UART2_GetITStatus(UART2_IT_TypeDef UART2_IT)
                                   1361 ;	-----------------------------------------
                                   1362 ;	 function UART2_GetITStatus
                                   1363 ;	-----------------------------------------
      0006FF                       1364 _UART2_GetITStatus:
      0006FF 52 05            [ 2] 1365 	sub	sp, #5
                                   1366 ;	../..//StdPeriph_Driver/STM8S_StdPeriph_Driver//src/stm8s_uart2.c: 747: assert_param(IS_UART2_GET_IT_OK(UART2_IT));
      000701 1E 08            [ 2] 1367 	ldw	x, (0x08, sp)
      000703 A3 03 46         [ 2] 1368 	cpw	x, #0x0346
      000706 26 05            [ 1] 1369 	jrne	00247$
      000708 A6 01            [ 1] 1370 	ld	a, #0x01
      00070A 6B 01            [ 1] 1371 	ld	(0x01, sp), a
      00070C C5                    1372 	.byte 0xc5
      00070D                       1373 00247$:
      00070D 0F 01            [ 1] 1374 	clr	(0x01, sp)
      00070F                       1375 00248$:
      00070F A3 04 12         [ 2] 1376 	cpw	x, #0x0412
      000712 26 05            [ 1] 1377 	jrne	00250$
      000714 A6 01            [ 1] 1378 	ld	a, #0x01
      000716 6B 02            [ 1] 1379 	ld	(0x02, sp), a
      000718 C5                    1380 	.byte 0xc5
      000719                       1381 00250$:
      000719 0F 02            [ 1] 1382 	clr	(0x02, sp)
      00071B                       1383 00251$:
      00071B A3 01 00         [ 2] 1384 	cpw	x, #0x0100
      00071E 26 05            [ 1] 1385 	jrne	00253$
      000720 A6 01            [ 1] 1386 	ld	a, #0x01
      000722 6B 03            [ 1] 1387 	ld	(0x03, sp), a
      000724 C5                    1388 	.byte 0xc5
      000725                       1389 00253$:
      000725 0F 03            [ 1] 1390 	clr	(0x03, sp)
      000727                       1391 00254$:
      000727 A3 02 77         [ 2] 1392 	cpw	x, #0x0277
      00072A 27 2F            [ 1] 1393 	jreq	00129$
      00072C A3 02 66         [ 2] 1394 	cpw	x, #0x0266
      00072F 27 2A            [ 1] 1395 	jreq	00129$
      000731 A3 02 55         [ 2] 1396 	cpw	x, #0x0255
      000734 27 25            [ 1] 1397 	jreq	00129$
      000736 A3 02 44         [ 2] 1398 	cpw	x, #0x0244
      000739 27 20            [ 1] 1399 	jreq	00129$
      00073B A3 02 35         [ 2] 1400 	cpw	x, #0x0235
      00073E 27 1B            [ 1] 1401 	jreq	00129$
      000740 0D 01            [ 1] 1402 	tnz	(0x01, sp)
      000742 26 17            [ 1] 1403 	jrne	00129$
      000744 0D 02            [ 1] 1404 	tnz	(0x02, sp)
      000746 26 13            [ 1] 1405 	jrne	00129$
      000748 0D 03            [ 1] 1406 	tnz	(0x03, sp)
      00074A 26 0F            [ 1] 1407 	jrne	00129$
      00074C 4B EB            [ 1] 1408 	push	#0xeb
      00074E 4B 02            [ 1] 1409 	push	#0x02
      000750 5F               [ 1] 1410 	clrw	x
      000751 89               [ 2] 1411 	pushw	x
      000752 4Br00            [ 1] 1412 	push	#<(___str_0+0)
      000754 4Bs00            [ 1] 1413 	push	#((___str_0+0) >> 8)
      000756 CDr00r00         [ 4] 1414 	call	_assert_failed
      000759 5B 06            [ 2] 1415 	addw	sp, #6
      00075B                       1416 00129$:
                                   1417 ;	../..//StdPeriph_Driver/STM8S_StdPeriph_Driver//src/stm8s_uart2.c: 750: itpos = (uint8_t)((uint8_t)1 << (uint8_t)((uint8_t)UART2_IT & (uint8_t)0x0F));
      00075B 7B 09            [ 1] 1418 	ld	a, (0x09, sp)
      00075D 97               [ 1] 1419 	ld	xl, a
      00075E A4 0F            [ 1] 1420 	and	a, #0x0f
      000760 88               [ 1] 1421 	push	a
      000761 A6 01            [ 1] 1422 	ld	a, #0x01
      000763 6B 05            [ 1] 1423 	ld	(0x05, sp), a
      000765 84               [ 1] 1424 	pop	a
      000766 4D               [ 1] 1425 	tnz	a
      000767 27 05            [ 1] 1426 	jreq	00274$
      000769                       1427 00273$:
      000769 08 04            [ 1] 1428 	sll	(0x04, sp)
      00076B 4A               [ 1] 1429 	dec	a
      00076C 26 FB            [ 1] 1430 	jrne	00273$
      00076E                       1431 00274$:
                                   1432 ;	../..//StdPeriph_Driver/STM8S_StdPeriph_Driver//src/stm8s_uart2.c: 752: itmask1 = (uint8_t)((uint8_t)UART2_IT >> (uint8_t)4);
      00076E 9F               [ 1] 1433 	ld	a, xl
      00076F 4E               [ 1] 1434 	swap	a
      000770 A4 0F            [ 1] 1435 	and	a, #0x0f
                                   1436 ;	../..//StdPeriph_Driver/STM8S_StdPeriph_Driver//src/stm8s_uart2.c: 754: itmask2 = (uint8_t)((uint8_t)1 << itmask1);
      000772 88               [ 1] 1437 	push	a
      000773 A6 01            [ 1] 1438 	ld	a, #0x01
      000775 6B 06            [ 1] 1439 	ld	(0x06, sp), a
      000777 84               [ 1] 1440 	pop	a
      000778 4D               [ 1] 1441 	tnz	a
      000779 27 05            [ 1] 1442 	jreq	00276$
      00077B                       1443 00275$:
      00077B 08 05            [ 1] 1444 	sll	(0x05, sp)
      00077D 4A               [ 1] 1445 	dec	a
      00077E 26 FB            [ 1] 1446 	jrne	00275$
      000780                       1447 00276$:
                                   1448 ;	../..//StdPeriph_Driver/STM8S_StdPeriph_Driver//src/stm8s_uart2.c: 757: if (UART2_IT == UART2_IT_PE)
      000780 7B 03            [ 1] 1449 	ld	a, (0x03, sp)
      000782 27 18            [ 1] 1450 	jreq	00124$
                                   1451 ;	../..//StdPeriph_Driver/STM8S_StdPeriph_Driver//src/stm8s_uart2.c: 760: enablestatus = (uint8_t)((uint8_t)UART2->CR1 & itmask2);
      000784 C6 52 44         [ 1] 1452 	ld	a, 0x5244
      000787 14 05            [ 1] 1453 	and	a, (0x05, sp)
      000789 97               [ 1] 1454 	ld	xl, a
                                   1455 ;	../..//StdPeriph_Driver/STM8S_StdPeriph_Driver//src/stm8s_uart2.c: 763: if (((UART2->SR & itpos) != (uint8_t)0x00) && enablestatus)
      00078A C6 52 40         [ 1] 1456 	ld	a, 0x5240
      00078D 14 04            [ 1] 1457 	and	a, (0x04, sp)
      00078F 27 08            [ 1] 1458 	jreq	00102$
      000791 9F               [ 1] 1459 	ld	a, xl
      000792 4D               [ 1] 1460 	tnz	a
      000793 27 04            [ 1] 1461 	jreq	00102$
                                   1462 ;	../..//StdPeriph_Driver/STM8S_StdPeriph_Driver//src/stm8s_uart2.c: 766: pendingbitstatus = SET;
      000795 A6 01            [ 1] 1463 	ld	a, #0x01
      000797 20 50            [ 2] 1464 	jra	00125$
      000799                       1465 00102$:
                                   1466 ;	../..//StdPeriph_Driver/STM8S_StdPeriph_Driver//src/stm8s_uart2.c: 771: pendingbitstatus = RESET;
      000799 4F               [ 1] 1467 	clr	a
      00079A 20 4D            [ 2] 1468 	jra	00125$
      00079C                       1469 00124$:
                                   1470 ;	../..//StdPeriph_Driver/STM8S_StdPeriph_Driver//src/stm8s_uart2.c: 774: else if (UART2_IT == UART2_IT_LBDF)
      00079C 7B 01            [ 1] 1471 	ld	a, (0x01, sp)
      00079E 27 18            [ 1] 1472 	jreq	00121$
                                   1473 ;	../..//StdPeriph_Driver/STM8S_StdPeriph_Driver//src/stm8s_uart2.c: 777: enablestatus = (uint8_t)((uint8_t)UART2->CR4 & itmask2);
      0007A0 C6 52 47         [ 1] 1474 	ld	a, 0x5247
      0007A3 14 05            [ 1] 1475 	and	a, (0x05, sp)
      0007A5 97               [ 1] 1476 	ld	xl, a
                                   1477 ;	../..//StdPeriph_Driver/STM8S_StdPeriph_Driver//src/stm8s_uart2.c: 779: if (((UART2->CR4 & itpos) != (uint8_t)0x00) && enablestatus)
      0007A6 C6 52 47         [ 1] 1478 	ld	a, 0x5247
      0007A9 14 04            [ 1] 1479 	and	a, (0x04, sp)
      0007AB 27 08            [ 1] 1480 	jreq	00106$
      0007AD 9F               [ 1] 1481 	ld	a, xl
      0007AE 4D               [ 1] 1482 	tnz	a
      0007AF 27 04            [ 1] 1483 	jreq	00106$
                                   1484 ;	../..//StdPeriph_Driver/STM8S_StdPeriph_Driver//src/stm8s_uart2.c: 782: pendingbitstatus = SET;
      0007B1 A6 01            [ 1] 1485 	ld	a, #0x01
      0007B3 20 34            [ 2] 1486 	jra	00125$
      0007B5                       1487 00106$:
                                   1488 ;	../..//StdPeriph_Driver/STM8S_StdPeriph_Driver//src/stm8s_uart2.c: 787: pendingbitstatus = RESET;
      0007B5 4F               [ 1] 1489 	clr	a
      0007B6 20 31            [ 2] 1490 	jra	00125$
      0007B8                       1491 00121$:
                                   1492 ;	../..//StdPeriph_Driver/STM8S_StdPeriph_Driver//src/stm8s_uart2.c: 790: else if (UART2_IT == UART2_IT_LHDF)
      0007B8 7B 02            [ 1] 1493 	ld	a, (0x02, sp)
      0007BA 27 18            [ 1] 1494 	jreq	00118$
                                   1495 ;	../..//StdPeriph_Driver/STM8S_StdPeriph_Driver//src/stm8s_uart2.c: 793: enablestatus = (uint8_t)((uint8_t)UART2->CR6 & itmask2);
      0007BC C6 52 49         [ 1] 1496 	ld	a, 0x5249
      0007BF 14 05            [ 1] 1497 	and	a, (0x05, sp)
      0007C1 97               [ 1] 1498 	ld	xl, a
                                   1499 ;	../..//StdPeriph_Driver/STM8S_StdPeriph_Driver//src/stm8s_uart2.c: 795: if (((UART2->CR6 & itpos) != (uint8_t)0x00) && enablestatus)
      0007C2 C6 52 49         [ 1] 1500 	ld	a, 0x5249
      0007C5 14 04            [ 1] 1501 	and	a, (0x04, sp)
      0007C7 27 08            [ 1] 1502 	jreq	00110$
      0007C9 9F               [ 1] 1503 	ld	a, xl
      0007CA 4D               [ 1] 1504 	tnz	a
      0007CB 27 04            [ 1] 1505 	jreq	00110$
                                   1506 ;	../..//StdPeriph_Driver/STM8S_StdPeriph_Driver//src/stm8s_uart2.c: 798: pendingbitstatus = SET;
      0007CD A6 01            [ 1] 1507 	ld	a, #0x01
      0007CF 20 18            [ 2] 1508 	jra	00125$
      0007D1                       1509 00110$:
                                   1510 ;	../..//StdPeriph_Driver/STM8S_StdPeriph_Driver//src/stm8s_uart2.c: 803: pendingbitstatus = RESET;
      0007D1 4F               [ 1] 1511 	clr	a
      0007D2 20 15            [ 2] 1512 	jra	00125$
      0007D4                       1513 00118$:
                                   1514 ;	../..//StdPeriph_Driver/STM8S_StdPeriph_Driver//src/stm8s_uart2.c: 809: enablestatus = (uint8_t)((uint8_t)UART2->CR2 & itmask2);
      0007D4 C6 52 45         [ 1] 1515 	ld	a, 0x5245
      0007D7 14 05            [ 1] 1516 	and	a, (0x05, sp)
      0007D9 97               [ 1] 1517 	ld	xl, a
                                   1518 ;	../..//StdPeriph_Driver/STM8S_StdPeriph_Driver//src/stm8s_uart2.c: 811: if (((UART2->SR & itpos) != (uint8_t)0x00) && enablestatus)
      0007DA C6 52 40         [ 1] 1519 	ld	a, 0x5240
      0007DD 14 04            [ 1] 1520 	and	a, (0x04, sp)
      0007DF 27 07            [ 1] 1521 	jreq	00114$
      0007E1 9F               [ 1] 1522 	ld	a, xl
      0007E2 4D               [ 1] 1523 	tnz	a
      0007E3 27 03            [ 1] 1524 	jreq	00114$
                                   1525 ;	../..//StdPeriph_Driver/STM8S_StdPeriph_Driver//src/stm8s_uart2.c: 814: pendingbitstatus = SET;
      0007E5 A6 01            [ 1] 1526 	ld	a, #0x01
                                   1527 ;	../..//StdPeriph_Driver/STM8S_StdPeriph_Driver//src/stm8s_uart2.c: 819: pendingbitstatus = RESET;
      0007E7 21                    1528 	.byte 0x21
      0007E8                       1529 00114$:
      0007E8 4F               [ 1] 1530 	clr	a
      0007E9                       1531 00125$:
                                   1532 ;	../..//StdPeriph_Driver/STM8S_StdPeriph_Driver//src/stm8s_uart2.c: 823: return  pendingbitstatus;
                                   1533 ;	../..//StdPeriph_Driver/STM8S_StdPeriph_Driver//src/stm8s_uart2.c: 824: }
      0007E9 5B 05            [ 2] 1534 	addw	sp, #5
      0007EB 81               [ 4] 1535 	ret
                                   1536 ;	../..//StdPeriph_Driver/STM8S_StdPeriph_Driver//src/stm8s_uart2.c: 852: void UART2_ClearITPendingBit(UART2_IT_TypeDef UART2_IT)
                                   1537 ;	-----------------------------------------
                                   1538 ;	 function UART2_ClearITPendingBit
                                   1539 ;	-----------------------------------------
      0007EC                       1540 _UART2_ClearITPendingBit:
      0007EC 88               [ 1] 1541 	push	a
                                   1542 ;	../..//StdPeriph_Driver/STM8S_StdPeriph_Driver//src/stm8s_uart2.c: 854: assert_param(IS_UART2_CLEAR_IT_OK(UART2_IT));
      0007ED 1E 04            [ 2] 1543 	ldw	x, (0x04, sp)
      0007EF A3 02 55         [ 2] 1544 	cpw	x, #0x0255
      0007F2 26 03            [ 1] 1545 	jrne	00143$
      0007F4 A6 01            [ 1] 1546 	ld	a, #0x01
      0007F6 21                    1547 	.byte 0x21
      0007F7                       1548 00143$:
      0007F7 4F               [ 1] 1549 	clr	a
      0007F8                       1550 00144$:
      0007F8 A3 03 46         [ 2] 1551 	cpw	x, #0x0346
      0007FB 26 07            [ 1] 1552 	jrne	00146$
      0007FD 88               [ 1] 1553 	push	a
      0007FE A6 01            [ 1] 1554 	ld	a, #0x01
      000800 6B 02            [ 1] 1555 	ld	(0x02, sp), a
      000802 84               [ 1] 1556 	pop	a
      000803 C5                    1557 	.byte 0xc5
      000804                       1558 00146$:
      000804 0F 01            [ 1] 1559 	clr	(0x01, sp)
      000806                       1560 00147$:
      000806 4D               [ 1] 1561 	tnz	a
      000807 26 1A            [ 1] 1562 	jrne	00110$
      000809 A3 04 12         [ 2] 1563 	cpw	x, #0x0412
      00080C 27 15            [ 1] 1564 	jreq	00110$
      00080E 0D 01            [ 1] 1565 	tnz	(0x01, sp)
      000810 26 11            [ 1] 1566 	jrne	00110$
      000812 88               [ 1] 1567 	push	a
      000813 4B 56            [ 1] 1568 	push	#0x56
      000815 4B 03            [ 1] 1569 	push	#0x03
      000817 5F               [ 1] 1570 	clrw	x
      000818 89               [ 2] 1571 	pushw	x
      000819 4Br00            [ 1] 1572 	push	#<(___str_0+0)
      00081B 4Bs00            [ 1] 1573 	push	#((___str_0+0) >> 8)
      00081D CDr00r00         [ 4] 1574 	call	_assert_failed
      000820 5B 06            [ 2] 1575 	addw	sp, #6
      000822 84               [ 1] 1576 	pop	a
      000823                       1577 00110$:
                                   1578 ;	../..//StdPeriph_Driver/STM8S_StdPeriph_Driver//src/stm8s_uart2.c: 857: if (UART2_IT == UART2_IT_RXNE)
      000823 4D               [ 1] 1579 	tnz	a
      000824 27 06            [ 1] 1580 	jreq	00105$
                                   1581 ;	../..//StdPeriph_Driver/STM8S_StdPeriph_Driver//src/stm8s_uart2.c: 859: UART2->SR = (uint8_t)~(UART2_SR_RXNE);
      000826 35 DF 52 40      [ 1] 1582 	mov	0x5240+0, #0xdf
      00082A 20 0E            [ 2] 1583 	jra	00107$
      00082C                       1584 00105$:
                                   1585 ;	../..//StdPeriph_Driver/STM8S_StdPeriph_Driver//src/stm8s_uart2.c: 862: else if (UART2_IT == UART2_IT_LBDF)
      00082C 7B 01            [ 1] 1586 	ld	a, (0x01, sp)
      00082E 27 06            [ 1] 1587 	jreq	00102$
                                   1588 ;	../..//StdPeriph_Driver/STM8S_StdPeriph_Driver//src/stm8s_uart2.c: 864: UART2->CR4 &= (uint8_t)~(UART2_CR4_LBDF);
      000830 72 19 52 47      [ 1] 1589 	bres	21063, #4
      000834 20 04            [ 2] 1590 	jra	00107$
      000836                       1591 00102$:
                                   1592 ;	../..//StdPeriph_Driver/STM8S_StdPeriph_Driver//src/stm8s_uart2.c: 869: UART2->CR6 &= (uint8_t)(~UART2_CR6_LHDF);
      000836 72 13 52 49      [ 1] 1593 	bres	21065, #1
      00083A                       1594 00107$:
                                   1595 ;	../..//StdPeriph_Driver/STM8S_StdPeriph_Driver//src/stm8s_uart2.c: 871: }
      00083A 84               [ 1] 1596 	pop	a
      00083B 81               [ 4] 1597 	ret
                                   1598 	.area CODE
                                   1599 	.area CONST
                                   1600 	.area CONST
      000000                       1601 ___str_0:
      000000 2E 2E 2F 2E 2E 2F 2F  1602 	.ascii "../..//StdPeriph_Driver/STM8S_StdPeriph_Driver//src/stm8s_ua"
             53 74 64 50 65 72 69
             70 68 5F 44 72 69 76
             65 72 2F 53 54 4D 38
             53 5F 53 74 64 50 65
             72 69 70 68 5F 44 72
             69 76 65 72 2F 2F 73
             72 63 2F 73 74 6D 38
             73 5F 75 61
      00003C 72 74 32 2E 63        1603 	.ascii "rt2.c"
      000041 00                    1604 	.db 0x00
                                   1605 	.area CODE
                                   1606 	.area INITIALIZER
                                   1607 	.area CABS (ABS)
